wavelength,k_ext,Av,Ak
0.1,52076.84652,3.594901183,19.78845185
0.1000991,51985.74569,3.588612429,19.75383485
0.1001983,51894.94592,3.582344457,19.71933224
0.1002976,51804.44777,3.576097307,19.68494425
0.100397,51714.25298,3.569871097,19.65067153
0.1004965,51624.36222,3.563665875,19.61651433
0.100596,51534.78005,3.557481955,19.5824744
0.1006957,51445.50362,3.55131914,19.54855064
0.1007955,51356.5359,3.545177637,19.51474419
0.1008954,51267.88039,3.539057684,19.48105637
0.1009954,51179.5344,3.532959099,19.44748617
0.1010954,51091.50061,3.526882065,19.4140346
0.1011956,51003.78111,3.520826726,19.38070245
0.1012959,50915.16129,3.514709238,19.34702819
0.1013963,50826.77221,3.508607678,19.31344161
0.1014968,50738.67611,3.502526343,19.27996637
0.1015973,50650.87437,3.496465327,19.24660297
0.101698,50563.36515,3.490424504,19.21335072
0.1017988,50476.15228,3.484404139,19.18021109
0.1018997,50389.2401,3.47840453,19.14718571
0.1020006,50302.62897,3.472425703,19.11427473
0.1021017,50216.31819,3.46646761,19.08147788
0.1022029,50130.31501,3.46053075,19.04879791
0.1023042,50044.7641,3.454625111,19.01628979
0.1024056,49963.12867,3.448989759,18.9852695
0.102507,49876.68429,3.443022443,18.95242188
0.1026086,49783.68665,3.436602751,18.91708412
0.1027103,49691.06371,3.430208925,18.88188873
0.1028121,49598.81949,3.423841242,18.84683726
0.1029139,49506.95267,3.417499611,18.81192919
0.1030159,49415.46412,3.411184092,18.77716486
0.103118,49324.35693,3.404894899,18.74254544
0.1032202,49233.62951,3.398631922,18.70807033
0.1033225,49143.28127,3.392395119,18.6737393
0.1034249,49053.31839,3.386184919,18.6395547
0.1035274,48963.2021,3.379964128,18.6053118
0.1036299,48872.00001,3.373668384,18.57065632
0.1037326,48781.17215,3.367398473,18.53614304
0.1038354,48690.72188,3.361154628,18.50177324
0.1039383,48600.65413,3.354937188,18.46754879
0.1040413,48510.96437,3.348745841,18.43346798
0.1041444,48421.66035,3.342581122,18.39953374
0.1042476,48332.74054,3.336442925,18.36574549
0.1043509,48244.20617,3.330331336,18.3321037
0.1044543,48156.0568,3.324246323,18.29860821
0.1045578,48068.29607,3.318188139,18.2652604
0.1046614,47980.92907,3.312157133,18.23206219
0.1047652,47894.15135,3.306166806,18.19908791
0.104869,47807.86854,3.300210643,18.16630169
0.1049729,47721.96065,3.294280362,18.13365792
0.1050769,47635.50906,3.288312548,18.10080757
0.105181,47549.05337,3.282344451,18.06795565
0.1052853,47462.91889,3.276398528,18.03522579
0.1053896,47377.1056,3.270474776,18.00261797
0.105494,47291.61418,3.264573244,17.97013246
0.1055986,47206.44541,3.258693984,17.93776956
0.1057032,47121.60363,3.252837296,17.9055309
0.105808,47037.08822,3.247003138,17.87341626
0.1059128,46952.79005,3.241183977,17.84138417
0.1060178,46868.00213,3.235331007,17.80916598
0.1061228,46783.52048,3.22949918,17.77706417
0.106228,46699.34207,3.223688285,17.74507759
0.1063332,46615.47469,3.217898861,17.71320919
0.1064386,46531.91564,3.212130722,17.68145796
0.1065441,46448.67234,3.206384378,17.6498267
0.1066497,46365.74299,3.200659707,17.61831474
0.1067553,46283.12845,3.194956768,17.58692241
0.1068611,46200.83723,3.189276147,17.55565293
0.106967,46118.8671,3.183617691,17.52450546
0.107073,46037.22128,3.177981623,17.49348122
0.1071791,45955.89796,3.172367818,17.46257953
0.1072853,45858.83295,3.165667352,17.42569623
0.1073916,45758.29475,3.15872713,17.38749316
0.1074981,45658.23927,3.15182023,17.34947352
0.1076046,45558.67419,3.144947182,17.31164022
0.1077112,45459.60698,3.138108503,17.2739961
0.107818,45361.11818,3.131309753,17.23657178
0.1079248,45264.50063,3.124640176,17.1998585
0.1080317,45168.37175,3.118004332,17.16333091
0.1081388,45072.69892,3.111399969,17.12697661
0.108246,44977.47219,3.104826401,17.09079183
0.1083532,44882.74944,3.098287623,17.05479854
0.1084606,44785.61381,3.091582283,17.0178884
0.1085681,44686.73858,3.084756857,16.98031724
0.1086757,44588.37854,3.077966995,16.94294184
0.1087833,44490.55152,3.071213927,16.90576898
0.1088911,44393.25987,3.064497816,16.86879956
0.108999,44296.51705,3.057819591,16.83203868
0.1091071,44200.32798,3.051179592,16.79548822
0.1092152,44104.69841,3.044578217,16.75915036
0.1093234,44009.63707,3.038016065,16.72302842
0.1094317,43915.14571,3.031493261,16.68712306
0.1095402,43821.23712,3.025010685,16.65143915
0.1096487,43732.11116,3.018858258,16.61757257
0.1097574,43648.59823,3.013093301,16.58583886
0.1098661,43565.49509,3.007356634,16.55426086
0.109975,43482.80788,3.001648677,16.52284091
0.110084,43400.54181,2.995969793,16.49158099
0.1101931,43318.6992,2.990320141,16.46048198
0.1103023,43237.29054,2.984700443,16.42954786
0.1104116,43156.31589,2.979110707,16.39877865
0.110521,43075.78301,2.973551465,16.36817732
0.1106305,42995.69651,2.968023038,16.3377456
0.1107401,42916.05855,2.962525574,16.30748432
0.1108499,42836.87205,2.957059275,16.27739459
0.1109597,42765.57188,2.952137374,16.25030156
0.1110697,42701.01423,2.947680915,16.22577058
0.1111797,42636.76654,2.943245851,16.20135738
0.1112899,42572.6972,2.9388231,16.17701196
0.1114002,42508.81369,2.934413176,16.15273714
0.1115106,42445.11597,2.930016078,16.12853293
0.1116211,42381.62174,2.925633027,16.10440603
0.1117317,42318.33051,2.921263989,16.08035628
0.1118424,42255.24894,2.916909424,16.05638619
0.1119532,42192.38004,2.91256954,16.03249691
0.1120642,42129.73125,2.90824485,16.00869127
0.1121752,42067.29391,2.903934757,15.98496598
0.1122864,42007.96361,2.899839145,15.96242132
0.1123976,41949.61891,2.895811569,15.94025118
0.112509,41891.42721,2.891794555,15.91813917
0.1126205,41833.39801,2.887788759,15.89608891
0.1127321,41775.53275,2.88379428,15.87410094
0.1128438,41717.8378,2.879811557,15.85217769
0.1129557,41660.31809,2.875840931,15.83032103
0.1130676,41602.97679,2.871882621,15.80853216
0.1131796,41545.81739,2.867936867,15.78681241
0.1132918,41488.84997,2.864004367,15.76516562
0.113404,41432.0713,2.860084895,15.74359054
0.1135164,41375.81863,2.856201734,15.72221533
0.1136289,41321.65433,2.852462734,15.70163368
0.1137415,41267.62962,2.848733371,15.68110507
0.1138542,41213.7408,2.845013388,15.66062809
0.113967,41159.99927,2.841303572,15.64020708
0.11408,41106.40764,2.837604105,15.61984303
0.114193,41052.97134,2.83391536,15.59953801
0.1143062,40999.68789,2.830237166,15.57929107
0.1144195,40946.56837,2.826570288,15.55910642
0.1145328,40893.61746,2.82291505,15.53898583
0.1146463,40840.83454,2.819271408,15.51892908
0.1147599,40788.22423,2.815639681,15.49893792
0.1148737,40739.73656,2.812292544,15.48051331
0.1149875,40693.55255,2.809104429,15.46296405
0.1151014,40647.5204,2.805926797,15.44547249
0.1152155,40601.63576,2.802759349,15.42803699
0.1153297,40555.90794,2.799602725,15.41066107
0.1154439,40510.33267,2.796456632,15.39334313
0.1155583,40464.91115,2.793321153,15.37608361
0.1156729,40419.64659,2.790196509,15.35888373
0.1157875,40374.53676,2.787082545,15.34174264
0.1159022,40329.58397,2.783979423,15.32466122
0.1160171,40284.78923,2.78088721,15.30763987
0.116132,40241.51323,2.777899838,15.29119561
0.1162471,40201.89067,2.775164665,15.27613961
0.1163623,40162.3863,2.772437651,15.26112852
0.1164776,40122.99899,2.769718717,15.24616191
0.116593,40083.73283,2.767008147,15.23124133
0.1167086,40044.58262,2.76430558,15.21636482
0.1168242,40005.55193,2.761611265,15.20153372
0.11694,39966.64139,2.758925243,15.18674827
0.1170559,39927.85092,2.756247509,15.17200845
0.1171719,39889.17721,2.753577836,15.157313
0.117288,39850.6259,2.750916612,15.14266406
0.1174042,39812.19326,2.74826358,15.12806021
0.1175205,39773.91436,2.74562116,15.11351477
0.117637,39735.89945,2.742996965,15.09906966
0.1177536,39698.00022,2.740380754,15.0846685
0.1178703,39660.15127,2.737768015,15.07028644
0.1179871,39622.41269,2.735162894,15.05594632
0.118104,39584.79412,2.732566058,15.04165181
0.118221,39547.29112,2.7299772,15.02740121
0.1183382,39509.90406,2.727396345,15.01319466
0.1184554,39472.63517,2.724823647,14.99903302
0.1185728,39435.48251,2.722258973,14.98491554
0.1186903,39398.44234,2.719702064,14.97084081
0.1188079,39361.52172,2.717153408,14.95681151
0.1189257,39324.22449,2.714578754,14.9426391
0.1190435,39285.28628,2.711890822,14.92784314
0.1191615,39246.48029,2.709212017,14.91309742
0.1192795,39207.80908,2.706542516,14.89840292
0.1193977,39169.27123,2.703882222,14.88375909
0.1195161,39130.87095,2.701231424,14.86916754
0.1196345,39092.60161,2.698589664,14.85462574
0.119753,39054.46652,2.695957172,14.84013495
0.1198717,39016.46952,2.693334213,14.82569664
0.1199905,38978.60535,2.690720423,14.8113088
0.1201094,38940.87497,2.688115868,14.7969718
0.1202284,38903.7185,2.685550931,14.78285288
0.1203476,38868.0818,2.683090905,14.76931145
0.1204668,38832.56597,2.680639222,14.75581594
0.1205862,38797.165,2.678195469,14.74236408
0.1207057,38761.88259,2.675759899,14.72895727
0.1208253,38726.71589,2.673332317,14.71559443
0.120945,38691.66796,2.670912934,14.70227673
0.1210649,38656.73403,2.66850142,14.68900234
0.1211848,38621.92274,2.666098372,14.67577455
0.1213049,38587.22269,2.663703004,14.66258903
0.1214251,38552.64139,2.661315832,14.64944863
0.1215455,38518.17913,2.658936879,14.63635347
0.1216659,38484.78412,2.656631597,14.62366385
0.1217865,38452.23916,2.654384996,14.61129723
0.1219072,38419.79642,2.652145451,14.59896946
0.122028,38387.44285,2.649912061,14.58667556
0.1221489,38355.19114,2.647685704,14.57442038
0.1222699,38323.03845,2.64546618,14.56220282
0.1223911,38290.97952,2.64325313,14.55002089
0.1225124,38259.01444,2.641046559,14.53787462
0.1226338,38227.1533,2.638847161,14.52576784
0.1227553,38195.38881,2.636654437,14.51369779
0.1228769,38163.70892,2.634467551,14.50165989
0.1229987,38132.14009,2.632288333,14.48966419
0.1231206,38102.91017,2.630270571,14.47855724
0.1232426,38073.77479,2.628259336,14.46748622
0.1233647,38044.72871,2.626254265,14.45644913
0.123487,38015.75336,2.624254076,14.44543891
0.1236093,37986.84656,2.622258619,14.43445474
0.1237318,37958.0363,2.620269826,14.42350726
0.1238544,37929.29104,2.618285521,14.41258447
0.1239772,37900.60174,2.616305079,14.40168295
0.1241,37872.02924,2.614332699,14.39082581
0.124223,37843.51241,2.612364162,14.37998983
0.1243461,37815.04499,2.610399036,14.36917262
0.1244693,37786.69415,2.608441958,14.35839971
0.1245926,37758.95275,2.60652695,14.34785837
0.1247161,37731.43476,2.604627364,14.33740194
0.1248397,37704.02645,2.602735349,14.32698717
0.1249634,37676.65713,2.600846026,14.31658723
0.1250872,37649.28482,2.598956496,14.30618614
0.1252112,37622.04151,2.597075871,14.29583408
0.1253353,37594.83503,2.595197788,14.285496
0.1254595,37567.6517,2.593321305,14.27516673
0.1255838,37540.61114,2.591454675,14.26489171
0.1257082,37513.59092,2.58958945,14.25462441
0.1258328,37486.57883,2.587724787,14.24436021
0.1259575,37460.7325,2.585940597,14.23453898
0.1260823,37435.9847,2.584232239,14.22513517
0.1262073,37411.22257,2.582522892,14.21572591
0.1263323,37386.64933,2.580826584,14.20638844
0.1264575,37362.06355,2.57912941,14.19704619
0.1265828,37337.4521,2.577430465,14.1876942
0.1267083,37313.0472,2.575745777,14.17842069
0.1268338,37288.61132,2.574058952,14.16913541
0.1269595,37264.21189,2.572374642,14.15986397
0.1270853,37239.9032,2.570696596,14.15062702
0.1272112,37215.6297,2.569020979,14.14140344
0.1273373,37191.35631,2.56734537,14.1321799
0.1274635,37167.8629,2.565723604,14.12325274
0.1275898,37144.94415,2.564141506,14.11454395
0.1277162,37122.22811,2.562573402,14.10591218
0.1278428,37099.3494,2.560994068,14.0972186
0.1279695,37076.80736,2.559437976,14.08865295
0.1280963,37054.0437,2.557866584,14.08000309
0.1282232,37031.59991,2.556317274,14.07147477
0.1283503,37008.902,2.554750421,14.06284989
0.1284775,36986.57295,2.553209031,14.05436517
0.1286048,36963.93859,2.551646566,14.04576444
0.1287322,36941.67057,2.550109388,14.03730291
0.1288598,36919.96549,2.548611072,14.0290553
0.1289875,36899.78322,2.547217876,14.02138633
0.1291153,36879.17123,2.545795015,14.01355406
0.1292432,36859.06878,2.544407329,14.00591542
0.1293713,36838.51578,2.542988541,13.99810558
0.1294995,36818.50994,2.541607524,13.99050365
0.1296278,36798.00942,2.540192358,13.98271374
0.1297563,36778.06241,2.538815402,13.97513417
0.1298849,36757.61993,2.537404244,13.96736632
0.1300136,36737.75945,2.536033261,13.95981962
0.1301424,36717.36984,2.534625752,13.95207187
0.1302714,36697.56171,2.533258383,13.94454506
0.1304005,36678.46628,2.531940212,13.93728908
0.1305297,36660.26786,2.530683962,13.93037394
0.130659,36641.62866,2.529397285,13.92329131
0.1307885,36623.52906,2.528147858,13.91641372
0.1309181,36604.96256,2.526866199,13.90935872
0.1310478,36586.89241,2.525618804,13.90249232
0.1311777,36568.39388,2.524341837,13.89546315
0.1313077,36550.31223,2.523093648,13.88859238
0.1314378,36531.9346,2.521825027,13.88160915
0.1315681,36513.92244,2.520581635,13.87476478
0.1316984,36495.5645,2.519314374,13.86778903
0.1318289,36477.95767,2.518098962,13.86109869
0.1319596,36461.24567,2.516945321,13.85474837
0.1320903,36444.8424,2.515812992,13.84851537
0.1322212,36428.27311,2.514669202,13.84221927
0.1323522,36411.93822,2.513541594,13.83601225
0.1324834,36395.3708,2.512397933,13.82971687
0.1326147,36379.13639,2.51127726,13.82354803
0.1327461,36362.54961,2.510132263,13.81724529
0.1328776,36346.21107,2.509004402,13.81103688
0.1330093,36329.82051,2.50787295,13.8048087
0.1331411,36313.63018,2.506755321,13.79865661
0.1332731,36297.17618,2.505619489,13.79240433
0.1334051,36281.2429,2.504519604,13.78634991
0.1335373,36265.91143,2.503461262,13.78052417
0.1336696,36251.09727,2.50243863,13.774895
0.1338021,36235.81037,2.501383364,13.7690862
0.1339347,36220.90085,2.50035415,13.7634208
0.1340674,36205.81411,2.499312702,13.75768806
0.1342003,36190.94939,2.49828658,13.75203968
0.1343332,36175.89061,2.497247061,13.74631755
0.1344664,36161.11348,2.496226986,13.74070246
0.1345996,36146.03896,2.495186382,13.73497436
0.134733,36131.31155,2.494169738,13.72937815
0.1348665,36116.55635,2.493151176,13.72377139
0.1350001,36102.35065,2.492170547,13.71837343
0.1351339,36088.67235,2.491226324,13.71317587
0.1352678,36074.69105,2.490261185,13.70786318
0.1354019,36061.10463,2.489323305,13.70270054
0.1355361,36047.16005,2.488360701,13.6974018
0.1356704,36033.54523,2.487420861,13.69222836
0.1358048,36019.71627,2.486466237,13.68697355
0.1359394,36006.05649,2.485523293,13.68178303
0.1360741,35992.36114,2.484577893,13.676579
0.1362089,35978.64787,2.483631257,13.67136816
0.1363439,35965.20899,2.482703561,13.66626157
0.136479,35951.94708,2.481788083,13.66122224
0.1366142,35939.44379,2.480924972,13.65647117
0.1367496,35927.19533,2.480079452,13.65181693
0.1368851,35914.96805,2.479235395,13.64717074
0.1370208,35902.71137,2.478389307,13.64251338
0.1371566,35890.50006,2.477546352,13.63787326
0.1372925,35878.30869,2.476704773,13.63324071
0.1374285,35866.03034,2.47585719,13.62857512
0.1375647,35853.99041,2.475026066,13.62400012
0.137701,35841.8405,2.474187348,13.61938332
0.1378375,35829.74656,2.473352495,13.6147878
0.1379741,35817.70693,2.472521391,13.61021291
0.1381108,35805.94936,2.471709758,13.60574521
0.1382476,35794.81805,2.470941356,13.60151547
0.1383846,35782.87385,2.470116839,13.59697685
0.1385218,35771.79578,2.469352112,13.59276734
0.138659,35759.84745,2.468527311,13.58822715
0.1387964,35748.3852,2.467736064,13.58387166
0.138934,35736.93623,2.466945733,13.57952121
0.1390717,35725.85613,2.466180866,13.57531093
0.1392095,35714.79787,2.465417507,13.57110895
0.1393474,35704.08215,2.464677793,13.56703713
0.1394855,35692.98986,2.463912084,13.56282222
0.1396237,35682.58863,2.46319408,13.55886991
0.1397621,35672.01317,2.462464049,13.55485138
0.1399006,35662.54807,2.461810666,13.55125478
0.1400392,35651.5734,2.461053078,13.54708457
0.140178,35642.56063,2.46043092,13.54365984
0.1403169,35631.23942,2.459649408,13.53935795
0.1404559,35622.62204,2.459054545,13.53608347
0.1405951,35610.89297,2.458244879,13.53162659
0.1407344,35602.12615,2.457639699,13.52829532
0.1408739,35590.79811,2.456857716,13.52399083
0.1410135,35582.01652,2.456251517,13.52065395
0.1411532,35571.04716,2.455494295,13.51648575
0.1412931,35562.47053,2.454902244,13.51322676
0.1414331,35553.04404,2.454251527,13.50964483
0.1415733,35546.17876,2.453777612,13.50703612
0.1417136,35537.09057,2.453150247,13.50358274
0.141854,35531.12421,2.452738386,13.50131561
0.1419946,35522.86324,2.452168125,13.49817656
0.1421353,35515.18907,2.451638372,13.49526048
0.1422761,35507.33166,2.451095969,13.49227478
0.1424171,35499.75542,2.450572976,13.48939592
0.1425582,35491.06436,2.449973026,13.48609344
0.1426995,35481.08833,2.449284374,13.48230269
0.1428409,35471.08853,2.44859408,13.47850291
0.1429824,35461.60166,2.447939195,13.47489804
0.1431241,35453.60516,2.447387191,13.47185948
0.143266,35444.71357,2.446773398,13.46848081
0.1434079,35437.02767,2.446242835,13.46556028
0.14355,35428.43156,2.44564944,13.46229388
0.1436923,35420.47772,2.44510038,13.45927153
0.1438347,35412.10488,2.444522398,13.45608998
0.1439772,35404.36033,2.443987786,13.45314716
0.1441199,35405.97097,2.444098969,13.45375918
0.1442627,35385.69007,2.442698965,13.44605273
0.1444056,35380.48999,2.44234,13.44407677
0.1445487,35362.52592,2.441099927,13.43725068
0.144692,35356.3741,2.440675263,13.43491308
0.1448354,35341.82532,2.43967095,13.42938475
0.1449789,35336.17335,2.439280791,13.42723709
0.1451226,35321.74302,2.438284655,13.42175377
0.1452664,35317.09991,2.437964138,13.41998945
0.1454103,35302.21281,2.436936471,13.41433257
0.1455544,35301.70902,2.436901694,13.41414114
0.1456986,35283.258,2.435628007,13.40713002
0.145843,35289.59841,2.436065691,13.40953928
0.1459875,35259.68822,2.434000969,13.39817384
0.1461322,35256.7421,2.433797597,13.39705436
0.146277,35230.77989,2.432005407,13.38718909
0.146422,35245.33039,2.433009838,13.39271807
0.1465671,35205.24603,2.430242786,13.37748659
0.1467123,35795.88325,2.471014887,13.60192023
0.1468577,35180.36707,2.428525375,13.36803295
0.1470032,35185.35752,2.428869869,13.36992925
0.1471489,35156.19991,2.426857098,13.35884977
0.1472947,35152.52126,2.426603158,13.35745194
0.1474407,35132.86965,2.425246594,13.34998461
0.1475868,35130.43534,2.425078552,13.34905961
0.147733,35110.23448,2.423684073,13.34138357
0.1478794,35110.10857,2.423675381,13.34133573
0.1480259,35089.2582,2.422236065,13.33341289
0.1481726,35094.06571,2.422567931,13.33523967
0.1483195,35070.13439,2.420915935,13.32614611
0.1484664,35086.06462,2.42201561,13.33219937
0.1486135,35051.6037,2.419636749,13.31910472
0.1487608,35057.36305,2.420034321,13.32129319
0.1489082,35033.59203,2.418393391,13.31226054
0.1490558,35038.26573,2.418716019,13.31403648
0.1492035,35004.20352,2.416364681,13.30109333
0.1493513,35103.98843,2.423252904,13.33901016
0.1494993,34970.1373,2.414013066,13.28814866
0.1496475,34969.41917,2.413963493,13.28787578
0.1497958,34937.53856,2.411762752,13.27576161
0.1499442,34928.78932,2.411158786,13.27243702
0.1500928,34905.75812,2.409568926,13.2636855
0.1502415,34906.87808,2.409646238,13.26411107
0.1503904,34875.64847,2.407490436,13.25224426
0.1505394,34891.46188,2.408582047,13.25825313
0.1506886,34845.84108,2.405432811,13.24091788
0.1508379,34846.91607,2.405507019,13.24132637
0.1509874,34816.89843,2.40343488,13.2299201
0.151137,34804.34768,2.402568493,13.22515099
0.1512868,34789.11526,2.401516988,13.21936289
0.1514367,34780.87314,2.400948028,13.216231
0.1515868,34764.01421,2.399784245,13.20982485
0.151737,34761.58542,2.399616584,13.20890195
0.1518874,34740.74427,2.398177905,13.20098261
0.1520379,34742.25146,2.398281947,13.20155532
0.1521885,34718.12372,2.396616392,13.19238713
0.1523393,34724.34532,2.397045874,13.19475125
0.1524903,34696.16619,2.395100649,13.18404358
0.1526414,35623.49083,2.459114518,13.53641359
0.1527927,34674.86521,2.393630227,13.17594952
0.1529441,34690.2434,2.394691794,13.18179301
0.1530956,34655.41066,2.392287266,13.16855707
0.1532473,34656.08616,2.392333896,13.16881375
0.1533992,34636.01351,2.390948267,13.16118643
0.1535512,34635.59122,2.390919116,13.16102596
0.1537034,34618.19007,2.389717902,13.15441378
0.1538557,34630.02068,2.390534578,13.15890924
0.1540081,34600.64467,2.388506731,13.14774678
0.1541607,34804.19532,2.402557975,13.2250931
0.1543135,34583.53556,2.387325677,13.14124556
0.1544664,34580.50129,2.387116219,13.14009258
0.1546195,34568.55706,2.386291701,13.13555395
0.1547727,34566.45907,2.386146875,13.13475674
0.1549261,34554.79836,2.385341928,13.13032584
0.1550796,34589.5251,2.38773914,13.1435215
0.1552333,34533.06126,2.383841401,13.12206606
0.1553871,34534.19353,2.383919563,13.1224963
0.1555411,34509.36687,2.382205761,13.11306253
0.1556952,34520.11883,2.382947976,13.11714812
0.1558495,34486.90535,2.380655226,13.10452748
0.1560039,34567.08563,2.386190127,13.13499483
0.1561585,34464.26695,2.379092482,13.09592521
0.1563133,34469.93006,2.37948341,13.09807711
0.1564682,34443.09922,2.377631258,13.08788178
0.1566232,34520.48317,2.382973127,13.11728656
0.1567784,34421.6364,2.376149665,13.07972622
0.1569338,34492.69765,2.381055073,13.10672847
0.1570893,34402.4092,2.374822398,13.07242016
0.157245,34414.48924,2.375656291,13.0770104
0.1574008,34384.81041,2.373607541,13.06573287
0.1575568,34481.41803,2.380276432,13.10244237
0.1577129,34366.69945,2.372357329,13.05885096
0.1578692,34416.10734,2.37576799,13.07762525
0.1580256,34350.47509,2.37123735,13.05268594
0.1581822,34364.69233,2.372218776,13.05808829
0.1583389,34333.92053,2.370094577,13.04639545
0.1584959,34402.77903,2.374847928,13.07256069
0.1586529,34319.30651,2.369085761,13.04084233
0.1588101,34346.84347,2.370986657,13.05130598
0.1589675,34305.25959,2.368116092,13.0355047
0.159125,34317.22756,2.36894225,13.04005236
0.1592827,34292.54344,2.367238288,13.03067275
0.1594405,34351.12666,2.371282328,13.05293353
0.1595985,34279.05146,2.366306927,13.02554599
0.1597567,34294.79855,2.36739396,13.03152966
0.159915,34266.96654,2.365472696,13.0209539
0.1600735,34301.10325,2.367829178,13.03392535
0.1602321,34250.16043,2.364312559,13.01456782
0.1603909,34334.9379,2.370164807,13.04678203
0.1605498,34233.17273,2.363139886,13.00811273
0.1607089,34252.73629,2.364490372,13.0155466
0.1608682,34215.57033,2.36192478,13.00142408
0.1610276,34365.47434,2.372272759,13.05838544
0.1611871,34198.94196,2.360776912,12.99510553
0.1613469,34314.71548,2.368768839,13.0390978
0.1615067,34181.29778,2.359558922,12.988401
0.1616668,34199.31213,2.360802465,12.99524619
0.161827,34164.90845,2.358427555,12.98217329
0.1619874,34230.39356,2.362948038,13.00705669
0.1621479,34147.64141,2.357235599,12.97561206
0.1623086,34216.95023,2.362020035,13.00194842
0.1624694,34133.01728,2.356226085,12.97005511
0.1626304,34159.96229,2.358086118,12.98029382
0.1627915,34117.9803,2.355188072,12.96434127
0.1629529,34155.19854,2.357757273,12.97848366
0.1631143,34103.94043,2.35421889,12.95900632
0.163276,34113.20158,2.354858193,12.96252542
0.1634378,34088.9055,2.353181018,12.95329326
0.1635997,34275.60496,2.366069013,13.02423637
0.1637618,34074.00616,2.352152506,12.94763173
0.1639241,34076.05019,2.352293607,12.94840843
0.1640866,34059.87529,2.351177042,12.9422622
0.1642492,34068.92996,2.351802093,12.94570285
0.1644119,34046.65851,2.350264679,12.93724002
0.1645748,34095.29815,2.353622307,12.95572238
0.1647379,34034.4124,2.349419321,12.93258667
0.1649012,34039.6222,2.349778957,12.93456632
0.1650646,34021.40194,2.3485212,12.92764288
0.1652281,34054.53964,2.350808719,12.94023473
0.1653919,34009.20513,2.347679246,12.92300827
0.1655558,34015.06557,2.348083796,12.92523515
0.1657198,33995.4426,2.346729209,12.91777871
0.165884,34007.10379,2.347534188,12.92220979
0.1660484,33983.15577,2.34588104,12.91310989
0.166213,34313.07615,2.368655675,13.03847488
0.1663777,33972.17589,2.345123091,12.90893769
0.1665425,34532.232,2.383784157,13.12175095
0.1667076,33962.64781,2.344465361,12.90531716
0.1668728,33996.0169,2.346768853,12.91799693
0.1670381,33954.10102,2.343875371,12.9020695
0.1672037,33980.07494,2.345668368,12.91193922
0.1673693,33946.57265,2.343355682,12.89920883
0.1675352,33969.75984,2.34495631,12.90801963
0.1677012,33940.07438,2.342907102,12.89673958
0.1678674,34572.66482,2.386575263,13.13711484
0.1680337,33936.59962,2.342667236,12.89541922
0.1682003,33958.75599,2.344196706,12.90383832
0.1683669,33933.5065,2.342453716,12.89424388
0.1685338,33959.63867,2.344257638,12.90417373
0.1687008,33930.71596,2.342261083,12.89318352
0.168868,33937.3092,2.342716219,12.89568885
0.1690353,33930.50574,2.342246572,12.89310364
0.1692028,33953.58989,2.343840086,12.90187528
0.1693705,33931.77997,2.342334533,12.89358783
0.1695383,33981.7829,2.34578627,12.91258822
0.1697063,33934.55231,2.342525909,12.89464127
0.1698745,33948.13655,2.343463639,12.89980309
0.1700428,33936.87622,2.34268633,12.89552432
0.1702113,33955.09503,2.343943987,12.90244721
0.17038,33940.82201,2.342958711,12.89702367
0.1705488,33949.72186,2.343573074,12.90040548
0.1707178,33944.32225,2.343200335,12.89835371
0.170887,34055.33277,2.350863469,12.94053611
0.1710563,33949.09927,2.343530096,12.90016891
0.1712258,33962.51866,2.344456446,12.90526808
0.1713955,33954.71309,2.343917622,12.90230208
0.1715653,33963.50972,2.34452486,12.90564467
0.1717354,33960.97387,2.344349808,12.90468109
0.1719055,33972.07644,2.345116226,12.9088999
0.1720759,33968.7083,2.344883721,12.90762006
0.1722464,34043.67231,2.350058539,12.9361053
0.1724171,33976.94545,2.345452337,12.91075006
0.1725879,33993.40883,2.346588816,12.9170059
0.172759,33985.44351,2.346038965,12.9139792
0.1729302,33994.09849,2.346636423,12.91726796
0.1731015,33994.13395,2.346638871,12.91728144
0.1732731,34000.98779,2.347111997,12.9198858
0.1734448,34002.93675,2.347246535,12.92062638
0.1736166,34019.03256,2.34835764,12.92674255
0.1737887,34011.76807,2.347856167,12.92398215
0.1739609,34085.95105,2.352977071,12.95217062
0.1741333,34021.45496,2.34852486,12.92766303
0.1743058,34031.93637,2.349248399,12.93164581
0.1744786,34031.1057,2.349191057,12.93133017
0.1746515,34039.45358,2.349767317,12.93450225
0.1748245,34040.6936,2.349852916,12.93497343
0.1749978,34093.89394,2.353525373,12.9551888
0.1751712,34050.27997,2.350514671,12.93861612
0.1753448,34109.10037,2.354575084,12.96096702
0.1755185,34059.95578,2.351182599,12.94229279
0.1756924,34070.35562,2.351900507,12.94624458
0.1758665,34069.87848,2.351867569,12.94606327
0.1760408,34078.73963,2.352479261,12.94943038
0.1762153,34080.2982,2.35258685,12.95002261
0.1763899,34098.00208,2.353808961,12.95674983
0.1765647,34091.10348,2.353332746,12.95412846
0.1767396,34121.17662,2.355408716,12.96555582
0.1769148,34102.33576,2.354108118,12.95839657
0.1770901,34111.1992,2.354719967,12.96176455
0.1772656,34114.00218,2.354913459,12.96282964
0.1774412,34122.90839,2.355528261,12.96621387
0.1776171,34126.12505,2.35575031,12.96743616
0.1777931,34156.64342,2.357857014,12.9790327
0.1779693,34137.0936,2.356507477,12.97160405
0.1781456,34154.15821,2.357685458,12.97808835
0.1783221,34146.79106,2.357176899,12.97528894
0.1784988,34155.25512,2.357761179,12.97850517
0.1786757,34157.03788,2.357884244,12.97918259
0.1788528,34174.68673,2.359102557,12.9858889
0.17903,34167.92154,2.358635551,12.98331822
0.1792074,34430.15029,2.376737385,13.08296137
0.179385,34179.53241,2.359437057,12.98773018
0.1795628,34190.79123,2.360214262,12.99200838
0.1797407,34192.15301,2.360308266,12.99252583
0.1799188,34200.48045,2.360883115,12.99569014
0.1800971,34205.49538,2.361229299,12.99759574
0.1802756,34213.07488,2.361752517,13.00047584
0.1804542,34220.85444,2.362289546,13.00343196
0.180633,34228.85315,2.362841702,13.00647135
0.180812,34237.07935,2.363409562,13.00959719
0.1809912,34245.54586,2.363994012,13.01281435
0.1811706,34254.25009,2.364594871,13.01612183
0.1813501,34263.1994,2.365212648,13.01952244
0.1815298,34272.39784,2.365847623,13.02301771
0.1817097,34281.84585,2.366499825,13.02660782
0.1818897,34291.54432,2.367169317,13.0302931
0.18207,34301.26898,2.367840618,13.03398833
0.1822504,34310.96014,2.368509606,13.03767083
0.182431,34321.42778,2.369232194,13.04164838
0.1826118,34331.64158,2.369937259,13.04552948
0.1827927,34342.0939,2.37065879,13.04950121
0.1829739,34352.78559,2.371396845,13.0535639
0.1831552,34363.69517,2.372149941,13.05770938
0.1833367,34375.00324,2.372930545,13.06200628
0.1835184,34386.40946,2.373717925,13.06634048
0.1837002,34398.03533,2.374520466,13.07075815
0.1838822,34409.92801,2.375341427,13.0752772
0.1840645,34421.96318,2.376172223,13.07985039
0.1842469,34433.49601,2.376968342,13.08423269
0.1844294,34444.90877,2.377756173,13.08856938
0.1846122,34456.47107,2.378554327,13.09296289
0.1847951,34468.18947,2.379363256,13.09741571
0.1849783,34480.06105,2.380182759,13.10192674
0.1851616,34492.07932,2.381012389,13.10649351
0.185345,34504.1791,2.381847645,13.11109125
0.1855287,34516.47169,2.382696211,13.11576226
0.1857126,34528.89588,2.383553862,13.12048327
0.1858966,34541.43528,2.384419465,13.12524806
0.1860808,34554.14154,2.385296588,13.13007626
0.1862652,34565.91753,2.386109493,13.13455097
0.1864498,34575.86574,2.386796224,13.13833114
0.1866345,34585.95834,2.387492924,13.14216619
0.1868195,34596.10191,2.388193141,13.1460206
0.1870046,34606.36283,2.38890146,13.1499196
0.1871899,34616.74013,2.389617812,13.15386282
0.1873754,34627.25978,2.390343991,13.15786014
0.1875611,34637.91758,2.391079706,13.16190995
0.1877469,34648.75764,2.391828003,13.16602902
0.187933,34659.81094,2.39259102,13.17022911
0.1881192,34671.07449,2.393368551,13.1745091
0.1883056,34682.66441,2.394168611,13.1789131
0.1884922,34694.82906,2.395008345,13.18353549
0.188679,34707.63568,2.395892396,13.18840182
0.188866,34720.84963,2.396804563,13.19342293
0.1890531,34734.59537,2.397753442,13.19864612
0.1892405,34748.88984,2.398740199,13.20407781
0.189428,34763.7876,2.399768602,13.20973874
0.1896157,34779.35808,2.400843443,13.2156553
0.1898036,34795.63512,2.401967058,13.22184034
0.1899917,34812.70634,2.403145497,13.22832716
0.19018,34831.4354,2.404438377,13.23544393
0.1903684,34850.93373,2.405784361,13.24285302
0.1905571,34869.60826,2.407073476,13.24994907
0.1907459,34885.30112,2.408156766,13.25591213
0.1909349,34901.8174,2.409296896,13.26218808
0.1911241,34919.11462,2.410490935,13.26876077
0.1913135,34937.20875,2.411739985,13.27563628
0.1915031,34956.08609,2.413043101,13.2828094
0.1916929,34975.72766,2.414398973,13.29027292
0.1918828,34996.08777,2.415804445,13.29800946
0.192073,35017.12569,2.417256708,13.30600357
0.1922633,35038.79208,2.418752354,13.31423649
0.1924538,35061.02505,2.420287111,13.32268469
0.1926445,35083.75521,2.42185619,13.33132183
0.1928354,35106.94015,2.423456663,13.34013177
0.1930265,35130.61523,2.42509097,13.34912796
0.1932178,35154.53498,2.426742167,13.35821712
0.1934093,35178.59378,2.428402963,13.36735912
0.1936009,35202.68356,2.430065897,13.37651289
0.1937928,35226.70129,2.431723858,13.38563928
0.1939848,35250.54502,2.433369808,13.39469956
0.194177,35274.08942,2.434995094,13.40364609
0.1943694,35297.23187,2.436592633,13.41243989
0.194562,35319.86825,2.438155238,13.42104138
0.1947548,35341.88758,2.439675248,13.42940841
0.1949478,35363.19305,2.44114598,13.43750418
0.195141,35382.60761,2.44248618,13.44488144
0.1953344,35400.70537,2.443735481,13.45175832
0.195528,35417.8196,2.444916889,13.45826149
0.1957217,35433.87268,2.446025044,13.46436143
0.1959157,35448.80819,2.447056053,13.4700367
0.1961098,35462.57299,2.448006247,13.47526713
0.1963041,35475.12627,2.448872809,13.4800372
0.1964987,35486.44101,2.449653873,13.48433663
0.1966934,35496.49115,2.450347641,13.48815554
0.1968883,35505.27292,2.450953853,13.49149249
0.1970834,35512.77677,2.451471849,13.49434384
0.1972787,35517.68386,2.451810589,13.49620847
0.1974742,35519.35495,2.451925945,13.49684346
0.1976699,35519.773,2.451954803,13.49700231
0.1978657,35518.98198,2.451900199,13.49670173
0.1980618,35517.02264,2.451764944,13.49595721
0.1982581,35513.9652,2.451553887,13.49479543
0.1984545,35509.88381,2.451272146,13.49324456
0.1986512,35504.86924,2.450925987,13.4913391
0.198848,35499.02867,2.450522808,13.48911976
0.1990451,35492.49705,2.450071926,13.48663784
0.1992423,35485.41849,2.449583288,13.48394809
0.1994398,35477.96886,2.449069034,13.48111734
0.1996374,35469.5643,2.448488862,13.47792373
0.1998352,35460.81877,2.447885152,13.47460055
0.2000333,35452.43407,2.44730635,13.47141449
0.2002315,35445.60072,2.446834639,13.46881791
0.2004299,35439.36528,2.446404202,13.46644853
0.2006285,35433.8931,2.446026454,13.46436918
0.2008273,35429.33753,2.445711979,13.46263813
0.2010263,35425.83774,2.445470387,13.46130826
0.2012255,35423.51103,2.445309772,13.46042415
0.2014249,35422.4443,2.445236135,13.46001881
0.2016245,35422.70404,2.445254066,13.46011751
0.2018243,35423.93214,2.445338842,13.46058417
0.2020243,35423.72082,2.445324254,13.46050387
0.2022245,35424.81348,2.445399681,13.46091906
0.2024249,35427.14869,2.445560882,13.46180641
0.2026255,35430.61955,2.445800479,13.46312529
0.2028263,35435.10245,2.446109936,13.46482872
0.2030273,35440.43437,2.446478002,13.46685477
0.2032285,35446.44068,2.446892622,13.46913708
0.2034299,35452.92369,2.447340149,13.47160054
0.2036314,35459.68394,2.447806813,13.47416933
0.2038332,35466.51952,2.448278679,13.47676676
0.2040352,35473.24488,2.448742935,13.47932229
0.2042374,35479.68973,2.449187827,13.48177125
0.2044398,35485.7331,2.449605005,13.48406764
0.2046424,35491.20247,2.44998256,13.48614592
0.2048452,35496.01088,2.450314488,13.48797305
0.2050482,35500.09905,2.450596697,13.48952649
0.2052513,35503.44666,2.450827785,13.49079854
0.2054547,35506.06974,2.451008858,13.49179527
0.2056583,35508.02006,2.45114349,13.49253636
0.2058621,35509.37027,2.451236696,13.49304942
0.2060661,35510.23179,2.451296167,13.49337679
0.2062703,35510.71878,2.451329785,13.49356184
0.2064747,35510.96208,2.451346579,13.49365429
0.2066793,35509.14127,2.451220888,13.49296241
0.2068841,35507.0471,2.451076326,13.49216665
0.2070891,35505.08242,2.450940702,13.4914201
0.2072944,35503.34075,2.450820474,13.49075829
0.2074998,35501.9261,2.450722819,13.49022074
0.2077054,35500.9138,2.45065294,13.48983609
0.2079112,35500.3752,2.45061576,13.48963143
0.2081172,35500.3759,2.450615808,13.48963169
0.2083235,35500.97345,2.450657057,13.48985875
0.2085299,35502.21827,2.450742988,13.49033177
0.2087365,35504.16166,2.450877142,13.49107023
0.2089434,35506.71541,2.451053429,13.49204061
0.2091504,35509.56218,2.451249943,13.49312234
0.2093577,35513.18446,2.451499992,13.49449876
0.2095652,35517.59676,2.451804576,13.49617537
0.2097728,35522.80523,2.45216412,13.49815451
0.2099807,35528.81781,2.452579173,13.50043921
0.2101888,35536.63353,2.453118698,13.50340907
0.2103971,35545.29834,2.453716836,13.50670157
0.2106055,35554.68394,2.45436473,13.51026797
0.2108142,35564.77015,2.455060988,13.51410058
0.2110231,35575.51991,2.455803052,13.51818533
0.2112323,35586.89194,2.456588071,13.52250654
0.2114416,35597.36155,2.457310795,13.52648484
0.2116511,35607.62325,2.458019168,13.53038414
0.2118608,35618.30494,2.458756532,13.53444303
0.2120708,35629.33984,2.459518279,13.53863613
0.2122809,35640.64752,2.460298856,13.54293289
0.2124913,35652.16214,2.461093719,13.54730828
0.2127018,35663.829,2.46189909,13.55174152
0.2129126,35675.58842,2.462710851,13.55620993
0.2131236,35687.41464,2.463527224,13.56070372
0.2133348,35699.27515,2.464345963,13.56521054
0.2135462,35711.14746,2.465165517,13.56972185
0.2137578,35723.00487,2.465984042,13.5742275
0.2139696,35733.5376,2.466711124,13.57822978
0.2141817,35743.55302,2.467402495,13.5820355
0.2143939,35753.32418,2.468077005,13.5857484
0.2146064,35762.76346,2.468728605,13.58933519
0.214819,35771.75694,2.469349431,13.59275258
0.2150319,35780.20843,2.469932844,13.59596403
0.215245,35788.0105,2.470471426,13.5989287
0.2154583,35795.08486,2.470959774,13.60161686
0.2156718,35801.36834,2.471393527,13.60400449
0.2158855,35806.84542,2.471771614,13.6060857
0.2160994,35811.5341,2.472095276,13.60786733
0.2163136,35815.2314,2.472350503,13.60927225
0.2165279,35814.35572,2.472290055,13.6089395
0.2167425,35812.97225,2.472194553,13.6084138
0.2169573,35811.21861,2.472073498,13.60774745
0.2171722,35809.24978,2.471937588,13.60699932
0.2173875,35807.20142,2.471796189,13.60622097
0.2176029,35805.35867,2.471668983,13.60552076
0.2178185,35803.85903,2.471565461,13.60495091
0.2180343,35802.41323,2.471465657,13.60440153
0.2182504,35800.99773,2.471367943,13.60386366
0.2184667,35799.57092,2.47126945,13.60332149
0.2186832,35798.07902,2.471166463,13.60275459
0.2188999,35794.50714,2.470919894,13.60139733
0.2191168,35788.45488,2.470502102,13.59909756
0.2193339,35782.15953,2.470067529,13.59670541
0.2195513,35775.60875,2.469615325,13.59421621
0.2197688,35768.77278,2.469143432,13.59161864
0.2199866,35761.61712,2.468649472,13.58889959
0.2202046,35754.12304,2.468132151,13.58605195
0.2204228,35746.26546,2.467589737,13.58306618
0.2206412,35738.04441,2.467022231,13.5799423
0.2208599,35729.471,2.466430403,13.57668453
0.2210787,35720.59642,2.465817785,13.57331232
0.2212978,35711.49064,2.465189206,13.56985225
0.2215171,35698.89425,2.464319669,13.56506581
0.2217366,35686.31011,2.463450976,13.56028401
0.2219563,35673.7908,2.46258676,13.55552686
0.2221763,35661.37572,2.461729738,13.5508093
0.2223964,35649.09616,2.460882072,13.54614325
0.2226168,35636.92567,2.460041934,13.54151864
0.2228374,35624.82514,2.459206626,13.53692061
0.2230582,35612.70153,2.458369725,13.53231381
0.2232793,35600.43927,2.457523253,13.52765433
0.2235005,35587.90132,2.456657749,13.52289009
0.223722,35574.92554,2.455762022,13.51795948
0.2239437,35561.39852,2.454828242,13.51281941
0.2241656,35547.31964,2.453856368,13.50746964
0.2243878,35532.26505,2.452817138,13.50174911
0.2246101,35516.06362,2.451698742,13.4955928
0.2248327,35498.55935,2.45049041,13.48894143
0.2250555,35479.61467,2.449182646,13.48174272
0.2252785,35459.11115,2.447767274,13.47395168
0.2255017,35437.13028,2.446249919,13.46559927
0.2257252,35413.80678,2.444639881,13.45673667
0.2259489,35388.77191,2.442911706,13.44722378
0.2261728,35361.99801,2.441063485,13.43705009
0.2263969,35333.47282,2.439094371,13.42621092
0.2266212,35302.9036,2.436984157,13.41459506
0.2268458,35270.33068,2.434735626,13.40221782
0.2270706,35236.00823,2.432366323,13.38917579
0.2272956,35199.95084,2.429877256,13.37547449
0.2275208,35162.17462,2.427269537,13.36112007
0.2277463,35122.68814,2.424543757,13.34611578
0.227972,35081.49903,2.421700444,13.33046451
0.2281979,35038.60808,2.418739652,13.31416657
0.228424,34994.015,2.415661361,13.29722184
0.2286504,34947.70969,2.412464873,13.27962649
0.228877,34899.68935,2.409149995,13.26137945
0.2291038,34849.89225,2.405712466,13.24245727
0.2293308,34795.04891,2.401926592,13.22161759
0.229558,34738.50119,2.398023063,13.20013027
0.2297855,34680.29612,2.394005126,13.17801318
0.2300132,34620.65526,2.389888076,13.15535052
0.2302411,34560.42224,2.385730148,13.13246283
0.2304693,34499.01154,2.381490925,13.10912765
0.2306977,34436.66273,2.377186943,13.085436
0.2309263,34373.65644,2.372837575,13.06149452
0.2311551,34310.29259,2.368463524,13.03741717
0.2313842,34246.89704,2.364087285,13.01332777
0.2316135,34183.77948,2.359730235,12.98934401
0.231843,34118.64724,2.355234111,12.96459469
0.2320727,34052.81694,2.3506898,12.93958013
0.2323027,33988.10308,2.346222556,12.9149898
0.2325329,33924.70446,2.341846105,12.89089923
0.2327633,33862.79394,2.337572378,12.86737412
0.232994,33802.50581,2.333410647,12.8444655
0.2332249,33743.93955,2.329367777,12.82221117
0.233456,33687.16884,2.325448855,12.80063912
0.2336873,33632.21846,2.321655592,12.77975876
0.2339189,33579.0973,2.317988601,12.75957349
0.2341507,33528.13955,2.314470952,12.74021028
0.2343827,33478.87733,2.311070346,12.72149134
0.234615,33426.20272,2.307434181,12.70147575
0.2348475,33374.55565,2.303868948,12.68185061
0.2350802,33324.13455,2.300388344,12.66269131
0.2353131,33274.71296,2.296976737,12.64391182
0.2355463,33226.02357,2.293615674,12.62541056
0.2357797,33177.77132,2.290284788,12.60707539
0.2360134,33129.65348,2.286963179,12.58879131
0.2362472,33081.36488,2.283629783,12.57044233
0.2364813,33032.58313,2.280262345,12.55190597
0.2367157,32983.04064,2.276842392,12.53308054
0.2369503,32932.55214,2.273357136,12.51389564
0.2371851,32879.38466,2.269686948,12.49369276
0.2374201,32822.2914,2.26574576,12.47199814
0.2376554,32764.01246,2.261722723,12.44985298
0.2378909,32704.54215,2.257617447,12.42725512
0.2381266,32643.92261,2.253432837,12.40422057
0.2383626,32582.21621,2.249173201,12.38077303
0.2385988,32520.14892,2.244888652,12.35718835
0.2388352,32457.47883,2.240562492,12.33337462
0.2390719,32394.06125,2.236184733,12.30927685
0.2393088,32329.9997,2.231762519,12.28493438
0.2395459,32265.40054,2.227303194,12.26038764
0.2397833,32200.369,2.222814021,12.23567659
0.2400209,32132.80117,2.218149766,12.21000178
0.2402588,32063.15943,2.213342348,12.18353893
0.2404968,31993.45979,2.208530933,12.15705406
0.2407352,31923.77686,2.203720672,12.13057555
0.2409737,31854.17873,2.198916264,12.10412927
0.2412125,31784.72612,2.194121902,12.07773827
0.2414515,31715.47131,2.189341194,12.05142245
0.2416908,31646.46466,2.184577616,12.02520091
0.2419303,31577.75863,2.179834791,11.99909361
0.24217,31509.41079,2.175116692,11.97312241
0.24241,31441.48694,2.170427861,11.94731233
0.2426502,31374.07294,2.165774225,11.92169598
0.2428907,31306.19999,2.161088908,11.89590524
0.2431314,31238.79592,2.156435958,11.87029266
0.2433723,31172.24849,2.151842142,11.8450056
0.2436135,31106.64722,2.147313641,11.82007806
0.2438549,31042.08228,2.142856677,11.79554431
0.2440965,30978.62266,2.138476015,11.77143057
0.2443384,30916.32636,2.134175658,11.74775887
0.2445805,30855.23082,2.12995819,11.72454344
0.2448229,30795.35764,2.125825103,11.7017925
0.2450655,30736.71404,2.121776894,11.67950877
0.2453083,30679.28356,2.117812428,11.65768602
0.2455514,30622.82898,2.113915328,11.63623409
0.2457947,30566.74677,2.110043934,11.61492366
0.2460383,30511.79632,2.106250667,11.59404328
0.2462821,30457.91442,2.102531161,11.57356893
0.2465262,30405.02704,2.098880308,11.55347249
0.2467705,30353.05335,2.095292528,11.53372324
0.247015,30301.91048,2.0917621,11.51428968
0.2472598,30251.51157,2.088283028,11.49513882
0.2475048,30201.77035,2.084849356,11.47623787
0.24775,30152.611,2.081455852,11.45755803
0.2479956,30103.96389,2.078097708,11.43907283
0.2482413,30055.78071,2.074771589,11.42076391
0.2484873,30008.46215,2.071505156,11.40278354
0.2487335,29961.69449,2.068276752,11.3850125
0.24898,29915.33649,2.065076626,11.36739713
0.2492267,29869.38773,2.061904752,11.34993727
0.2494737,29823.85007,2.058761255,11.33263361
0.2497209,29778.71962,2.055645868,11.31548469
0.2499684,29733.97657,2.052557225,11.29848298
0.2502161,29689.77786,2.049506156,11.2816881
0.250464,29645.93968,2.046479976,11.26503022
0.2507122,29602.35666,2.04347141,11.2484693
0.2509607,29558.95993,2.040475703,11.23197917
0.2512093,29515.65881,2.037486597,11.21552537
0.2514583,29472.06002,2.034476942,11.19895846
0.2517075,29428.4246,2.031464758,11.18237762
0.2519569,29384.68375,2.028445296,11.16575673
0.2522066,29340.78154,2.025414696,11.14907452
0.2524565,29296.68375,2.022370595,11.132318
0.2527066,29252.37915,2.019312217,11.11548289
0.2529571,29207.8819,2.016240541,11.09857457
0.2532077,29163.23506,2.013158538,11.08160942
0.2534586,29118.49921,2.010070391,11.06461044
0.2537098,29073.75697,2.006981803,11.04760903
0.2539612,29029.09926,2.00389905,11.03063974
0.2542129,28984.61379,2.000828187,11.01373591
0.2544648,28940.38317,1.997774916,10.99692891
0.2547169,28896.47381,1.994743822,10.98024398
0.2549694,28852.93114,1.991738041,10.9636984
0.255222,28809.776,1.988759012,10.94730006
0.2554749,28766.99928,1.985806105,10.93104553
0.2557281,28724.57852,1.98287777,10.91492625
0.2559815,28682.46575,1.979970696,10.898924
0.2562352,28640.60426,1.977080968,10.88301724
0.2564891,28598.92167,1.97420359,10.86717846
0.2567432,28557.34688,1.971333653,10.85138063
0.2569976,28515.79877,1.968465558,10.83559295
0.2572523,28473.1474,1.965521304,10.81938604
0.2575072,28430.38128,1.962569128,10.80313553
0.2577624,28387.45149,1.959605655,10.78682283
0.2580178,28344.25896,1.956624045,10.77041029
0.2582735,28300.77149,1.953622074,10.75388568
0.2585295,28257.33243,1.950623446,10.73737946
0.2587856,28213.64982,1.947608004,10.7207807
0.2590421,28169.6869,1.944573213,10.70407542
0.2592988,28125.46751,1.941520717,10.68727269
0.2595557,28081.026,1.938452889,10.67038556
0.2598129,28036.41648,1.935373462,10.65343458
0.2600704,27991.71781,1.932287882,10.63644973
0.2603281,27947.01583,1.929202073,10.61946362
0.2605861,27902.35797,1.92611931,10.60249428
0.2608443,27857.81591,1.92304454,10.58556894
0.2611028,27813.45121,1.919982014,10.56871099
0.2613615,27769.31631,1.916935351,10.55194037
0.2616205,27725.44282,1.913906733,10.53526907
0.2618798,27681.84727,1.910897302,10.51870339
0.2621393,27638.52925,1.907907029,10.50224316
0.262399,27595.47232,1.904934778,10.48588215
0.262659,27552.6431,1.901978248,10.46960766
0.2629193,27510.00281,1.899034759,10.45340497
0.2631799,27469.22538,1.896219864,10.43791013
0.2634407,27429.27606,1.893462135,10.42272997
0.2637017,27389.3113,1.890703339,10.40754393
0.263963,27349.27065,1.887939305,10.39232906
0.2642246,27309.09699,1.885166089,10.37706365
0.2644864,27268.72897,1.882379456,10.36172438
0.2647485,27228.11101,1.87957557,10.34629014
0.2650109,27187.1909,1.876750826,10.33074109
0.2652735,27145.92266,1.873902051,10.31505975
0.2655363,27104.25859,1.871025951,10.29922801
0.2657995,27062.15776,1.868119701,10.2832303
0.2660629,27019.58217,1.865180678,10.26705218
0.2663265,26977.74767,1.862292813,10.25115568
0.2665904,26935.5556,1.859380265,10.2351233
0.2668546,26892.76723,1.856426554,10.21886433
0.267119,26849.35433,1.853429731,10.20236805
0.2673837,26805.28587,1.850387655,10.18562268
0.2676487,26760.52715,1.847297929,10.16861501
0.2679139,26715.04841,1.844158499,10.15133374
0.2681794,26668.80742,1.840966451,10.13376283
0.2684452,26621.76497,1.837719078,10.11588738
0.2687112,26573.88026,1.834413563,10.09769188
0.2689774,26525.11164,1.831047031,10.0791605
0.269244,26475.61799,1.82763045,10.06035363
0.2695108,26426.14356,1.824215195,10.04155406
0.2697779,26375.67831,1.820731544,10.02237799
0.2700452,26324.21071,1.817178699,10.00282104
0.2703128,26271.74497,1.813556952,9.982884816
0.2705807,26218.29745,1.809867433,9.962575529
0.2708488,26163.90962,1.806113003,9.941908938
0.2711172,26108.64566,1.802298093,9.920909428
0.2713858,26052.59174,1.798428652,9.899609745
0.2716548,25995.86497,1.794512763,9.878054389
0.271924,25938.60565,1.790560112,9.856296673
0.2721934,25880.97837,1.78658206,9.834399134
0.2724631,25824.36226,1.782673811,9.812885828
0.2727331,25768.51023,1.778818306,9.791662861
0.2730034,25712.82415,1.774974257,9.770502953
0.2732739,25657.49623,1.771154932,9.74947914
0.2735447,25602.7051,1.767372662,9.7286593
0.2738158,25548.61905,1.763639064,9.708107378
0.2740871,25495.60928,1.759979762,9.68796443
0.2743587,25444.01691,1.756418305,9.668360071
0.2746306,25393.48582,1.752930108,9.649158986
0.2749027,25344.10432,1.749521269,9.630394728
0.2751752,25295.94528,1.746196817,9.612094986
0.2754478,25249.5612,1.742994891,9.594469703
0.2757208,25206.82428,1.740044732,9.578230288
0.275994,25165.38213,1.737183951,9.562482866
0.2762675,25125.23878,1.734412827,9.547228972
0.2765413,25086.37576,1.731730086,9.532461584
0.2768153,25048.7589,1.729133367,9.518167717
0.2770896,25012.33577,1.726619053,9.504327454
0.2773642,24977.03351,1.724182114,9.490913103
0.277639,24942.76273,1.721816378,9.477890703
0.2779142,24909.41566,1.719514406,9.465219295
0.2781896,24876.87211,1.717267902,9.452853212
0.2784652,24844.99298,1.715067263,9.440739603
0.2787412,24814.32149,1.712949989,9.429084877
0.2790174,24784.65734,1.710902252,9.417812928
0.2792939,24755.17147,1.708866821,9.406608721
0.2795706,24725.70842,1.706832967,9.395413187
0.2798477,24696.12234,1.704790619,9.384170903
0.280125,24666.27787,1.702730434,9.372830436
0.2804026,24636.06577,1.700644872,9.361350271
0.2806804,24605.39822,1.69852787,9.349697045
0.2809586,24574.20909,1.696374862,9.337845623
0.281237,24542.46509,1.694183552,9.325783362
0.2815157,24510.12189,1.691950878,9.313493413
0.2817946,24477.21682,1.689679418,9.30098996
0.2820739,24445.17816,1.687467766,9.288815728
0.2823534,24412.65082,1.685222382,9.276455809
0.2826332,24379.655,1.682944657,9.263917872
0.2829133,24346.24139,1.680638092,9.251221182
0.2831936,24312.46627,1.678306572,9.238387121
0.2834742,24278.38336,1.675953805,9.225436106
0.2837552,24244.04534,1.673583427,9.212388154
0.2840363,24209.50443,1.671199044,9.199263103
0.2843178,24174.81152,1.668804168,9.186080298
0.2845995,24140.01038,1.666401821,9.172856366
0.2848816,24105.14791,1.66399524,9.159609129
0.2851639,24070.94558,1.661634229,9.146612735
0.2854464,24038.89052,1.659421447,9.134432277
0.2857293,24006.88359,1.657211985,9.122270102
0.2860124,23974.95476,1.655007916,9.110137607
0.2862959,23943.13811,1.652811591,9.09804774
0.2865796,23911.4671,1.650625318,9.086013211
0.2868635,23879.97698,1.648451533,9.074047419
0.2871478,23848.71108,1.646293226,9.062166826
0.2874324,23817.72226,1.644154046,9.05039152
0.2877172,23787.0704,1.642038127,9.038744257
0.2880023,23756.81974,1.639949903,9.027249442
0.2882877,23727.04438,1.637894489,9.015935234
0.2885734,23698.2339,1.635905681,9.004987664
0.2888593,23670.31004,1.633978078,8.994377001
0.2891456,23643.06141,1.632097086,8.984022914
0.2894321,23616.54506,1.630266643,8.97394708
0.2897189,23590.80398,1.628489719,8.964165842
0.290006,23565.87056,1.626768547,8.954691503
0.2902934,23541.76667,1.625104639,8.94553237
0.290581,23518.49575,1.623498231,8.936689757
0.290869,23496.05544,1.62194916,8.928162761
0.2911572,23474.43242,1.620456508,8.919946325
0.2914457,23453.59855,1.619018332,8.912029754
0.2917345,23433.63671,1.617640352,8.904444542
0.2920236,23415.44413,1.616384505,8.897531623
0.292313,23397.90059,1.615173462,8.890865331
0.2926027,23380.95705,1.614003838,8.88442703
0.2928926,23364.55529,1.612871613,8.878194596
0.2931829,23348.63989,1.611772962,8.872146974
0.2934734,23333.15217,1.610703834,8.866261864
0.2937642,23318.03837,1.609660517,8.860518837
0.2940553,23303.24882,1.608639585,8.854899022
0.2943467,23288.7422,1.607638183,8.849386715
0.2946384,23274.48421,1.606653943,8.843968884
0.2949303,23260.45361,1.605685401,8.838637459
0.2952226,23246.85255,1.604746511,8.833469252
0.2955151,23233.75755,1.603842554,8.82849334
0.295808,23220.85776,1.602952072,8.823591607
0.2961011,23208.15025,1.602074863,8.818762933
0.2963945,23195.63065,1.601210627,8.814005668
0.2966882,23183.28862,1.600358648,8.809315874
0.2969822,23171.10491,1.599517598,8.804686239
0.2972765,23159.05181,1.598685564,8.800106235
0.2975711,23147.09393,1.597860103,8.795562411
0.297866,23135.18663,1.597038134,8.79103781
0.2981611,23123.28096,1.596216277,8.786513828
0.2984566,23111.32271,1.595390791,8.781969862
0.2987524,23099.93423,1.594604636,8.777642404
0.2990484,23088.50346,1.593815562,8.773298878
0.2993447,23076.86894,1.593012423,8.768877928
0.2996414,23064.99749,1.592192928,8.764366947
0.2999383,23052.86608,1.591355489,8.759757185
0.3002355,23040.46869,1.590499688,8.755046355
0.300533,23027.81508,1.589626201,8.750238166
0.3008308,23014.92869,1.588736644,8.745341522
0.301129,23001.84681,1.587833593,8.740370596
0.3014274,22988.61676,1.586920313,8.735343367
0.301726,22975.29043,1.586000388,8.730279557
0.302025,22961.97353,1.585081112,8.725219326
0.3023243,22949.19961,1.584199319,8.720365418
0.3026239,22936.47945,1.583321238,8.715531943
0.3029238,22923.84742,1.58244924,8.710731951
0.303224,22911.32417,1.581584751,8.705973297
0.3035245,22898.9205,1.580728517,8.70126008
0.3038252,22886.63072,1.579880145,8.696590141
0.3041263,22874.43767,1.579038451,8.691956959
0.3044277,22862.31447,1.578201577,8.687350316
0.3047293,22850.22174,1.577366808,8.682755254
0.3050313,22838.11612,1.576531149,8.678155293
0.3053336,22825.94529,1.575690987,8.673530551
0.3056361,22813.83684,1.574855133,8.668929517
0.305939,22801.77322,1.574022373,8.664345515
0.3062422,22789.48463,1.573174083,8.659676028
0.3065456,22776.91793,1.572306595,8.654900863
0.3068494,22764.02867,1.57141684,8.650003127
0.3071535,22750.77214,1.570501732,8.644965837
0.3074578,22737.11509,1.569558976,8.639776354
0.3077625,22723.03157,1.568586782,8.634424822
0.3080675,22708.50564,1.567584047,8.628905178
0.3083728,22693.52932,1.566550221,8.623214391
0.3086783,22678.10883,1.565485733,8.617354825
0.3089842,22662.26136,1.564391771,8.611333015
0.3092904,22646.75038,1.563321037,8.605439066
0.3095969,22630.91603,1.562227981,8.599422242
0.3099037,22614.76638,1.56111316,8.593285608
0.3102108,22598.6071,1.559997673,8.587145315
0.3105182,22582.2992,1.558871928,8.580948548
0.3108259,22565.83162,1.557735159,8.574691102
0.3111339,22549.25087,1.556590578,8.568390655
0.3114422,22532.58987,1.555440457,8.562059715
0.3117508,22515.87511,1.554286626,8.55570835
0.3120598,22499.1257,1.553130403,8.549343815
0.312369,22482.34621,1.551972103,8.542967851
0.3126785,22465.6049,1.550816438,8.536606391
0.3129884,22449.02025,1.549671588,8.530304466
0.3132985,22432.38121,1.548522983,8.523981867
0.313609,22415.67084,1.547369455,8.517632168
0.3139198,22398.86409,1.546209274,8.511245847
0.3142308,22381.93908,1.545040928,8.504814587
0.3145422,22364.86908,1.543862574,8.49832823
0.3148539,22347.62671,1.542672321,8.491776379
0.3151659,22330.18586,1.541468367,8.485149108
0.3154782,22312.51729,1.540248693,8.478435304
0.3157908,22294.59422,1.539011451,8.471624797
0.3161038,22276.38953,1.537754768,8.464707275
0.316417,22258.22809,1.536501072,8.457806191
0.3167306,22239.88528,1.535234854,8.450836186
0.3170444,22221.1732,1.533943147,8.443725867
0.3173586,22202.06681,1.532624219,8.436465713
0.3176731,22182.53287,1.531275777,8.429043096
0.3179879,22162.54527,1.529896019,8.421448096
0.318303,22142.07144,1.528482697,8.413668337
0.3186184,22121.07468,1.527033276,8.405689869
0.3189341,22099.51889,1.525545265,8.397498981
0.3192502,22077.36321,1.524015842,8.389080139
0.3195665,22054.56533,1.522442088,8.380417273
0.3198832,22031.08068,1.520820927,8.371493445
0.3202002,22007.30442,1.519179635,8.362458807
0.3205175,21982.77995,1.517486694,8.353139863
0.3208351,21957.44728,1.515737962,8.343513814
0.321153,21931.27726,1.513931427,8.333569582
0.3214713,21904.24821,1.512065592,8.323298932
0.3217898,21876.3489,1.510139684,8.312697598
0.3221087,21847.58209,1.508153891,8.301766624
0.3224279,21817.96283,1.506109253,8.290511732
0.3227474,21787.52266,1.504007946,8.278944903
0.3230672,21756.30752,1.501853143,8.2670836
0.3233873,21724.3832,1.499649385,8.254952819
0.3237078,21691.91482,1.49740807,8.2426153
0.3240286,21659.08485,1.495141794,8.230140385
0.3243497,21625.83772,1.492846721,8.217506954
0.3246711,21592.29965,1.490531565,8.204762971
0.3249928,21558.60297,1.48820546,8.19195872
0.3253149,21524.88331,1.485877768,8.179145732
0.3256372,21491.27702,1.483557902,8.166375828
0.3259599,21457.91261,1.481254734,8.153697831
0.3262829,21424.92137,1.478977326,8.141161637
0.3266062,21392.64685,1.476749392,8.128897781
0.3269299,21360.94327,1.474560872,8.116850877
0.3272539,21329.8958,1.472417644,8.105053288
0.3275781,21299.9659,1.470351562,8.093680356
0.3279028,21270.89143,1.46834453,8.082632475
0.3282277,21242.65446,1.466395313,8.071902834
0.3285529,21215.29348,1.464506565,8.061506055
0.3288785,21188.82838,1.462679661,8.051449698
0.3292044,21163.27731,1.460915853,8.04174066
0.3295306,21138.63767,1.459214961,8.032377952
0.3298572,21114.89998,1.457576331,8.023357969
0.3301841,21092.04306,1.455998503,8.014672672
0.3305112,21070.03348,1.454479165,8.006309345
0.3308388,21048.82907,1.453015411,7.998251978
0.3311666,21028.42056,1.451606597,7.990497035
0.3314948,21008.88589,1.450258105,7.983074144
0.3318233,20989.95914,1.448951578,7.97588225
0.3321521,20971.55721,1.44768128,7.968889782
0.3324812,20953.58982,1.446440978,7.962062432
0.3328107,20935.95772,1.445223822,7.95536249
0.3331405,20918.5594,1.444022804,7.948751377
0.3334706,20901.2965,1.442831134,7.942191726
0.3338011,20884.06518,1.441641644,7.93564407
0.3341318,20866.77548,1.440448124,7.929074234
0.3344629,20849.33873,1.439244453,7.92244852
0.3347944,20831.68034,1.438025481,7.915738585
0.3351261,20813.83651,1.43679371,7.908958189
0.3354582,20795.82522,1.435550377,7.902114156
0.3357906,20777.45867,1.434282522,7.895135131
0.3361234,20758.71913,1.432988918,7.888014376
0.3364565,20739.60658,1.431669566,7.880751884
0.3367899,20720.12835,1.43032497,7.873350436
0.3371236,20700.30372,1.428956461,7.865817362
0.3374577,20680.15938,1.427565883,7.858162801
0.3377921,20659.72978,1.426155614,7.85039985
0.3381268,20639.04634,1.424727821,7.842540438
0.3384619,20618.15072,1.423285382,7.834600404
0.3387973,20597.0808,1.421830911,7.826594137
0.339133,20576.18436,1.420388415,7.81865379
0.339469,20555.19158,1.418939269,7.810676836
0.3398054,20534.13182,1.417485499,7.802674432
0.3401422,20513.05302,1.416030415,7.794664792
0.3404792,20491.97969,1.414575708,7.786657228
0.3408166,20470.9445,1.413123634,7.778664161
0.3411543,20449.97356,1.411675995,7.770695505
0.3414924,20429.09444,1.410234695,7.762761738
0.3418308,20408.33015,1.408801322,7.75487161
0.3421695,20387.70404,1.407377487,7.747033984
0.3425086,20367.23992,1.405964834,7.739257915
0.342848,20346.97925,1.404566226,7.731559151
0.3431878,20327.04027,1.403189824,7.723982626
0.3435278,20307.35095,1.401830657,7.716500967
0.3438683,20287.95056,1.400491434,7.7091291
0.344209,20268.99744,1.399183087,7.701927187
0.3445501,20250.50857,1.397906787,7.694901681
0.3448915,20232.43708,1.3966593,7.688034776
0.3452333,20214.82837,1.395443758,7.68134372
0.3455754,20197.72673,1.39426322,7.674845344
0.3459178,20181.168,1.393120159,7.668553264
0.3462606,20165.18452,1.392016808,7.66247977
0.3466037,20149.80243,1.390954972,7.656634798
0.3469472,20135.23528,1.389949392,7.651099492
0.347291,20121.37004,1.388992264,7.6458309
0.3476352,20108.13014,1.388078304,7.640799926
0.3479796,20095.50621,1.387206866,7.636003017
0.3483245,20083.4862,1.386377116,7.631435584
0.3486696,20072.04681,1.385587447,7.627088782
0.3490151,20061.16007,1.384835928,7.622951978
0.349361,20050.79578,1.384120474,7.619013696
0.3497072,20040.91449,1.383438361,7.61525895
0.3500537,20031.47618,1.382786828,7.611672527
0.3504006,20022.43883,1.382162973,7.608238462
0.3507478,20013.75908,1.381563805,7.604940286
0.3510954,20005.43429,1.380989138,7.601776985
0.3514433,19997.39345,1.380434073,7.598721579
0.3517916,19989.59617,1.379895821,7.595758725
0.3521402,19982.01258,1.379372321,7.592877071
0.3524891,19974.62239,1.378862171,7.590068904
0.3528384,19967.40827,1.378364176,7.587327644
0.3531881,19960.36022,1.377877643,7.584649484
0.3535381,19953.47124,1.377402093,7.582031774
0.3538884,19946.73719,1.376937236,7.579472929
0.3542391,19940.15348,1.376482758,7.576971215
0.3545901,19933.71348,1.376038201,7.574524109
0.3549415,19927.48688,1.375608374,7.572158091
0.3552932,19921.4954,1.375194777,7.569881412
0.3556453,19915.59998,1.374787813,7.56764124
0.3559977,19909.77326,1.37438559,7.565427168
0.3563505,19903.98495,1.373986019,7.563227696
0.3567036,19898.19727,1.373586491,7.561028459
0.3570571,19892.37303,1.37318444,7.558815334
0.3574109,19886.47567,1.372777341,7.556574421
0.3577651,19880.47009,1.372362772,7.554292387
0.3581196,19874.3261,1.371938648,7.551957757
0.3584745,19868.02104,1.371503405,7.549561926
0.3588297,19861.541,1.371056084,7.547099606
0.3591853,19854.91352,1.370598584,7.544581257
0.3595412,19848.12087,1.370129683,7.542000149
0.3598975,19841.16594,1.369649579,7.539357375
0.3602541,19834.07292,1.369159943,7.53666213
0.3606111,19826.87235,1.368662883,7.533926018
0.3609684,19819.59798,1.368160727,7.531161859
0.3613261,19812.28526,1.367655925,7.528383131
0.3616842,19804.97244,1.367151116,7.525604367
0.3620426,19797.68734,1.366648221,7.522836133
0.3624014,19790.45945,1.366149274,7.52008964
0.3627605,19783.30586,1.365655457,7.51737138
0.36312,19776.23537,1.365167376,7.514684694
0.3634798,19769.20035,1.364681744,7.512011487
0.36384,19762.24967,1.364201933,7.509370327
0.3642005,19755.36761,1.36372686,7.506755247
0.3645614,19748.53493,1.363255195,7.504158924
0.3649227,19741.72333,1.362784986,7.501570616
0.3652843,19735.0061,1.362321291,7.499018165
0.3656463,19728.26178,1.361855726,7.496455422
0.3660086,19721.43531,1.36138449,7.493861462
0.3663713,19714.48772,1.360904892,7.491221475
0.3667343,19707.38232,1.360414402,7.488521524
0.3670977,19700.07876,1.359910232,7.48574628
0.3674615,19692.49013,1.359386384,7.482862709
0.3678256,19684.57074,1.358839703,7.479853455
0.3681901,19676.35424,1.358272512,7.476731304
0.368555,19667.8164,1.357683139,7.473487047
0.3689202,19658.93783,1.357070245,7.470113318
0.3692858,19649.70399,1.356432826,7.46660459
0.3696517,19640.11067,1.355770593,7.462959268
0.370018,19630.15877,1.355083606,7.459177689
0.3703847,19619.85782,1.354372524,7.455263476
0.3707517,19609.22419,1.353638477,7.45122285
0.3711191,19598.28378,1.352883253,7.447065652
0.3714869,19587.06058,1.352108508,7.442800999
0.371855,19575.49863,1.351310379,7.438407623
0.3722235,19563.71601,1.350497016,7.433930398
0.3725923,19551.74638,1.349670744,7.429382108
0.3729615,19539.61801,1.348833514,7.424773504
0.3733311,19527.35494,1.347986986,7.420113716
0.3737011,19514.97642,1.347132488,7.415410053
0.3740714,19502.49617,1.346270967,7.410667738
0.3744421,19489.92079,1.34540288,7.405889277
0.3748131,19477.25533,1.344528575,7.401076583
0.3751845,19464.49654,1.343647827,7.396228429
0.3755563,19451.64148,1.342760433,7.391343689
0.3759285,19438.68733,1.341866199,7.386421299
0.376301,19425.62764,1.340964679,7.381458803
0.3766739,19412.44162,1.340054439,7.376448307
0.3770471,19399.1135,1.339134389,7.371383812
0.3774208,19385.62895,1.338203542,7.36625988
0.3777948,19371.97302,1.337260863,7.361070821
0.3781691,19358.12737,1.336305088,7.355809675
0.3785439,19344.07311,1.335334913,7.350469256
0.378919,19329.79294,1.334349143,7.345042999
0.3792945,19315.26759,1.333346448,7.339523575
0.3796703,19300.476,1.332325374,7.333902985
0.3800466,19285.39795,1.331284526,7.328173543
0.3804232,19270.01911,1.330222913,7.322329802
0.3808002,19254.31466,1.329138824,7.316362338
0.3811775,19238.2512,1.328029952,7.310258456
0.3815552,19221.83129,1.326896474,7.304019125
0.3819333,19205.1275,1.3257434,7.297671928
0.3823118,19187.98264,1.324559879,7.291157128
0.3826906,19170.3665,1.323343824,7.284463248
0.3830699,19152.24467,1.322092861,7.277577212
0.3834495,19133.5836,1.320804675,7.270486275
0.3838294,19114.35035,1.31947699,7.263177918
0.3842098,19094.515,1.318107742,7.255640771
0.3845905,19074.05181,1.316695154,7.247865053
0.3849716,19053.07192,1.315246897,7.239892993
0.3853531,19031.43159,1.313753049,7.23166998
0.385735,19009.12,1.312212865,7.2231919
0.3861172,18986.14243,1.310626707,7.214460753
0.3864998,18962.5102,1.308995358,7.205480847
0.3868828,18938.25029,1.30732068,7.196262431
0.3872662,18913.39858,1.305605149,7.186819139
0.38765,18888.00446,1.303852175,7.177169739
0.3880341,18862.12789,1.302065897,7.167337013
0.3884186,18835.84148,1.300251327,7.157348556
0.3888035,18809.22813,1.298414189,7.147235867
0.3891888,18782.34703,1.296558568,7.137021435
0.3895745,18755.29137,1.294690897,7.126740674
0.3899605,18728.18876,1.292819985,7.116442072
0.3903469,18701.13772,1.290952633,7.106163067
0.3907337,18674.23119,1.289095256,7.095938971
0.3911209,18647.55763,1.287253961,7.085803402
0.3915085,18621.2003,1.285434497,7.075788
0.3918965,18595.23374,1.283642007,7.065921078
0.3922848,18569.72163,1.281880888,7.056226846
0.3926735,18544.72015,1.280155018,7.04672664
0.3930627,18520.27854,1.278467797,7.037439183
0.3934522,18496.43299,1.276821722,7.028378216
0.3938421,18473.19846,1.275217826,7.01954943
0.3942323,18450.60254,1.273658013,7.010963304
0.394623,18428.66589,1.272143711,7.002627693
0.395014,18407.39333,1.270675252,6.994544428
0.3954055,18386.78381,1.269252562,6.986713108
0.3957973,18366.82582,1.267874848,6.979129357
0.3961895,18347.50166,1.266540888,6.971786457
0.3965821,18328.78607,1.265248938,6.964674801
0.3969751,18310.64799,1.263996853,6.95778259
0.3973685,18293.04785,1.262781903,6.951094792
0.3977622,18275.94096,1.261601002,6.944594418
0.3981564,18259.274,1.260450471,6.938261217
0.3985509,18242.98039,1.259325711,6.932069878
0.3989459,18227.00902,1.258223196,6.926000987
0.3993412,18211.29532,1.257138469,6.920030007
0.3997369,18195.77027,1.256066763,6.914130711
0.400133,18180.41528,1.255006798,6.908296037
0.4005296,18165.17029,1.253954425,6.902503159
0.4009265,18149.91908,1.252901624,6.89670792
0.4013237,18134.60484,1.251844471,6.890888728
0.4017214,18119.17766,1.250779522,6.885026625
0.4021195,18103.5925,1.249703668,6.879104487
0.402518,18087.81598,1.248614604,6.873109638
0.4029169,18071.81157,1.247509808,6.867028191
0.4033161,18055.56479,1.246388281,6.86085465
0.4037158,18039.0774,1.245250145,6.854589676
0.4041158,18022.352,1.244095579,6.848234267
0.4045163,18005.39532,1.242925048,6.841790973
0.4049172,17988.22255,1.241739599,6.835265567
0.4053184,17970.8532,1.240540581,6.828665464
0.40572,17953.31163,1.239329674,6.821999919
0.4061221,17935.6244,1.238108712,6.815279026
0.4065245,17917.82118,1.236879743,6.80851406
0.4069274,17899.93063,1.235644746,6.801715908
0.4073306,17881.98231,1.234405761,6.794895806
0.4077343,17864.07142,1.23316936,6.788089925
0.4081383,17846.17409,1.231933894,6.781289196
0.4085427,17828.30657,1.230700487,6.774499796
0.4089476,17810.49682,1.229471068,6.76773235
0.4093528,17792.76655,1.228247134,6.7609951
0.4097585,17775.13979,1.227030347,6.754297187
0.4101645,17757.63772,1.225822167,6.74764665
0.4105709,17740.27838,1.22462384,6.741050353
0.4109778,17723.08114,1.223436702,6.73451565
0.4113851,17706.06271,1.222261908,6.728048891
0.4117927,17689.24538,1.221100996,6.721658548
0.4122008,17672.62725,1.219953835,6.715343899
0.4126092,17656.19102,1.21881923,6.709098366
0.4130181,17640.02332,1.217703162,6.702954872
0.4134274,17624.1509,1.216607478,6.69692358
0.4138371,17608.60348,1.215534229,6.691015787
0.4142472,17593.40986,1.214485402,6.685242428
0.4146576,17578.59899,1.213462998,6.679614511
0.4150685,17564.19529,1.212468701,6.674141315
0.4154799,17550.2242,1.211504266,6.6688325
0.4158916,17536.7027,1.210570868,6.663694526
0.4163037,17523.64575,1.209669537,6.658733071
0.4167162,17511.06316,1.208800952,6.653951869
0.4171292,17498.97423,1.207966445,6.64935825
0.4175425,17487.37342,1.207165633,6.64495011
0.4179563,17476.24264,1.206397268,6.640720574
0.4183704,17465.57025,1.205660545,6.636665217
0.418785,17455.33892,1.204954269,6.632777459
0.4192,17445.52939,1.20427711,6.629049979
0.4196154,17436.11611,1.203627305,6.625473071
0.4200312,17427.07117,1.203002926,6.622036121
0.4204474,17418.36621,1.202402017,6.618728364
0.4208641,17409.96909,1.201822358,6.615537579
0.4212811,17401.84826,1.201261772,6.612451781
0.4216986,17393.97477,1.200718259,6.609459966
0.4221165,17386.32782,1.200190384,6.606554236
0.4225348,17378.87503,1.199675913,6.603722282
0.4229535,17371.59319,1.199173242,6.600955287
0.4233726,17364.46772,1.198681366,6.598247712
0.4237921,17357.48279,1.198199192,6.595593542
0.4242121,17350.63009,1.197726145,6.592989614
0.4246325,17343.90313,1.197261778,6.590433463
0.4250532,17337.29513,1.196805624,6.58792252
0.4254744,17330.80113,1.196357338,6.585454894
0.4258961,17324.40466,1.195915785,6.583024326
0.4263181,17318.11595,1.195481672,6.580634709
0.4267405,17311.89115,1.195051969,6.578269373
0.4271634,17305.6907,1.194623948,6.575913291
0.4275867,17299.54255,1.194199537,6.573577084
0.4280104,17293.4245,1.193777203,6.571252313
0.4284346,17287.31355,1.19335536,6.568930239
0.4288591,17281.18337,1.192932189,6.566600859
0.4292841,17275.01022,1.192506053,6.564255151
0.4297095,17268.77021,1.192075301,6.561884038
0.4301353,17262.44446,1.191638629,6.559480341
0.4305615,17256.01853,1.191195043,6.557038584
0.4309882,17249.47999,1.190743683,6.554554031
0.4314153,17242.8266,1.190284395,6.552025837
0.4318428,17236.18661,1.189826032,6.549502738
0.4322707,17229.47497,1.189362723,6.546952412
0.4326991,17222.67225,1.188893126,6.544367476
0.4331278,17215.79887,1.188418652,6.541755691
0.433557,17208.87602,1.187940763,6.539125108
0.4339867,17201.93316,1.187461492,6.536486922
0.4344167,17195.08686,1.186988887,6.533885425
0.4348472,17188.2572,1.186517431,6.531290251
0.4352781,17181.46516,1.186048571,6.528709374
0.4357094,17174.72466,1.18558327,6.526148083
0.4361412,17168.0477,1.185122355,6.523610934
0.4365734,17161.45208,1.184667054,6.521104691
0.437006,17155.00183,1.184221789,6.51865369
0.4374391,17148.61134,1.183780649,6.516225394
0.4378725,17142.27146,1.183343003,6.513816332
0.4383064,17135.96751,1.182907837,6.511420921
0.4387408,17129.68134,1.182473898,6.509032269
0.4391755,17123.38906,1.182039538,6.506641294
0.4396107,17117.06969,1.181603307,6.504240023
0.4400464,17110.70361,1.181163853,6.501821006
0.4404824,17104.30256,1.180721983,6.499388697
0.4409189,17097.79189,1.180272547,6.496914737
0.4413558,17091.14498,1.179813706,6.494389006
0.4417932,17084.36334,1.179345565,6.491812082
0.442231,17077.42917,1.178866895,6.489177198
0.4426692,17070.28457,1.178373698,6.486462352
0.4431079,17062.90892,1.177864551,6.48365971
0.443547,17055.28717,1.177338417,6.480763555
0.4439865,17047.40686,1.176794433,6.477769151
0.4444264,17039.25759,1.176231884,6.474672546
0.4448668,17030.83778,1.175650658,6.47147314
0.4453077,17022.14771,1.175050777,6.468171038
0.445749,17013.19448,1.174432729,6.46476894
0.4461907,17003.98565,1.173797037,6.461269716
0.4466328,16994.53553,1.173144688,6.457678808
0.4470754,16984.90923,1.172480178,6.45402095
0.4475184,16975.08384,1.171801924,6.450287444
0.4479619,16965.0684,1.171110552,6.446481722
0.4484058,16954.87922,1.170407185,6.442609979
0.4488501,16944.53339,1.169693006,6.438678713
0.4492949,16934.04081,1.168968695,6.434691683
0.4497401,16923.41211,1.168234989,6.430652931
0.4501858,16912.65458,1.167492389,6.426565223
0.4506319,16901.77041,1.166741047,6.422429397
0.4510785,16890.76152,1.165981095,6.418246175
0.4515254,16879.62632,1.165212425,6.414014963
0.4519729,16868.36735,1.164435211,6.409736716
0.4524208,16857.00051,1.163650549,6.405417479
0.4528691,16845.49206,1.162856114,6.401044436
0.4533178,16833.83172,1.162051192,6.396613672
0.4537671,16822.01059,1.161235171,6.392121812
0.4542167,16810.01814,1.160407324,6.387564856
0.4546668,16797.84368,1.159566912,6.382938735
0.4551174,16785.47458,1.158713065,6.378238656
0.4555684,16772.898,1.157844895,6.373459738
0.4560198,16760.10248,1.156961611,6.368597624
0.4564717,16747.07235,1.156062131,6.36364636
0.456924,16733.79583,1.155145644,6.358601475
0.4573768,16720.30991,1.154214701,6.353477018
0.45783,16706.58184,1.153267043,6.34826055
0.4582837,16692.56058,1.152299146,6.342932674
0.4587378,16678.22573,1.151309601,6.337485636
0.4591924,16663.56112,1.150297293,6.331913296
0.4596475,16648.54648,1.149260822,6.32620795
0.4601029,16633.16321,1.148198904,6.320362529
0.4605589,16617.38869,1.147109978,6.314368439
0.4610153,16601.20208,1.145992605,6.308217759
0.4614721,16584.58391,1.144845441,6.301903093
0.4619294,16567.51394,1.143667089,6.295416751
0.4623871,16549.97572,1.142456413,6.28875248
0.4628453,16531.89093,1.141208008,6.28188052
0.463304,16513.31226,1.139925509,6.274820893
0.4637631,16494.23479,1.138608578,6.267571731
0.4642226,16474.65959,1.137257288,6.260133436
0.4646827,16454.5937,1.135872126,6.252508685
0.4651431,16434.05079,1.134454034,6.244702675
0.4656041,16413.05505,1.133004684,6.236724598
0.4660654,16391.63571,1.131526092,6.228585557
0.4665273,16369.83153,1.130020934,6.220300283
0.4669896,16347.6916,1.128492599,6.211887428
0.4674523,16325.26813,1.126944691,6.203366833
0.4679156,16302.66534,1.125384405,6.194778098
0.4683792,16279.95457,1.123816664,6.18614833
0.4688434,16257.15348,1.122242689,6.177484243
0.469308,16234.32903,1.120667101,6.168811282
0.469773,16211.54792,1.119094505,6.160154787
0.4702385,16188.87789,1.117529577,6.151540504
0.4707045,16166.3801,1.115976539,6.142991668
0.471171,16144.10873,1.114439131,6.134528868
0.4716379,16122.1168,1.112921013,6.126172253
0.4721052,16100.44844,1.11142523,6.117938585
0.472573,16079.14347,1.109954533,6.109843003
0.4730413,16058.23344,1.108511099,6.101897492
0.4735101,16037.80546,1.107100942,6.094135155
0.4739793,16017.85004,1.105723405,6.086552382
0.474449,15998.35079,1.104377358,6.07914295
0.4749191,15979.31938,1.103063606,6.071911286
0.4753898,15960.75779,1.101782287,6.064858151
0.4758608,15942.66661,1.10053344,6.057983763
0.4763324,15925.03863,1.099316568,6.051285383
0.4768044,15907.86419,1.098131005,6.044759343
0.4772769,15891.12693,1.09697562,6.038399424
0.4777498,15874.80721,1.095849058,6.032198167
0.4782233,15858.88042,1.094749621,6.026146217
0.4786972,15843.31667,1.093675244,6.020232214
0.4791715,15828.08124,1.092623532,6.014442971
0.4796463,15813.14069,1.091592175,6.008765776
0.4801216,15798.45623,1.090578497,6.003185895
0.4805974,15783.98705,1.089579679,5.997687813
0.4810737,15769.69065,1.088592788,5.992255387
0.4815504,15755.52323,1.087614801,5.986871971
0.4820276,15741.43848,1.086642521,5.981519969
0.4825052,15727.39812,1.085673306,5.976184837
0.4829834,15713.36016,1.084704255,5.970850613
0.483462,15699.29007,1.083732987,5.96550418
0.483941,15685.1554,1.082757261,5.960133211
0.4844206,15670.9611,1.081777418,5.95473958
0.4849006,15656.69075,1.080792327,5.949317055
0.4853811,15642.29423,1.079798524,5.943846582
0.4858621,15627.76216,1.078795365,5.938324604
0.4863436,15613.15821,1.077787244,5.932775314
0.4868255,15598.45281,1.07677212,5.927187473
0.4873079,15583.61596,1.075747922,5.921549683
0.4877908,15568.65993,1.074715497,5.915866609
0.4882742,15553.59716,1.073675704,5.910142975
0.488758,15538.44584,1.072629798,5.904385691
0.4892424,15523.22601,1.071579162,5.898602374
0.4897272,15507.95723,1.070525148,5.892800459
0.4902125,15492.70182,1.069472056,5.88700362
0.4906982,15477.4488,1.068419129,5.881207692
0.4911845,15462.21524,1.067367546,5.87541916
0.4916712,15447.02115,1.066318687,5.869645623
0.4921584,15431.88967,1.065274151,5.863895881
0.4926461,15416.83952,1.064235228,5.85817704
0.4931343,15401.88996,1.063203249,5.852496421
0.493623,15387.05921,1.062179472,5.84686095
0.4941121,15372.36475,1.061165103,5.841277266
0.4946018,15357.82097,1.060161136,5.835750842
0.4950919,15343.44316,1.059168626,5.830287481
0.4955825,15329.2523,1.058189021,5.824895155
0.4960736,15315.28816,1.057225066,5.819588984
0.4965652,15301.53413,1.056275616,5.81436265
0.4970572,15288.00771,1.055341878,5.809222805
0.4975498,15274.72395,1.054424891,5.80417517
0.4980428,15261.70189,1.053525969,5.799226974
0.4985364,15248.9557,1.05264609,5.794383606
0.4990304,15236.50294,1.051786468,5.789651737
0.4995249,15224.35841,1.050948122,5.785036987
0.5000199,15212.53616,1.050132024,5.780544704
0.5005154,15201.04666,1.049338895,5.776178858
0.5010114,15189.89939,1.048569392,5.771943059
0.5015078,15179.08424,1.047822815,5.767833457
0.5020048,15168.61007,1.047099775,5.763853424
0.5025022,15158.48679,1.046400958,5.76000672
0.5030002,15148.71098,1.045726127,5.756292054
0.5034986,15139.27641,1.045074852,5.752707056
0.5039976,15130.17292,1.044446432,5.74924786
0.504497,15121.38794,1.043839998,5.745909692
0.5049969,15112.9078,1.043254608,5.74268736
0.5054973,15104.71366,1.042688961,5.739573707
0.5059983,15096.78683,1.042141767,5.736561625
0.5064997,15089.10721,1.041611637,5.733643479
0.5070016,15081.65488,1.041097197,5.7308117
0.507504,15074.49189,1.040602731,5.728089869
0.5080069,15067.51472,1.040121092,5.725438644
0.5085103,15060.70295,1.039650871,5.722850271
0.5090142,15054.04105,1.039190995,5.720318843
0.5095186,15047.51467,1.038740475,5.717838914
0.5100235,15041.11017,1.038298368,5.715405295
0.5105289,15034.81761,1.037863988,5.713014215
0.5110348,15028.62794,1.03743671,5.710662227
0.5115412,15022.53533,1.037016134,5.708347125
0.5120481,15016.53178,1.036601704,5.706065862
0.5125555,15010.61089,1.036192981,5.703816008
0.5130634,15004.76403,1.035789368,5.701594285
0.5135719,14998.98121,1.035390176,5.699396899
0.5140808,14993.25372,1.034994803,5.697220532
0.5145902,14987.57145,1.034602552,5.695061352
0.5151001,14981.9186,1.034212332,5.69291335
0.5156106,14976.28196,1.033823231,5.690771509
0.5161215,14970.64575,1.033434159,5.688629829
0.5166329,14964.99276,1.03304393,5.686481778
0.5171449,14959.30967,1.032651622,5.684322284
0.5176573,14953.58291,1.0322563,5.682146198
0.5181703,14947.79956,1.031857071,5.679948608
0.5186838,14941.9506,1.031453313,5.677726088
0.5191978,14936.04894,1.031045917,5.675483541
0.5197123,14930.08027,1.030633896,5.673215531
0.5202273,14924.04348,1.030217172,5.67092164
0.5207428,14917.94333,1.029796074,5.668603669
0.5212588,14911.78944,1.029371267,5.66626528
0.5217753,14905.59474,1.028943643,5.663911384
0.5222924,14899.37156,1.028514052,5.661546663
0.5228099,14893.1337,1.028083448,5.659176366
0.523328,14886.89571,1.027652836,5.656806023
0.5238466,14880.66911,1.027223009,5.654440003
0.5243657,14874.4663,1.026794825,5.652083026
0.5248853,14868.29361,1.02636872,5.649737492
0.5254055,14862.14176,1.025944053,5.647399876
0.5259261,14856.03303,1.025522363,5.645078649
0.5264473,14849.96626,1.02510357,5.642773361
0.5269689,14843.93988,1.024687565,5.640483424
0.5274911,14837.94678,1.024273857,5.638206135
0.5280138,14831.97958,1.023861937,5.635938685
0.5285371,14826.02659,1.023450998,5.633676634
0.5290608,14820.07423,1.023040102,5.631414823
0.5295851,14814.10837,1.022628275,5.629147882
0.5301099,14808.11295,1.022214407,5.626869708
0.5306352,14802.06864,1.021797164,5.624572956
0.531161,14795.99402,1.021377829,5.62226469
0.5316873,14789.87288,1.020955282,5.619938743
0.5322142,14783.64892,1.020525638,5.61757373
0.5327416,14777.30898,1.020087987,5.615164641
0.5332695,14770.83446,1.019641047,5.61270442
0.533798,14764.21276,1.019183946,5.610188269
0.5343269,14757.4296,1.018715699,5.607610764
0.5348564,14750.47403,1.018235552,5.604967749
0.5353864,14743.33943,1.017743045,5.602256702
0.535917,14736.01776,1.017237625,5.599474575
0.536448,14728.50655,1.016719121,5.596620423
0.5369796,14720.79444,1.016186748,5.59368993
0.5375117,14712.89269,1.015641285,5.590687378
0.5380444,14704.80599,1.015083055,5.587614551
0.5385775,14696.5389,1.014512372,5.584473176
0.5391112,14688.09783,1.013929679,5.581265689
0.5396454,14679.49003,1.013335477,5.577994851
0.5401802,14670.72078,1.012730129,5.57466266
0.5407155,14661.79917,1.012114264,5.571272578
0.5412513,14652.72767,1.011488052,5.567825537
0.5417876,14643.51047,1.010851782,5.564323133
0.5423245,14634.15143,1.010205721,5.560766834
0.5428619,14624.64937,1.009549787,5.55715619
0.5433999,14615.00484,1.008884019,5.553491407
0.5439384,14605.21344,1.008208111,5.549770814
0.5444774,14595.27385,1.007521975,5.545993916
0.5450169,14585.18089,1.00682525,5.542158735
0.545557,14574.92994,1.00611762,5.538263519
0.5460976,14564.51238,1.005398489,5.534304999
0.5466387,14553.92174,1.004667409,5.530280708
0.5471804,14543.15136,1.003923922,5.526188117
0.5477227,14532.1933,1.00316748,5.522024212
0.5482654,14521.03607,1.002397288,5.517784626
0.5488087,14509.67403,1.001612959,5.513467214
0.5493525,14498.09975,1.000813978,5.509069155
0.5498969,14486.30821,1,5.50458854
0.5504418,14474.41421,0.999178949,5.500068992
0.5509873,14462.33421,0.998345058,5.495478765
0.5515333,14450.00955,0.997494278,5.49079557
0.5520798,14437.42717,0.996625708,5.486014449
0.5526269,14424.5797,0.995738837,5.481132593
0.5531745,14411.457,0.994832969,5.476146159
0.5537227,14398.04978,0.993907459,5.471051606
0.5542714,14384.34751,0.992961582,5.465844943
0.5548206,14370.34072,0.991994683,5.460522565
0.5553704,14356.01864,0.99100602,5.45508038
0.5559208,14341.37361,0.989995063,5.449515477
0.5564716,14326.40245,0.988961594,5.443826655
0.5570231,14311.08904,0.987904498,5.438007779
0.5575751,14295.43196,0.986823679,5.432058312
0.5581276,14279.42196,0.985718498,5.425974745
0.5586806,14263.06012,0.984589028,5.419757479
0.5592343,14246.34716,0.983435321,5.413406796
0.5597884,14229.28912,0.982257793,5.406924988
0.5603431,14211.89705,0.981057205,5.400316249
0.5608984,14194.18125,0.979834271,5.393584501
0.5614542,14176.1639,0.978590521,5.386738168
0.5620106,14157.86729,0.977327494,5.37978572
0.5625675,14139.33983,0.97604853,5.372745551
0.563125,14120.61377,0.974755857,5.365629919
0.563683,14101.7089,0.97345084,5.35844634
0.5642416,14082.66724,0.972136381,5.351210781
0.5648007,14063.52824,0.970815202,5.343938237
0.5653604,14044.33778,0.969490472,5.336646139
0.5659206,14025.13802,0.968165099,5.329350507
0.5664814,14005.97358,0.966842164,5.322068295
0.5670428,13986.88394,0.965524393,5.314814507
0.5676047,13967.91064,0.964214653,5.307604927
0.5681671,13949.08851,0.962915348,5.300452789
0.5687302,13930.44972,0.961628699,5.293370317
0.5692937,13912.00511,0.960355455,5.286361629
0.5698579,13893.78924,0.959098001,5.279439863
0.5704226,13875.83329,0.957858489,5.272616861
0.5709878,13858.15505,0.956638148,5.265899384
0.5715536,13840.7671,0.955437845,5.259292214
0.57212,13823.68095,0.954258376,5.252799722
0.5726869,13806.90451,0.953100287,5.246424917
0.5732544,13790.44059,0.951963771,5.240168862
0.5738225,13774.2887,0.950848794,5.234031377
0.5743911,13758.44906,0.949755373,5.228012544
0.5749603,13742.91383,0.948682965,5.222109379
0.5755301,13727.6939,0.947632323,5.216326026
0.5761004,13712.81721,0.946605374,5.210673095
0.5766712,13698.21289,0.945597228,5.205123667
0.5772427,13683.86647,0.944606885,5.199672234
0.5778147,13669.75948,0.943633069,5.194311779
0.5783873,13655.87009,0.942674275,5.189034011
0.5789604,13642.17804,0.941729103,5.183831229
0.5795341,13628.65891,0.940795868,5.178694156
0.5801084,13615.2891,0.939872941,5.173613818
0.5806833,13602.04131,0.938958437,5.16857985
0.5812587,13588.89093,0.938050657,5.163582896
0.5818347,13575.81405,0.937147951,5.158613869
0.5824113,13562.74975,0.936246113,5.153649622
0.5829884,13549.68191,0.935344031,5.148684033
0.5835661,13536.62074,0.934442409,5.143720974
0.5841444,13523.54835,0.933540012,5.138753653
0.5847232,13510.45003,0.932635826,5.133776482
0.5853026,13497.31433,0.93172906,5.128785105
0.5858826,13484.13285,0.930819133,5.123776332
0.5864632,13470.90172,0.929905779,5.118748694
0.5870444,13457.6177,0.928988774,5.113700956
0.5876261,13444.28258,0.928068241,5.108633803
0.5882084,13430.90223,0.927144586,5.103549463
0.5887913,13417.48112,0.926218117,5.098449634
0.5893747,13404.1014,0.925294506,5.093365534
0.5899588,13390.70286,0.924369595,5.08827428
0.5905434,13377.29686,0.92344417,5.083180196
0.5911286,13363.8976,0.92251921,5.07808867
0.5917143,13350.51932,0.921595697,5.073005114
0.5923007,13337.175,0.92067453,5.067934466
0.5928876,13323.88104,0.919756839,5.062882953
0.5934751,13310.65216,0.918843639,5.057856167
0.5940632,13297.50173,0.917935856,5.052859194
0.5946519,13284.44451,0.917034507,5.047897637
0.5952412,13271.493,0.916140456,5.042976253
0.595831,13258.64758,0.915253727,5.038095178
0.5964215,13245.88768,0.914372902,5.033246598
0.5970125,13233.27084,0.913501953,5.028452381
0.5976041,13220.80801,0.912641635,5.023716683
0.5981963,13208.50947,0.911792658,5.019043418
0.598789,13196.38456,0.910955667,5.014436126
0.5993824,13184.44562,0.910131514,5.009899501
0.5999764,13172.70027,0.909320724,5.005436435
0.6005709,13161.15819,0.908523966,5.001050613
0.601166,13149.82845,0.907741866,4.996745473
0.6017617,13138.71977,0.906975026,4.992524335
0.6023581,13127.8361,0.906223719,4.988388698
0.602955,13117.24379,0.905492524,4.984363773
0.6035524,13106.92859,0.904780459,4.980444144
0.6041505,13096.85478,0.904085057,4.976616243
0.6047492,13087.02553,0.903406537,4.972881268
0.6053485,13077.442,0.902744979,4.969239665
0.6059483,13068.10329,0.902100322,4.965691092
0.6065488,13059.00481,0.901472247,4.962233798
0.6071498,13050.14592,0.900860711,4.958867546
0.6077515,13041.51829,0.90026514,4.955589174
0.6083537,13033.11679,0.899685179,4.952396725
0.6089566,13024.93205,0.899120181,4.949286642
0.60956,13016.94842,0.898569065,4.946252975
0.6101641,13009.10869,0.898027882,4.94327399
0.6107687,13001.45443,0.897499504,4.940365484
0.6113739,12993.97257,0.896983026,4.937522483
0.6119798,12986.65281,0.896477738,4.934741082
0.6125862,12979.48175,0.895982714,4.932016181
0.6131932,12972.44604,0.895497035,4.929342714
0.6138009,12965.53742,0.895020127,4.926717535
0.6144091,12958.74341,0.894551132,4.924135912
0.6150179,12952.05669,0.894089543,4.921595051
0.6156274,12945.46826,0.89363474,4.919091546
0.6162374,12938.96936,0.893186116,4.916622057
0.6168481,12932.55677,0.89274345,4.914185365
0.6174594,12926.22442,0.892306323,4.911779161
0.6180712,12919.96204,0.891874027,4.909399548
0.6186837,12913.76138,0.891445991,4.907043385
0.6192968,12907.61466,0.891021678,4.90470772
0.6199105,12901.51592,0.890600678,4.902390288
0.6205247,12895.45378,0.890182205,4.900086761
0.6211396,12889.41962,0.889765662,4.897793867
0.6217552,12883.40329,0.889350351,4.89550775
0.6223713,12877.39576,0.888935647,4.893224973
0.622988,12871.38538,0.888520746,4.890941118
0.6236054,12865.36471,0.888105135,4.888653348
0.6242233,12859.3396,0.887689218,4.886363894
0.6248419,12853.29073,0.88727166,4.88406541
0.6254611,12847.20954,0.886851871,4.881754644
0.6260808,12841.0913,0.886429524,4.879429801
0.6267013,12834.93436,0.886004507,4.877090255
0.6273223,12828.73881,0.885576824,4.874736034
0.6279439,12822.50837,0.885146732,4.872368556
0.6285662,12816.24394,0.884714294,4.869988165
0.629189,12809.95347,0.884280058,4.867597876
0.6298125,12803.64127,0.883844323,4.865199329
0.6304366,12797.31574,0.883407667,4.862795718
0.6310614,12790.98633,0.882970743,4.860390634
0.6316867,12784.67389,0.882534991,4.857991997
0.6323127,12778.36713,0.882099631,4.855595522
0.6329392,12772.07231,0.881665096,4.853203582
0.6335664,12765.79403,0.881231701,4.850817925
0.6341943,12759.53419,0.88079958,4.848439274
0.6348227,12753.29511,0.880368892,4.846068514
0.6354518,12747.07399,0.879939444,4.84370458
0.6360815,12740.8709,0.87951124,4.841347493
0.6367118,12734.68332,0.879084107,4.838996302
0.6373427,12728.50383,0.878657533,4.836648184
0.6379743,12722.32743,0.878231171,4.834301242
0.6386065,12716.14354,0.877804293,4.831951454
0.6392393,12709.94681,0.877376529,4.829596786
0.6398728,12703.7273,0.876947191,4.827233459
0.6405068,12697.47788,0.87651579,4.82485877
0.6411415,12691.18698,0.876081524,4.822468318
0.6417769,12684.84592,0.875643797,4.820058808
0.6424128,12678.44436,0.875201892,4.817626307
0.6430494,12671.97326,0.874755188,4.815167384
0.6436867,12665.42321,0.874303033,4.812678457
0.6443245,12658.78812,0.873845009,4.810157219
0.644963,12652.0558,0.873380271,4.807599033
0.6456021,12645.2231,0.872908605,4.805002706
0.6462419,12638.3088,0.872431306,4.802375371
0.6468823,12631.28578,0.871946503,4.799706725
0.6475233,12624.14692,0.871453702,4.796994062
0.6481649,12616.88793,0.870952609,4.794235749
0.6488072,12609.50719,0.870443112,4.791431176
0.6494501,12602.00184,0.869925012,4.788579251
0.6500937,12594.37338,0.869398414,4.785680544
0.6507379,12586.61828,0.868863074,4.78273372
0.6513828,12578.73657,0.868318994,4.779738782
0.6520282,12570.7287,0.867766205,4.776695908
0.6526744,12562.59414,0.867204671,4.773604891
0.6533211,12554.32462,0.86663382,4.770462591
0.6539685,12545.91133,0.866053045,4.767265666
0.6546166,12537.36691,0.865463217,4.764018906
0.6552652,12528.68463,0.864863874,4.760719767
0.6559146,12519.86411,0.864254987,4.757368095
0.6565645,12510.92307,0.863637781,4.75397063
0.6572152,12501.88603,0.863013947,4.750536683
0.6578664,12492.69691,0.862379616,4.74704495
0.6585183,12483.34926,0.861734341,4.743492978
0.6591709,12473.83889,0.861077833,4.739879174
0.6598241,12464.16045,0.860409724,4.736201508
0.6604779,12454.30602,0.859729466,4.732456966
0.6611324,12444.23864,0.859034508,4.728631506
0.6617876,12433.9684,0.858325546,4.724728964
0.6624433,12423.50653,0.857603356,4.720753603
0.6630998,12412.84746,0.856867553,4.716703311
0.6637569,12401.98569,0.856117757,4.712575992
0.6644146,12390.91647,0.855353641,4.708369848
0.665073,12379.63586,0.854574933,4.70408338
0.6657321,12368.13823,0.853781243,4.699714447
0.6663918,12356.41982,0.852972313,4.695261619
0.6670521,12344.47476,0.852147737,4.690722668
0.6677131,12332.3007,0.851307353,4.6860967
0.6683748,12319.8957,0.850451027,4.681382978
0.6690371,12307.27186,0.849579595,4.6765861
0.6697001,12294.40746,0.848691556,4.671697815
0.6703637,12281.30117,0.84778682,4.666717614
0.671028,12267.95195,0.846865314,4.661645103
0.6716929,12254.35845,0.845926945,4.656479767
0.6723585,12240.51844,0.84497156,4.651220764
0.6730248,12226.4347,0.843999349,4.645869143
0.6736917,12212.10712,0.843010306,4.640424871
0.6743593,12197.5399,0.842004721,4.634889535
0.6750276,12182.73723,0.840982882,4.629264735
0.6756965,12167.70588,0.839945257,4.623553038
0.6763661,12152.46081,0.83889288,4.617760131
0.6770363,12137.01727,0.837826801,4.611891809
0.6777072,12121.3794,0.836747308,4.605949645
0.6783788,12105.56398,0.835655559,4.599940011
0.679051,12089.58861,0.834552768,4.5938696
0.6797239,12073.47498,0.833440433,4.587746654
0.6803975,12057.24524,0.832320082,4.581579586
0.6810717,12040.92434,0.831193439,4.575377879
0.6817466,12024.53522,0.830062087,4.569150251
0.6824222,12008.10727,0.828928054,4.562907865
0.6830984,11991.66308,0.8277929,4.556659311
0.6837753,11975.23167,0.826658628,4.550415609
0.6844529,11958.81405,0.825525308,4.54417715
0.6851311,11942.4607,0.824396425,4.537963115
0.6858101,11926.18748,0.823273073,4.531779523
0.6864897,11910.01634,0.822156768,4.525634722
0.6871699,11893.96238,0.821048552,4.519534449
0.6878509,11878.04595,0.81994983,4.513486435
0.6885325,11862.27803,0.818861359,4.507494854
0.6892148,11846.67242,0.817784093,4.501564948
0.6898977,11831.23854,0.816718682,4.495700295
0.6905814,11815.98646,0.81566582,4.489904724
0.6912657,11800.91965,0.814625747,4.484179553
0.6919507,11786.04387,0.813598861,4.478526968
0.6926364,11771.35945,0.812585186,4.472947101
0.6933228,11756.87099,0.811585038,4.467441697
0.6940098,11742.57623,0.81059826,4.462009892
0.6946975,11728.47407,0.809624778,4.456651273
0.6953859,11714.55884,0.8086642,4.451363686
0.696075,11700.82669,0.80771626,4.446145668
0.6967648,11687.27083,0.80678049,4.440994639
0.6974552,11673.88239,0.805856276,4.435907221
0.6981464,11660.653,0.804943042,4.430880244
0.6988382,11647.5715,0.804040017,4.425909464
0.6995307,11634.62708,0.803146454,4.420990768
0.7002239,11621.81001,0.802261683,4.416120468
0.7009178,11609.1117,0.80138511,4.411295294
0.7016123,11596.51236,0.800515369,4.406507727
0.7023076,11584.00122,0.799651716,4.401753673
0.7030035,11571.56472,0.798793216,4.39702798
0.7037002,11559.19245,0.797939149,4.392326695
0.7043975,11546.87248,0.797088693,4.387645284
0.7050955,11534.59505,0.796241174,4.382980041
0.7057942,11522.35085,0.795395948,4.37832742
0.7064936,11510.13146,0.794552435,4.373684226
0.7071937,11497.93254,0.793710335,4.369048812
0.7078945,11485.7505,0.7928694,4.364419813
0.708596,11473.58572,0.792029657,4.359797372
0.7092981,11461.43179,0.791190663,4.355179054
0.710001,11449.29055,0.790352544,4.350565558
0.7107046,11437.16309,0.789515377,4.345957298
0.7114088,11425.05378,0.788679463,4.341355935
0.7121138,11412.96558,0.787845006,4.336762591
0.7128195,11400.90445,0.787012418,4.332179537
0.7135258,11388.87816,0.786182234,4.327609718
0.7142329,11376.89143,0.785354783,4.323054936
0.7149406,11364.95248,0.784530628,4.318518306
0.7156491,11353.06889,0.783710296,4.314002713
0.7163583,11341.24802,0.782894293,4.309510952
0.7170681,11329.49463,0.782082948,4.305044833
0.7177787,11317.81994,0.781277036,4.300608617
0.71849,11306.23445,0.780477282,4.2962063
0.719202,11294.7442,0.779684102,4.29184017
0.7199146,11283.3552,0.778897911,4.287512514
0.720628,11272.07627,0.778119318,4.283226683
0.7213421,11260.91427,0.777348797,4.278985282
0.7220569,11249.87326,0.776586629,4.274789858
0.7227725,11238.961,0.775833348,4.270643357
0.7234887,11228.18167,0.775089243,4.266547365
0.7242056,11217.54132,0.774354733,4.262504187
0.7249232,11207.05011,0.773630517,4.258517678
0.7256416,11196.7076,0.772916566,4.254587673
0.7263607,11186.51539,0.772212991,4.250714779
0.7270804,11176.47441,0.771519855,4.246899354
0.7278009,11166.58874,0.77083744,4.243142941
0.7285221,11156.85935,0.770165814,4.239445912
0.7292441,11147.28706,0.769505032,4.235808579
0.7299667,11137.87331,0.768855194,4.232231489
0.7306901,11128.61519,0.7682161,4.228713539
0.7314141,11119.51491,0.767587901,4.225255562
0.7321389,11110.56989,0.76697042,4.221856582
0.7328644,11101.77565,0.766363347,4.218514899
0.7335906,11093.07865,0.765762987,4.215210163
0.7343176,11084.53003,0.76517287,4.211961811
0.7350452,11076.12298,0.764592526,4.208767255
0.7357736,11067.85464,0.764021757,4.205625405
0.7365027,11059.71833,0.763460101,4.202533723
0.7372326,11051.71067,0.762907327,4.199490929
0.7379631,11043.82616,0.762363053,4.196494926
0.7386944,11036.05642,0.761826703,4.193542537
0.7394264,11028.39817,0.761298049,4.190632514
0.7401591,11020.84233,0.760776464,4.187761403
0.7408926,11013.3865,0.760261782,4.184928294
0.7416268,11006.03555,0.759754341,4.182135041
0.7423617,10998.78879,0.759254093,4.179381376
0.7430973,10991.62226,0.758759381,4.176658195
0.7438337,10984.5312,0.758269881,4.173963698
0.7445707,10977.51095,0.757785268,4.171296102
0.7453086,10970.55495,0.75730509,4.168652921
0.7460471,10963.65857,0.756829029,4.166032398
0.7467864,10956.81565,0.756356657,4.163432187
0.7475264,10950.02334,0.755887779,4.160851207
0.7482672,10943.27139,0.755421687,4.158285563
0.7490087,10936.55767,0.754958234,4.155734445
0.7497509,10929.87348,0.75449682,4.153194551
0.7504939,10923.21068,0.754036883,4.150662782
0.7512375,10916.56509,0.753578132,4.148137551
0.751982,10909.93223,0.753120262,4.145617162
0.7527271,10903.30662,0.752662891,4.143099525
0.753473,10896.68182,0.752205577,4.140582198
0.7542197,10890.05438,0.75174808,4.138063866
0.7549671,10883.42062,0.751290147,4.135543133
0.7557152,10876.77741,0.750831562,4.133018809
0.7564641,10870.12142,0.750372094,4.130489628
0.7572137,10863.45372,0.749911818,4.127955997
0.757964,10856.77289,0.749450635,4.125417379
0.7587151,10850.08386,0.748988887,4.122875641
0.759467,10843.39879,0.748527412,4.120335414
0.7602196,10836.70498,0.748065334,4.117791862
0.7609729,10830.00633,0.747602921,4.11524647
0.761727,10823.30245,0.747140147,4.112699091
0.7624818,10816.59908,0.746677409,4.110151908
0.7632374,10809.89595,0.746214687,4.107604815
0.7639937,10803.1973,0.745752275,4.105059426
0.7647508,10796.50421,0.745290246,4.102516148
0.7655086,10789.81728,0.744828643,4.099975211
0.7662671,10783.13823,0.744367583,4.097437266
0.7670265,10776.46555,0.743906963,4.094901745
0.7677865,10769.78041,0.743445483,4.092361486
0.7685474,10763.08127,0.742983037,4.089815912
0.769309,10756.38517,0.742520801,4.087271491
0.7700713,10749.68926,0.742058577,4.08472714
0.7708344,10742.99167,0.741596238,4.082182153
0.7715982,10736.28758,0.74113345,4.079634696
0.7723628,10729.57313,0.740669946,4.077083299
0.7731282,10722.84419,0.740205443,4.074526399
0.7738943,10716.09552,0.739739578,4.071962004
0.7746612,10709.32184,0.739271986,4.069388103
0.7754289,10702.51928,0.738802401,4.066803228
0.7761973,10695.68143,0.738330379,4.064204942
0.7769664,10688.83278,0.737857612,4.061602553
0.7777363,10681.94018,0.737381811,4.058983465
0.778507,10674.99807,0.736902592,4.056345565
0.7792785,10668.00159,0.73641962,4.053687001
0.7800507,10660.9466,0.73593261,4.051006208
0.7808237,10653.82769,0.735441186,4.048301122
0.7815974,10646.6427,0.734945201,4.045570929
0.7823719,10639.38547,0.734444229,4.042813287
0.7831472,10632.05348,0.733938097,4.040027236
0.7839233,10624.64216,0.733426488,4.037211042
0.7847001,10617.14958,0.73290927,4.034363969
0.7854777,10609.56174,0.732385476,4.0314807
0.7862561,10601.8687,0.731854421,4.028557456
0.7870352,10594.08393,0.731317032,4.025599354
0.7878151,10586.20201,0.730772938,4.022604341
0.7885958,10578.21942,0.730221894,4.019571068
0.7893772,10570.13297,0.729663681,4.016498337
0.7901594,10561.93837,0.729098002,4.013384504
0.7909424,10553.63255,0.728524646,4.010228415
0.7917262,10545.21002,0.727943232,4.007027973
0.7925108,10536.66804,0.727353574,4.003782146
0.7932961,10528.00242,0.72675538,4.000489334
0.7940822,10519.20895,0.72614836,3.997147943
0.7948691,10510.28226,0.725532144,3.993755925
0.7956568,10501.21991,0.724906564,3.990312364
0.7964452,10492.01667,0.724271258,3.986815267
0.7972344,10482.66883,0.72362597,3.983263222
0.7980244,10473.17375,0.722970518,3.979655226
0.7988152,10463.53583,0.722305206,3.975992958
0.7996068,10453.74764,0.72162952,3.972273584
0.8003992,10443.84727,0.72094609,3.968511586
0.8011923,10433.81427,0.720253505,3.96469919
0.8019862,10423.61913,0.719549728,3.960825185
0.802781,10413.25836,0.718834516,3.956888241
0.8035765,10402.73378,0.718107997,3.952889052
0.8043728,10392.05349,0.71737073,3.948830699
0.8051699,10381.20494,0.716621847,3.944708406
0.8059677,10370.18575,0.715861184,3.940521271
0.8067664,10358.99609,0.715088754,3.936269361
0.8075658,10347.63552,0.714304526,3.931952508
0.8083661,10336.10412,0.713508505,3.927570741
0.8091671,10324.4024,0.712700728,3.923124258
0.809969,10312.53164,0.711881281,3.91861354
0.8107716,10300.49406,0.711050318,3.914039433
0.811575,10288.29085,0.710207922,3.909402387
0.8123792,10275.92537,0.709354324,3.904703682
0.8131843,10263.38182,0.708488434,3.899937316
0.8139901,10250.6639,0.707610507,3.895104688
0.8147967,10237.79568,0.706722205,3.890214949
0.8156041,10224.78364,0.705823975,3.885270562
0.8164123,10211.63507,0.70491632,3.880274294
0.8172213,10198.35619,0.70399967,3.875228513
0.8180312,10184.95698,0.703074712,3.870137004
0.8188418,10171.44698,0.702142108,3.865003399
0.8196532,10157.83661,0.701202574,3.859831655
0.8204654,10144.13589,0.700256804,3.85462558
0.8212784,10130.35679,0.699305623,3.849389719
0.8220923,10116.51538,0.698350141,3.844130181
0.8229069,10102.64591,0.697392722,3.838859985
0.8237224,10088.74192,0.696432919,3.833576666
0.8245386,10074.81241,0.695471356,3.828283654
0.8253557,10060.87305,0.694509112,3.822986898
0.8261736,10046.93342,0.693546849,3.817690038
0.8269923,10033.00806,0.692585572,3.812398604
0.8278118,10019.10945,0.691626141,3.80711733
0.8286321,10005.24818,0.690669288,3.801850248
0.8294532,9991.434721,0.689715735,3.796601333
0.8302751,9977.680736,0.688766288,3.791375017
0.8310979,9963.993742,0.687821465,3.786174156
0.8319215,9950.381062,0.686881773,3.781001534
0.8327458,9936.845117,0.685947377,3.775858069
0.833571,9923.39796,0.68501911,3.770748343
0.8343971,9910.046415,0.684097444,3.765674949
0.8352239,9896.793861,0.683182611,3.760639169
0.8360515,9883.645798,0.682274991,3.755643094
0.83688,9870.603088,0.681374643,3.750687052
0.8377093,9857.667862,0.680481716,3.745771853
0.8385394,9844.842653,0.679596382,3.740898458
0.8393704,9832.127169,0.678718624,3.736066757
0.8402021,9819.520659,0.677848387,3.731276465
0.8410347,9807.022486,0.67698563,3.726527339
0.8418681,9794.612157,0.676128936,3.721811593
0.8427024,9782.292953,0.675278533,3.717130473
0.8435375,9770.074605,0.674435092,3.712487676
0.8443733,9757.953544,0.673598366,3.707881848
0.8452101,9745.925399,0.672768055,3.703311326
0.8460476,9733.986651,0.671943915,3.698774773
0.846886,9722.131819,0.671125568,3.694270108
0.8477252,9710.356899,0.670312737,3.689795808
0.8485653,9698.657038,0.669505087,3.685350029
0.8494061,9687.026064,0.668702193,3.680930426
0.8502478,9675.461865,0.667903908,3.676536197
0.8510904,9663.957358,0.667109744,3.67216465
0.8519338,9652.563661,0.666323229,3.66783521
0.852778,9641.223526,0.665540411,3.663526121
0.853623,9629.932793,0.664761004,3.659235805
0.8544689,9618.689028,0.663984839,3.654963337
0.8553156,9607.489143,0.663211703,3.650707541
0.8561632,9596.331344,0.662441473,3.646467739
0.8570116,9585.21622,0.661674188,3.642244151
0.8578609,9574.142252,0.660909744,3.638036203
0.8587109,9563.110665,0.660148226,3.633844359
0.8595619,9552.119821,0.65938952,3.629667997
0.8604136,9541.175061,0.658633996,3.625509145
0.8612663,9530.262094,0.657880666,3.621362375
0.8621197,9519.372288,0.657128935,3.617224405
0.862974,9508.532239,0.656380639,3.613105343
0.8638292,9497.745819,0.655636045,3.609006659
0.8646852,9487.015676,0.654895336,3.604929359
0.865542,9476.34517,0.654158743,3.60087472
0.8663997,9465.7357,0.653426364,3.596843274
0.8672583,9455.192827,0.652698582,3.592837134
0.8681177,9444.718441,0.651975528,3.588857019
0.8689779,9434.314518,0.651257338,3.584903677
0.869839,9423.985508,0.650544319,3.580978802
0.870701,9413.734091,0.649836656,3.577083412
0.8715638,9403.55386,0.649133908,3.57321507
0.8724275,9393.454517,0.648436743,3.569377466
0.873292,9383.439087,0.647745371,3.565571746
0.8741574,9373.509858,0.647059949,3.561798782
0.8750236,9363.666971,0.646380488,3.558058627
0.8758907,9353.908036,0.645706822,3.554350372
0.8767587,9344.243066,0.645039642,3.550677823
0.8776275,9334.667574,0.644378639,3.547039273
0.8784971,9325.183123,0.643723921,3.543435319
0.8793677,9315.788796,0.643075424,3.53986561
0.8802391,9306.486265,0.642433264,3.536330782
0.8811113,9297.27723,0.641797558,3.532831481
0.8819845,9288.17556,0.641169263,3.529372978
0.8828585,9279.164238,0.640547205,3.525948805
0.8837333,9270.242003,0.639931297,3.522558484
0.884609,9261.407309,0.639321432,3.519201428
0.8854856,9252.657921,0.638717456,3.515876786
0.8863631,9243.995611,0.63811949,3.512585233
0.8872414,9235.416196,0.637527247,3.509325179
0.8881206,9226.91784,0.6369406,3.506095926
0.8890007,9218.50105,0.636359583,3.502897667
0.8898817,9210.162138,0.635783942,3.499729
0.8907635,9201.899288,0.635213552,3.496589236
0.8916462,9193.686672,0.634646629,3.493468561
0.8925297,9185.510967,0.634082254,3.49036191
0.8934142,9177.404067,0.633522629,3.487281405
0.8942995,9169.364587,0.632967658,3.484226519
0.8951857,9161.390215,0.632417182,3.481196372
0.8960728,9153.47832,0.631871018,3.478189966
0.8969607,9145.623414,0.631328789,3.475205215
0.8978495,9137.826223,0.630790543,3.472242394
0.8987393,9130.084618,0.630256135,3.469300696
0.8996299,9122.393564,0.629725216,3.466378206
0.9005213,9114.76497,0.629198609,3.46347945
0.9014137,9107.183956,0.628675286,3.460598774
0.9023069,9099.682022,0.628157422,3.457748147
0.9032011,9092.228709,0.627642915,3.454915996
0.9040961,9084.812656,0.627130979,3.452098002
0.904992,9077.431985,0.626621487,3.449293454
0.9058888,9070.082076,0.626114117,3.446500594
0.9067865,9062.759772,0.625608653,3.443718224
0.907685,9055.46379,0.625105007,3.440945856
0.9085845,9048.189733,0.624602873,3.438181819
0.9094848,9040.93635,0.624102167,3.435425638
0.9103861,9033.699129,0.623602577,3.432675598
0.9112882,9026.477487,0.623104062,3.429931478
0.9121913,9019.265061,0.622606183,3.42719086
0.9130952,9012.041124,0.62210751,3.424445868
0.914,9004.827429,0.621609543,3.421704768
0.9149057,8997.623722,0.621112266,3.418967463
0.9158123,8990.427471,0.620615504,3.416232991
0.9167198,8983.239973,0.620119346,3.413501845
0.9176283,8976.059467,0.619623671,3.410773356
0.9185376,8968.887847,0.619128609,3.408048244
0.9194478,8961.723274,0.618634033,3.405325809
0.9203589,8954.567129,0.618140039,3.402606577
0.9212709,8947.418338,0.617646553,3.39989014
0.9221838,8940.277583,0.617153622,3.397176756
0.9230977,8933.138665,0.616660818,3.39446407
0.9240124,8926.002969,0.616168236,3.391752608
0.924928,8918.873948,0.615676114,3.389043682
0.9258446,8911.752905,0.615184544,3.386337788
0.926762,8904.638168,0.614693408,3.383634291
0.9276804,8897.527826,0.614202576,3.380932463
0.9285997,8890.422552,0.613712094,3.378232562
0.9295199,8883.320205,0.613221814,3.375533772
0.930441,8876.219948,0.612731679,3.372835776
0.931363,8869.117321,0.612241379,3.370136881
0.9322859,8862.013874,0.611751023,3.367437673
0.9332097,8854.904419,0.611260253,3.364736182
0.9341345,8847.84068,0.610772638,3.362052063
0.9350602,8840.772611,0.610284724,3.359366299
0.9359867,8833.692104,0.609795952,3.356675808
0.9369143,8826.596688,0.60930615,3.353979652
0.9378427,8819.482595,0.60881506,3.351276399
0.938772,8812.348267,0.608322572,3.348565457
0.9397023,8805.189354,0.607828387,3.345845174
0.9406335,8798.00364,0.607332352,3.343114706
0.9415656,8790.786996,0.606834182,3.340372485
0.9424986,8783.538427,0.606333808,3.337618133
0.9434326,8776.252365,0.605830846,3.334849534
0.9443675,8768.914444,0.605324305,3.33206123
0.9453033,8761.501494,0.604812584,3.329244416
0.94624,8754.043238,0.604297735,3.326410386
0.9471777,8746.53622,0.60377952,3.323557827
0.9481163,8738.976843,0.603257691,3.320685373
0.9490558,8731.361867,0.602732024,3.317791791
0.9499962,8723.689583,0.602202401,3.314876434
0.9509376,8715.945572,0.601667826,3.311933821
0.95188,8708.135884,0.601128718,3.308966252
0.9528232,8700.258407,0.60058493,3.305972925
0.9537674,8692.311082,0.600036321,3.302953056
0.9547125,8684.288425,0.599482511,3.299904561
0.9556586,8676.186811,0.598923251,3.296826065
0.9566056,8668.002576,0.598358288,3.293716173
0.9575535,8659.736603,0.597787682,3.290575222
0.9585024,8651.383743,0.597211078,3.287401256
0.9594522,8642.94425,0.596628494,3.28419437
0.960403,8634.414226,0.59603966,3.280953084
0.9613547,8625.791351,0.595444417,3.277676516
0.9623073,8617.073021,0.594842585,3.274363676
0.9632609,8608.257695,0.594234057,3.271013979
0.9642154,8599.342167,0.593618612,3.267626206
0.9651709,8590.327373,0.592996314,3.264200714
0.9661273,8581.207362,0.592366753,3.260735242
0.9670847,8571.957875,0.591728255,3.25722057
0.968043,8562.600763,0.591082327,3.253665002
0.9690023,8553.139293,0.590429195,3.25006978
0.9699625,8543.569764,0.589768604,3.246433496
0.9709237,8533.892775,0.589100594,3.24275638
0.9718858,8524.108222,0.58842516,3.239038391
0.9728489,8514.215688,0.587742271,3.23527937
0.9738129,8504.215691,0.587051964,3.231479515
0.9747779,8494.109104,0.5863543,3.227639158
0.9757439,8483.895254,0.58564923,3.223758042
0.9767108,8473.576636,0.584936929,3.219837115
0.9776786,8463.167514,0.58421838,3.215881799
0.9786475,8452.671396,0.583493826,3.211893425
0.9796172,8442.074197,0.582762293,3.207866642
0.980588,8431.379079,0.582024002,3.203802651
0.9815597,8420.588111,0.581279094,3.199702239
0.9825323,8409.704173,0.580527768,3.195566499
0.983506,8398.730337,0.579770237,3.1913966
0.9844806,8387.671561,0.579006841,3.187194424
0.9854561,8376.530539,0.578237769,3.182960996
0.9864327,8365.311528,0.577463313,3.178697933
0.9874101,8354.020574,0.57668389,3.174407533
0.9883886,8342.659846,0.575899651,3.17009062
0.989368,8331.23651,0.57511109,3.165749917
0.9903484,8319.754115,0.574318453,3.161386772
0.9913298,8308.220272,0.573522263,3.157004078
0.9923122,8296.64072,0.572722919,3.152604015
0.9932955,8285.022617,0.571920913,3.148189303
0.9942798,8273.368991,0.571116455,3.143761093
0.995265,8261.689306,0.570310198,3.139322981
0.9962513,8249.988631,0.569502492,3.134876893
0.9972385,8238.27249,0.568693719,3.130424928
0.9982267,8226.546913,0.567884294,3.125969378
0.9992159,8214.820847,0.567074836,3.121513641
1.000206,8203.098359,0.566265624,3.117059265
1.001197,8191.393371,0.565457621,3.112611538
1.002189,8179.703312,0.564650648,3.108169484
1.003182,8168.032197,0.563844982,3.103734628
1.004177,8156.38565,0.563041013,3.099309108
1.005172,8144.768337,0.562239062,3.094894696
1.006168,8133.183451,0.561439349,3.090492606
1.007165,8121.635634,0.560642195,3.086104602
1.008163,8110.128318,0.559847837,3.081731988
1.009162,8098.663962,0.559056445,3.077375698
1.010162,8087.246397,0.558268282,3.073037187
1.011163,8075.876354,0.5574834,3.068716735
1.012165,8064.549724,0.556701515,3.064412778
1.013168,8053.237021,0.555920591,3.060114114
1.014172,8041.978378,0.555143399,3.055835992
1.015177,8030.773253,0.554369901,3.051578206
1.016183,8019.62362,0.553600234,3.047341506
1.01719,8008.529305,0.552834386,3.043125826
1.018198,7997.491045,0.552072407,3.038931446
1.019207,7986.507463,0.551314203,3.034757843
1.020217,7975.578163,0.550559746,3.030604866
1.021228,7964.704289,0.549809114,3.026472951
1.02224,7953.883567,0.549062152,3.022361232
1.023253,7943.125669,0.548319527,3.018273385
1.024267,7932.45018,0.547582591,3.014216853
1.025282,7921.825987,0.546849195,3.010179813
1.026298,7911.248609,0.546119031,3.006160562
1.027315,7900.720433,0.545392264,3.002160007
1.028333,7890.238431,0.544668684,2.998176997
1.029352,7879.80004,0.543948115,2.994210559
1.030372,7869.406455,0.543230638,2.990261146
1.031393,7859.05537,0.542516096,2.986327883
1.032415,7848.745077,0.541804369,2.98241012
1.033438,7838.476426,0.541095517,2.97850818
1.034462,7828.247155,0.540389383,2.974621204
1.035487,7818.055235,0.539685828,2.970748422
1.036513,7807.896845,0.538984587,2.96688838
1.03754,7797.787074,0.538286702,2.963046812
1.038568,7787.719713,0.537591745,2.95922136
1.039597,7777.691323,0.536899478,2.955410716
1.040628,7767.701654,0.536209885,2.951614786
1.041659,7757.752225,0.535523069,2.947834146
1.042691,7747.844154,0.534839107,2.944069222
1.043724,7737.976485,0.534157935,2.94031965
1.044758,7728.151715,0.533479725,2.936586378
1.045794,7718.367608,0.532804321,2.932868559
1.04683,7708.62729,0.53213194,2.929167378
1.047867,7698.900624,0.531460501,2.925471385
1.048906,7689.211504,0.530791655,2.921789659
1.049945,7679.568064,0.530125961,2.918125291
1.050986,7669.970297,0.529463421,2.914478277
1.052027,7660.417937,0.528804015,2.910848518
1.05307,7650.913702,0.528147931,2.907237046
1.054113,7641.455831,0.527495047,2.903643191
1.055158,7632.045155,0.526845422,2.90006727
1.056203,7622.682559,0.526199115,2.896509618
1.05725,7613.367546,0.525556093,2.892970047
1.058298,7604.100885,0.524916409,2.889448849
1.059346,7594.897551,0.524281096,2.885951715
1.060396,7585.77837,0.523651593,2.882486557
1.061447,7576.70612,0.523025329,2.879039233
1.062499,7567.681333,0.522402342,2.875609944
1.063552,7558.703258,0.521782579,2.872198405
1.064605,7549.772428,0.521166078,2.868804818
1.06566,7540.889532,0.520552885,2.865429445
1.066716,7532.050856,0.519942745,2.862070875
1.067773,7523.259571,0.519335876,2.858730314
1.068832,7514.512892,0.518732087,2.855406702
1.069891,7505.810924,0.518131384,2.852100079
1.070951,7497.153533,0.517533758,2.848810395
1.072012,7488.540576,0.5169392,2.845537596
1.073074,7479.930219,0.516344821,2.842265784
1.074138,7471.363154,0.51575343,2.839010423
1.075202,7462.838059,0.515164937,2.835771009
1.076268,7454.354871,0.514579337,2.83254752
1.077334,7445.91243,0.513996549,2.829339514
1.078402,7437.510416,0.513416552,2.82614687
1.07947,7429.148625,0.512839332,2.822969509
1.08054,7420.825804,0.512264802,2.819806957
1.081611,7412.541005,0.511692896,2.816658853
1.082683,7404.294051,0.511123603,2.813525129
1.083755,7396.083129,0.510556798,2.810405097
1.084829,7387.923365,0.509993523,2.807304504
1.085904,7379.803788,0.509433023,2.804219182
1.08698,7371.718515,0.508874891,2.801146895
1.088058,7363.665909,0.508319014,2.79808702
1.089136,7355.648013,0.507765533,2.795040335
1.090215,7347.66152,0.50721422,2.792005583
1.091295,7339.707753,0.506665166,2.788983266
1.092377,7331.783653,0.50611816,2.785972222
1.093459,7323.888683,0.505573164,2.782972247
1.094543,7316.023206,0.505030205,2.779983479
1.095627,7308.185929,0.504489192,2.777005427
1.096713,7300.374742,0.503949981,2.774037288
1.0978,7292.589146,0.503412535,2.771078874
1.098888,7284.830385,0.502876943,2.768130656
1.099977,7277.095147,0.502342974,2.765191377
1.101067,7269.384355,0.501810693,2.762261387
1.102158,7261.696812,0.501280016,2.759340232
1.10325,7254.032327,0.500750931,2.756427838
1.104343,7246.388191,0.500223251,2.753523176
1.105438,7238.76481,0.499697004,2.750626401
1.106533,7231.163226,0.499172261,2.747737909
1.10763,7223.58041,0.498648814,2.744856548
1.108727,7216.016481,0.498126671,2.741982363
1.109826,7208.464485,0.497605351,2.739112714
1.110926,7200.927475,0.497085066,2.736248758
1.112026,7193.408693,0.496566039,2.733391729
1.113128,7185.905031,0.496048056,2.730540446
1.114231,7178.418743,0.495531273,2.727695764
1.115336,7170.946732,0.495015474,2.724856508
1.116441,7163.489963,0.494500729,2.722023043
1.117547,7156.047775,0.493986989,2.719195118
1.118655,7148.617319,0.493474059,2.716371652
1.119763,7141.200565,0.492962076,2.713553393
1.120873,7133.79236,0.492450682,2.710738381
1.121983,7126.395902,0.491940099,2.707927834
1.123095,7119.03556,0.49143201,2.70513101
1.124208,7111.684443,0.490924557,2.702337691
1.125322,7104.339327,0.490417519,2.699546653
1.126437,7096.999029,0.489910813,2.696757445
1.127553,7089.656211,0.489403933,2.69396728
1.128671,7082.305567,0.488896513,2.691174142
1.129789,7074.95526,0.488389116,2.68838113
1.130909,7067.607225,0.487881876,2.685588983
1.132029,7060.258536,0.487374591,2.682796587
1.133151,7052.906808,0.486867096,2.680003036
1.134274,7045.549075,0.486359186,2.677207204
1.135398,7038.176217,0.485850233,2.674405624
1.136523,7030.78007,0.485339672,2.671595194
1.137649,7023.373299,0.484828377,2.668780728
1.138777,7015.954213,0.484316232,2.665961582
1.139905,7008.51984,0.483803032,2.663136628
1.141035,7001.06989,0.483288757,2.660305754
1.142166,6993.601206,0.482773189,2.657467761
1.143297,6986.11237,0.482256229,2.654622112
1.14443,6978.601568,0.481737753,2.651768115
1.145564,6971.065756,0.481217551,2.648904615
1.1467,6963.504123,0.480695566,2.646031303
1.147836,6955.914998,0.480171683,2.643147545
1.148973,6948.306535,0.479646466,2.640256439
1.150112,6940.667056,0.479119107,2.637353547
1.151252,6932.99444,0.478589461,2.634438063
1.152392,6925.286501,0.478057377,2.631509157
1.153534,6917.541104,0.477522706,2.628566018
1.154677,6909.756759,0.476985348,2.625608079
1.155822,6901.932699,0.476445247,2.622635049
1.156967,6894.066282,0.475902223,2.619645923
1.158113,6886.157034,0.475356242,2.616640523
1.159261,6878.202494,0.474807135,2.613617913
1.16041,6870.201271,0.474254805,2.610577563
1.16156,6862.155392,0.473699392,2.607520245
1.162711,6854.062665,0.473140745,2.604445125
1.163863,6845.920985,0.47257872,2.601351404
1.165016,6837.727765,0.472013136,2.598238098
1.166171,6829.483807,0.47144405,2.595105513
1.167326,6821.188046,0.470871387,2.591953243
1.168483,6812.839073,0.470295052,2.588780754
1.169641,6804.43672,0.469715032,2.58558798
1.1708,6795.980503,0.469131293,2.58237474
1.17196,6787.471554,0.468543914,2.579141462
1.173121,6778.908071,0.467952771,2.575887461
1.174284,6770.2912,0.467357943,2.572613174
1.175448,6761.623559,0.466759609,2.569319596
1.176612,6752.906209,0.466157844,2.566007128
1.177778,6744.136502,0.465552465,2.562674766
1.178945,6735.314965,0.464943509,2.559322709
1.180114,6726.440675,0.46433091,2.555950606
1.181283,6717.516755,0.463714886,2.552559645
1.182454,6708.54209,0.463095358,2.549149402
1.183625,6699.519232,0.462472504,2.545720846
1.184798,6690.448714,0.46184636,2.54227418
1.185972,6681.332017,0.461217028,2.538809966
1.187148,6672.171468,0.460584669,2.535329089
1.188324,6662.967392,0.459949305,2.531831673
1.189502,6653.716269,0.459310693,2.528316379
1.19068,6644.415161,0.458668631,2.524782092
1.19186,6635.07795,0.458024077,2.521234086
1.193041,6625.705024,0.457377058,2.517672509
1.194224,6616.299463,0.456727785,2.514098531
1.195407,6606.862749,0.456076362,2.510512716
1.196591,6597.396952,0.455422932,2.50691585
1.197777,6587.905791,0.45476775,2.503309345
1.198964,6578.390233,0.454110884,2.49969357
1.200152,6568.853922,0.453452586,2.496069909
1.201342,6559.298557,0.452792973,2.492439008
1.202532,6549.729766,0.452132432,2.488803005
1.203724,6540.152145,0.451471282,2.485163647
1.204916,6530.563489,0.450809371,2.481520096
1.20611,6520.965402,0.450146808,2.477872961
1.207306,6511.36197,0.449483876,2.474223795
1.208502,6501.753623,0.448820606,2.470572762
1.2097,6492.143743,0.448157229,2.466921146
1.210898,6482.533643,0.447493837,2.463269446
1.212098,6472.927632,0.446830727,2.4596193
1.213299,6463.324781,0.446167836,2.455970355
1.214502,6453.729342,0.445505456,2.452324227
1.215705,6444.142127,0.444843644,2.448681223
1.21691,6434.570246,0.44418289,2.445044046
1.218116,6425.010729,0.44352299,2.441411567
1.219323,6415.465079,0.442864047,2.437784357
1.220531,6405.934095,0.442206116,2.434162721
1.221741,6396.419451,0.441549314,2.430547293
1.222951,6386.921036,0.440893632,2.426938032
1.224163,6377.441445,0.440239249,2.423335924
1.225376,6367.980844,0.439586177,2.419741032
1.22659,6358.539571,0.438934439,2.416153484
1.227806,6349.118892,0.438284123,2.412573762
1.229023,6339.719648,0.437635287,2.409002184
1.23024,6330.342569,0.43698798,2.405439029
1.23146,6320.984042,0.436341955,2.401882924
1.23268,6311.648678,0.435697528,2.39833562
1.233901,6302.337196,0.43505475,2.394797391
1.235124,6293.05077,0.434413701,2.391268683
1.236348,6283.787327,0.433774239,2.387748708
1.237573,6274.546024,0.433136306,2.384237145
1.2388,6265.328575,0.432500019,2.380734647
1.240027,6256.105249,0.431863326,2.377229916
1.241256,6246.742349,0.431216999,2.373672149
1.242486,6237.402641,0.430572272,2.370123195
1.243717,6228.087548,0.429929245,2.366583593
1.24495,6218.793772,0.429287689,2.363052092
1.246183,6209.520219,0.428647529,2.359528276
1.247418,6200.269073,0.428008916,2.356012974
1.248654,6191.040248,0.427371844,2.352506153
1.249892,6181.83483,0.426736387,2.349008226
1.25113,6172.861846,0.426116976,2.345598622
1.25237,6163.923246,0.425499938,2.342202083
1.253611,6155.0077,0.424884492,2.338814304
1.254853,6146.113066,0.424270489,2.335434471
1.256097,6137.241323,0.423658066,2.332063336
1.257341,6128.390424,0.423047082,2.328700122
1.258587,6119.561116,0.422437589,2.325345112
1.259835,6110.76236,0.421830205,2.322001711
1.261083,6101.989196,0.421224587,2.318668035
1.262333,6093.237728,0.420620467,2.315342603
1.263583,6084.508652,0.420017893,2.31202568
1.264836,6075.801218,0.419416813,2.308716981
1.266089,6067.115785,0.418817251,2.305416641
1.267344,6058.453017,0.418219254,2.302124914
1.268599,6049.812791,0.417622813,2.298841753
1.269857,6041.194944,0.417027917,2.295567095
1.271115,6032.598972,0.416434531,2.292300749
1.272375,6024.026205,0.415842747,2.289043221
1.273635,6015.475191,0.415252465,2.285793959
1.274897,6006.934759,0.414662913,2.282548718
1.276161,5998.411181,0.414074524,2.279309881
1.277425,5989.910822,0.413487739,2.276079867
1.278691,5981.432444,0.41290247,2.272858206
1.279958,5972.977939,0.41231885,2.269645615
1.281227,5964.545119,0.411736726,2.266441265
1.282496,5956.13606,0.411156243,2.263245944
1.283767,5947.748698,0.410577258,2.260058867
1.285039,5939.38484,0.409999895,2.256880721
1.286313,5931.043647,0.409424096,2.253711188
1.287587,5922.72506,0.408849858,2.250550245
1.288863,5914.448426,0.408278517,2.247405243
1.29014,5906.202639,0.407709304,2.244271963
1.291419,5897.980034,0.407141692,2.241147491
1.292699,5889.780567,0.406575677,2.238031812
1.29398,5881.603249,0.406011191,2.234924549
1.295262,5873.449638,0.405448341,2.231826294
1.296545,5865.31787,0.404887,2.228736339
1.29783,5857.209282,0.404327258,2.225655192
1.299116,5849.124598,0.403769167,2.222583129
1.300404,5841.057984,0.403212323,2.219517932
1.301692,5833.019566,0.402657425,2.216463449
1.302982,5825.002891,0.402104029,2.213417228
1.304273,5816.984962,0.401550545,2.21037053
1.305566,5808.998098,0.400999207,2.207335637
1.30686,5801.044953,0.400450195,2.204313556
1.308155,5793.116068,0.399902859,2.201300694
1.309451,5785.209862,0.399357088,2.198296449
1.310748,5777.326358,0.398812884,2.195300832
1.312047,5769.465625,0.398270252,2.192313866
1.313347,5761.628946,0.397729281,2.189336041
1.314649,5753.814441,0.39718984,2.186366642
1.315952,5746.023243,0.396652008,2.183406099
1.317256,5738.255883,0.396115822,2.180454614
1.318561,5730.514041,0.395581397,2.177512825
1.319868,5722.802714,0.395049079,2.174582632
1.321176,5715.113822,0.394518309,2.171660964
1.322485,5707.448196,0.393989146,2.168748136
1.323795,5699.803524,0.393461429,2.165843271
1.325107,5692.183058,0.392935383,2.162947603
1.32642,5684.583825,0.392410802,2.160060004
1.327735,5677.008396,0.391887865,2.157181451
1.32905,5669.454495,0.391366414,2.154311077
1.330367,5661.922446,0.390846471,2.151449007
1.331686,5654.413396,0.390328116,2.148595676
1.333005,5646.925122,0.389811195,2.145750239
1.334326,5639.455718,0.389295577,2.142911974
1.335648,5632.001503,0.388781008,2.140079479
1.336972,5624.566606,0.388267772,2.137254325
1.338297,5617.152773,0.387755989,2.134437176
1.339623,5609.760765,0.387245714,2.131628319
1.34095,5602.389578,0.386736876,2.128827374
1.342279,5595.036909,0.386229316,2.126033466
1.343609,5587.704774,0.385723173,2.12324736
1.344941,5580.392391,0.385218395,2.12046876
1.346273,5573.098513,0.384714893,2.117697191
1.347608,5565.823009,0.38421266,2.114932604
1.348943,5558.567196,0.383711786,2.1121755
1.35028,5551.33232,0.383212357,2.109426351
1.351618,5544.115337,0.382714164,2.106684001
1.352957,5536.914586,0.382217091,2.10394782
1.354298,5529.730825,0.381721191,2.101218094
1.35564,5522.562183,0.381226335,2.098494113
1.356983,5515.409501,0.38073258,2.095776197
1.358328,5508.271155,0.380239815,2.093063728
1.359674,5501.146646,0.379748005,2.090356518
1.361021,5494.0359,0.379257145,2.087654536
1.36237,5486.938136,0.378767182,2.084957488
1.36372,5479.85133,0.378277975,2.082264604
1.365071,5472.77696,0.377789626,2.079576445
1.366424,5465.71191,0.377301921,2.076891828
1.367778,5458.657183,0.376814928,2.074211133
1.369133,5451.61041,0.376328484,2.071533461
1.37049,5444.57171,0.375842598,2.068858857
1.371848,5437.541145,0.375357273,2.066187343
1.373208,5430.516657,0.374872368,2.063518139
1.374568,5423.498547,0.374387903,2.060851358
1.375931,5416.484328,0.373903706,2.058186056
1.377294,5409.47452,0.373419814,2.05552243
1.378659,5402.415332,0.372932514,2.05284004
1.380025,5395.343344,0.372444329,2.050152786
1.381392,5388.262644,0.371955544,2.047462222
1.382761,5381.183319,0.371466853,2.044772181
1.384132,5374.102227,0.37097804,2.042081468
1.385503,5367.020735,0.3704892,2.039390602
1.386876,5359.934718,0.370000047,2.036698018
1.38825,5352.846203,0.369510722,2.034004485
1.389626,5345.754192,0.369021155,2.031309623
1.391003,5338.65553,0.36853113,2.028612233
1.392382,5331.551396,0.368040726,2.025912765
1.393761,5324.439758,0.367549805,2.023210444
1.395142,5317.320532,0.36705836,2.020505241
1.396525,5310.194615,0.366566453,2.017797495
1.397909,5303.061589,0.366074055,2.015087048
1.399294,5295.918982,0.365580996,2.01237296
1.400681,5288.765234,0.365087168,2.009654639
1.402069,5281.599456,0.364592509,2.006931746
1.403458,5274.421933,0.36409704,2.004204391
1.404849,5267.23123,0.36360066,2.001472028
1.406241,5260.027551,0.363103385,1.998734733
1.407634,5252.809873,0.362605144,1.995992119
1.409029,5245.577614,0.362105896,1.993243965
1.410425,5238.330791,0.361605643,1.990490277
1.411823,5231.068091,0.361104293,1.987730556
1.413222,5223.790008,0.360601882,1.984964989
1.414623,5216.493003,0.360098165,1.982192232
1.416024,5209.179156,0.359593285,1.979413075
1.417428,5201.849187,0.359087292,1.976627793
1.418832,5194.503919,0.358580243,1.973836697
1.420238,5187.142191,0.358072058,1.971039346
1.421646,5179.764015,0.357562737,1.968235745
1.423054,5172.3704,0.357052351,1.965426278
1.424464,5164.960242,0.356540822,1.962610525
1.425876,5157.534817,0.35602824,1.95978897
1.427289,5150.093591,0.355514567,1.956961411
1.428703,5142.636895,0.354999826,1.954127974
1.430119,5135.173638,0.354484632,1.951292044
1.431536,5127.697899,0.353968577,1.948451371
1.432955,5120.206896,0.353451468,1.945604898
1.434375,5112.702787,0.352933454,1.942753444
1.435796,5105.185148,0.352414506,1.93989685
1.437219,5097.654083,0.351894631,1.937035153
1.438643,5090.110868,0.351373918,1.93416884
1.440069,5082.55556,0.350852369,1.931297932
1.441496,5074.989683,0.350330092,1.928423008
1.442924,5067.41208,0.349807004,1.925543628
1.444354,5059.825347,0.349283287,1.922660778
1.445785,5052.225615,0.348758672,1.91977299
1.447218,5044.613419,0.348233197,1.916880465
1.448652,5036.993901,0.347707216,1.913985158
1.450088,5029.366554,0.347180695,1.911086875
1.451525,5021.731876,0.346653668,1.908185808
1.452963,5014.092122,0.34612629,1.905282811
1.454403,5006.446164,0.345598485,1.902377457
1.455844,4998.796052,0.345070392,1.899470525
1.457287,4991.141433,0.344541988,1.89656188
1.458731,4983.487654,0.344013643,1.893653554
1.460176,4975.88296,0.343488685,1.89076388
1.461623,4968.276406,0.342963599,1.887873499
1.463072,4960.67586,0.342438928,1.884985401
1.464521,4953.076039,0.341914307,1.882097578
1.465973,4945.476524,0.341389708,1.879209872
1.467425,4937.877446,0.340865138,1.876322332
1.468879,4930.283918,0.340340951,1.8734369
1.470335,4922.691061,0.339816811,1.870551724
1.471792,4915.100344,0.339292819,1.867667361
1.47325,4907.512262,0.338769008,1.864783999
1.47471,4899.926371,0.338245349,1.86190147
1.476172,4892.34272,0.337721844,1.859019791
1.477634,4884.763342,0.337198634,1.856139737
1.479099,4877.187714,0.336675683,1.853261107
1.480564,4869.617087,0.336153078,1.850384378
1.482032,4862.051423,0.335630814,1.847509535
1.4835,4854.48986,0.335108834,1.84463625
1.48497,4846.934076,0.334587253,1.841765161
1.486442,4839.382067,0.334065933,1.838895506
1.487915,4831.837442,0.333545122,1.836028657
1.489389,4824.297295,0.333024621,1.83316351
1.490865,4816.763924,0.332504587,1.830300937
1.492342,4809.236008,0.331984929,1.827440438
1.493821,4801.714546,0.331465718,1.82458239
1.495301,4794.200301,0.330947004,1.821727085
1.496783,4786.696001,0.330428977,1.818875559
1.498266,4779.204371,0.329911824,1.816028848
1.499751,4771.718974,0.329395102,1.813184505
1.501237,4764.240366,0.328878849,1.810342741
1.502725,4756.768667,0.328363072,1.807503604
1.504214,4749.304947,0.327847846,1.804667497
1.505705,4741.8478,0.327333074,1.801833889
1.507197,4734.398733,0.32681886,1.799003351
1.50869,4726.956396,0.32630511,1.79617537
1.510185,4719.521981,0.325791907,1.793350399
1.511682,4712.095469,0.32527925,1.790528432
1.51318,4704.67561,0.324767052,1.787708992
1.514679,4697.259002,0.324255078,1.784890788
1.51618,4689.843166,0.323743158,1.782072877
1.517683,4682.43526,0.323231785,1.779257979
1.519187,4675.035692,0.322720988,1.77644625
1.520692,4667.644361,0.322210759,1.77363765
1.522199,4660.260839,0.321701069,1.770832018
1.523707,4652.886959,0.321192045,1.76803005
1.525217,4645.520331,0.320683522,1.765230837
1.526729,4638.16333,0.320175663,1.762435283
1.528241,4630.814159,0.319668344,1.759642704
1.529756,4623.474729,0.319161698,1.756853826
1.531272,4616.14821,0.318655943,1.754069854
1.532789,4608.849443,0.318152104,1.751296428
1.534308,4601.559873,0.3176489,1.748526496
1.535828,4594.280191,0.317146379,1.745760322
1.53735,4587.009399,0.316644471,1.742997526
1.538874,4579.748514,0.316143247,1.740238494
1.540399,4572.497287,0.31564269,1.737483132
1.541925,4565.256665,0.315142864,1.7347318
1.543453,4558.025045,0.314643661,1.731983889
1.544983,4550.805147,0.314145266,1.729240431
1.546514,4543.59486,0.313647535,1.726500626
1.548046,4536.394805,0.31315051,1.723764709
1.54958,4529.201318,0.312653939,1.721031288
1.551116,4521.959693,0.312154044,1.718279574
1.552653,4514.721104,0.311654359,1.715529015
1.554191,4507.49411,0.311155475,1.712782861
1.555731,4500.278701,0.31065739,1.710041109
1.557273,4493.07549,0.310160147,1.707303993
1.558816,4485.884818,0.30966377,1.704571641
1.560361,4478.705657,0.309168188,1.701843663
1.561907,4471.539779,0.308673522,1.699120733
1.563455,4464.386639,0.308179736,1.696402643
1.565004,4457.246246,0.30768683,1.693689396
1.566555,4450.119101,0.307194838,1.690981184
1.568107,4443.010114,0.306704099,1.688279871
1.569661,4435.915763,0.306214371,1.68558412
1.571217,4428.835366,0.305725607,1.682893671
1.572774,4421.768849,0.3052378,1.680208496
1.574332,4414.716633,0.304750981,1.677528756
1.575892,4407.678811,0.304265155,1.674854484
1.577454,4400.656263,0.303780383,1.672186017
1.579017,4393.64755,0.303296567,1.669522807
1.580582,4386.654234,0.302813814,1.666865448
1.582148,4379.676199,0.302332115,1.664213895
1.583716,4372.713302,0.301851461,1.661568095
1.585285,4365.765624,0.301371858,1.658928077
1.586856,4358.831441,0.300893187,1.656293187
1.588429,4351.913162,0.300415613,1.653664341
1.590003,4345.011164,0.299939163,1.651041681
1.591578,4338.125401,0.299463834,1.64842519
1.593155,4331.25573,0.298989616,1.645814814
1.594734,4324.402461,0.29851653,1.64321067
1.596314,4317.565855,0.298044594,1.640612859
1.597896,4310.746188,0.297573828,1.638021484
1.59948,4303.942719,0.29710418,1.635436263
1.601065,4297.157366,0.296635782,1.632857927
1.602651,4290.390438,0.296168656,1.630286592
1.604239,4283.644459,0.295702977,1.627723217
1.605829,4276.916788,0.295238561,1.625166799
1.60742,4270.20676,0.294775363,1.622617084
1.609013,4263.514023,0.294313359,1.620073941
1.610607,4256.838036,0.293852511,1.617537162
1.612204,4250.179946,0.293392898,1.615007183
1.613801,4243.539343,0.292934492,1.61248385
1.6154,4236.915944,0.292477275,1.609967054
1.617001,4230.310208,0.292021276,1.607456969
1.618603,4223.721585,0.291566459,1.604953387
1.620207,4217.150572,0.291112857,1.602456497
1.621813,4210.596603,0.290660432,1.599966083
1.62342,4204.058895,0.29020913,1.597481848
1.625029,4197.538247,0.289759005,1.595004096
1.626639,4191.034368,0.289310037,1.592532715
1.628251,4184.547858,0.288862269,1.590067935
1.629864,4178.078168,0.288415662,1.587609546
1.631479,4171.62587,0.287970255,1.585157766
1.633096,4165.189627,0.287525957,1.582712086
1.634714,4158.770226,0.287082821,1.580272806
1.636334,4152.368037,0.286640873,1.577840067
1.637956,4145.981578,0.286200012,1.575413304
1.639579,4139.611128,0.285760255,1.572992625
1.641204,4133.256816,0.285321612,1.570578078
1.64283,4126.916918,0.284883965,1.568169008
1.644458,4120.59287,0.284447411,1.565765961
1.646088,4114.284466,0.284011938,1.563368858
1.647719,4107.990755,0.283577478,1.560977338
1.649352,4101.711673,0.283144029,1.558591377
1.650986,4095.447838,0.282711632,1.556211211
1.652622,4089.200135,0.282280349,1.553837173
1.65426,4082.965581,0.281849973,1.551468132
1.655899,4076.744461,0.281420525,1.549104197
1.65754,4070.538418,0.280992117,1.54674599
1.659182,4064.344609,0.280564554,1.544392431
1.660826,4058.1594,0.280137585,1.542042141
1.662472,4051.980797,0.279711072,1.539694361
1.66412,4045.815358,0.279285467,1.537351583
1.665769,4039.660983,0.278860626,1.535013009
1.667419,4033.518511,0.278436607,1.532678958
1.669072,4027.388018,0.278013415,1.530349459
1.670726,4021.267963,0.277590943,1.528023926
1.672381,4015.158369,0.277169194,1.525702368
1.674038,4009.059443,0.276748181,1.523384864
1.675697,4002.969614,0.276327796,1.521070817
1.677358,3996.889434,0.275908077,1.518760436
1.67902,3990.819168,0.275489042,1.516453822
1.680684,3984.762896,0.275070973,1.514152526
1.682349,3978.714819,0.27465347,1.511854344
1.684016,3972.675034,0.274236539,1.509559312
1.685685,3966.643018,0.273820145,1.507267234
1.687355,3960.618325,0.273404256,1.504977937
1.689028,3954.600698,0.272988855,1.502691325
1.690701,3948.590366,0.272573958,1.500407485
1.692377,3942.585235,0.27215942,1.498125622
1.694054,3936.587123,0.271745366,1.495846426
1.695732,3930.593916,0.27133165,1.493569094
1.697413,3924.607092,0.270918376,1.491294187
1.699095,3918.619191,0.270505027,1.48901887
1.700778,3912.634017,0.270091866,1.486744591
1.702464,3906.652465,0.269678955,1.484471687
1.704151,3900.675772,0.26926638,1.48220063
1.70584,3894.70337,0.268854101,1.479931203
1.70753,3888.73487,0.268442091,1.477663259
1.709222,3882.769871,0.268030323,1.475396645
1.710916,3876.807815,0.267618758,1.47313115
1.712611,3870.849676,0.267207464,1.470867143
1.714308,3864.894575,0.266796379,1.46860429
1.716007,3858.942135,0.266385478,1.466342449
1.717707,3852.992825,0.265974793,1.464081797
1.71941,3847.055113,0.265564908,1.461825552
1.721113,3841.121397,0.2651553,1.459570825
1.722819,3835.189573,0.264745822,1.457316817
1.724526,3829.260956,0.264336565,1.455064028
1.726235,3823.334167,0.263927435,1.452811934
1.727946,3817.408875,0.263518408,1.450560408
1.729658,3811.485617,0.263109521,1.448309655
1.731372,3805.56447,0.26270078,1.446059705
1.733088,3799.645282,0.262292175,1.443810498
1.734805,3793.727215,0.261883646,1.441561718
1.736524,3787.81167,0.261475292,1.439313896
1.738245,3781.895654,0.261066905,1.437065895
1.739967,3775.97453,0.260658166,1.434815953
1.741692,3770.054439,0.260249498,1.432566404
1.743417,3764.136468,0.259840976,1.43031766
1.745145,3758.220005,0.259432559,1.428069489
1.746874,3752.307515,0.259024415,1.425822828
1.748605,3746.398477,0.25861651,1.423577479
1.750338,3740.490805,0.2582087,1.421332649
1.752073,3734.585328,0.25780104,1.419088653
1.753809,3728.681139,0.25739347,1.416845146
1.755547,3722.778851,0.256986031,1.414602361
1.757286,3716.878906,0.256578754,1.412360467
1.759028,3710.980999,0.256171617,1.410119347
1.760771,3705.086766,0.255764734,1.407879624
1.762516,3699.194135,0.255357962,1.405640509
1.764262,3693.303729,0.254951343,1.403402239
1.766011,3687.415346,0.254544864,1.401164739
1.767761,3681.52949,0.254138559,1.398928198
1.769512,3675.645289,0.253732368,1.396692286
1.771266,3669.76294,0.253326306,1.394457078
1.773021,3663.869138,0.252919452,1.392217519
1.774778,3657.976935,0.252512709,1.389978566
1.776537,3652.087874,0.252106183,1.387740808
1.778297,3646.201436,0.251699838,1.385504046
1.780059,3640.319972,0.251293837,1.383269174
1.781823,3634.441416,0.250888036,1.381035408
1.783589,3628.565083,0.250482389,1.378802486
1.785356,3622.691475,0.250076929,1.376570599
1.787125,3616.820612,0.24967166,1.374339756
1.788896,3610.952812,0.249266601,1.372110077
1.790669,3605.087468,0.248861712,1.36988133
1.792444,3599.225073,0.248457027,1.367653704
1.79422,3593.365285,0.248052522,1.365427069
1.795998,3587.508618,0.247648232,1.36320162
1.797777,3581.654846,0.247244142,1.360977271
1.799559,3575.80339,0.246840212,1.358753802
1.801342,3569.951802,0.246436273,1.356530283
1.803127,3564.102743,0.246032508,1.354307725
1.804914,3558.257704,0.245629021,1.352086694
1.806703,3552.415256,0.245225713,1.349866648
1.808493,3546.576761,0.244822677,1.347648104
1.810285,3540.741351,0.244419855,1.345430732
1.812079,3534.909398,0.244017271,1.343214674
1.813875,3529.080731,0.243614914,1.340999865
1.815672,3523.255527,0.243212796,1.338786371
1.817471,3517.434103,0.242810939,1.336574313
1.819272,3511.616273,0.24240933,1.334363622
1.821075,3505.804114,0.242008113,1.332155085
1.82288,3499.996325,0.241607197,1.329948209
1.824686,3494.192952,0.241206586,1.327743011
1.826494,3488.393056,0.240806215,1.325539134
1.828304,3482.597316,0.240406131,1.323336836
1.830116,3476.805997,0.240006353,1.321136218
1.831929,3471.018356,0.239606828,1.318936998
1.833745,3465.235483,0.239207632,1.31673959
1.835562,3459.456824,0.238808727,1.314543782
1.837381,3453.682198,0.238410101,1.312349508
1.839201,3447.912346,0.238011804,1.310157047
1.841024,3442.147372,0.237613844,1.30796644
1.842848,3436.384084,0.237216,1.305776473
1.844674,3430.625817,0.236818502,1.303588415
1.846502,3424.872425,0.236421342,1.301402209
1.848332,3419.124288,0.236024544,1.299218
1.850164,3413.381464,0.235628113,1.297035809
1.851997,3407.643803,0.235232038,1.29485558
1.853832,3401.911381,0.234836325,1.292677343
1.855669,3396.18513,0.234441038,1.29050145
1.857508,3390.464217,0.234046119,1.288327585
1.859349,3384.749174,0.233651606,1.286155951
1.861191,3379.04034,0.233257521,1.283986676
1.863036,3373.342133,0.23286417,1.28182144
1.864882,3367.653493,0.232471479,1.279659838
1.86673,3361.971337,0.232079236,1.277500701
1.86858,3356.296095,0.23168747,1.275344191
1.870431,3350.627252,0.231296146,1.273190112
1.872285,3344.965517,0.230905312,1.271038734
1.87414,3339.310818,0.230514964,1.26889003
1.875997,3333.663273,0.23012511,1.266744044
1.877856,3328.022919,0.229735753,1.264600791
1.879717,3322.390344,0.229346932,1.262460493
1.88158,3316.765469,0.228958643,1.260323122
1.883444,3311.148462,0.228570897,1.25818874
1.885311,3305.532462,0.228183221,1.256054741
1.887179,3299.921722,0.227795907,1.25392274
1.889049,3294.319638,0.227409192,1.251794029
1.890921,3288.725597,0.227023031,1.249668374
1.892795,3283.140651,0.226637498,1.247546175
1.89467,3277.56465,0.226252583,1.245427375
1.896548,3271.997311,0.225868266,1.243311866
1.898427,3266.439512,0.225484607,1.241199983
1.900308,3260.891166,0.225101601,1.239091691
1.902192,3255.352087,0.224719234,1.236986921
1.904076,3249.822899,0.22433755,1.234885909
1.905963,3244.299599,0.223956273,1.232787135
1.907852,3238.791316,0.223576033,1.230694067
1.909743,3233.301574,0.223197072,1.228608044
1.911635,3227.822063,0.222818817,1.226525908
1.913529,3222.35299,0.222441283,1.224447739
1.915426,3216.894677,0.222064492,1.222373659
1.917324,3211.446918,0.22168843,1.220303589
1.919224,3206.010076,0.221313121,1.218237667
1.921125,3200.583982,0.220938554,1.21617583
1.923029,3195.168991,0.220564753,1.214118211
1.924935,3189.765337,0.220191735,1.2120649
1.926842,3184.373032,0.2198195,1.210015902
1.928752,3178.988806,0.219447823,1.207969974
1.930663,3173.611466,0.219076622,1.205926662
1.932576,3168.245721,0.218706221,1.203887756
1.934491,3162.891618,0.218336623,1.201853274
1.936408,3157.549669,0.217967865,1.199823411
1.938327,3152.219624,0.217599928,1.19779807
1.940248,3146.901595,0.217232821,1.195777296
1.94217,3141.595801,0.216866558,1.19376117
1.944095,3136.302255,0.216501141,1.191749699
1.946021,3131.021105,0.216136579,1.189742938
1.94795,3125.752128,0.215772858,1.187740803
1.94988,3120.495458,0.215409987,1.185743344
1.951812,3115.259511,0.215048546,1.183753759
1.953746,3110.036472,0.214687995,1.18176908
1.955682,3104.825962,0.21432831,1.179789161
1.95762,3099.628183,0.213969504,1.17781408
1.95956,3094.442909,0.213611561,1.17584375
1.961502,3089.270442,0.213254502,1.173878287
1.963446,3084.110642,0.212898317,1.171917638
1.965391,3078.963499,0.212543006,1.169961797
1.967339,3073.829102,0.212188575,1.1680108
1.969289,3068.707402,0.211835021,1.166064628
1.97124,3063.598406,0.211482343,1.164123283
1.973193,3058.497959,0.211130256,1.162185187
1.975149,3053.407691,0.210778871,1.160250958
1.977106,3048.329994,0.210428354,1.158321506
1.979065,3043.265105,0.210078721,1.156396922
1.981026,3038.212535,0.209729939,1.154477018
1.982989,3033.173038,0.209382059,1.152562082
1.984954,3028.145949,0.209035035,1.15065186
1.986921,3023.131548,0.208688888,1.14874646
1.98889,3018.129754,0.20834361,1.14684585
1.990861,3013.140355,0.207999189,1.144949951
1.992834,3008.163341,0.207655622,1.143058757
1.994809,3003.198739,0.207312912,1.14117228
1.996785,2998.253629,0.206971548,1.139293209
1.998764,2993.321344,0.206631068,1.137419011
2.000745,2988.400399,0.206291372,1.135549123
2.002727,2983.492331,0.205952565,1.133684128
2.004712,2978.596264,0.205614586,1.131823693
2.006699,2973.712048,0.205277425,1.129967761
2.008687,2968.839786,0.204941089,1.128116372
2.010678,2963.97901,0.204605547,1.126269347
2.01267,2959.130112,0.204270824,1.124426836
2.014664,2954.292536,0.203936883,1.122588626
2.016661,2949.466266,0.203603722,1.120754713
2.018659,2944.650583,0.203271292,1.118924823
2.02066,2939.843881,0.202939482,1.117098346
2.022662,2935.048481,0.202608452,1.115276163
2.024666,2930.26386,0.202278166,1.113458075
2.026673,2925.490159,0.201948634,1.111644138
2.028681,2920.727373,0.201619856,1.109834348
2.030691,2915.974984,0.201291795,1.108028508
2.032703,2911.233162,0.200964464,1.106226684
2.034718,2906.501754,0.200637851,1.104428818
2.036734,2901.780698,0.200311954,1.102634884
2.038752,2897.069742,0.199986753,1.100844789
2.040773,2892.368811,0.199662244,1.099058503
2.042795,2887.6773,0.199338386,1.097275796
2.044819,2882.994863,0.199015154,1.095496537
2.046845,2878.321902,0.198692576,1.093720879
2.048874,2873.658627,0.198370667,1.091948902
2.050904,2869.004763,0.198049408,1.090180501
2.052936,2864.360181,0.197728789,1.088415627
2.054971,2859.724698,0.197408798,1.08665421
2.057007,2855.098201,0.197089428,1.084896207
2.059045,2850.48054,0.196770668,1.083141563
2.061086,2845.871804,0.196452523,1.081390309
2.063128,2841.271632,0.19613497,1.07964231
2.065173,2836.680113,0.195818015,1.077897599
2.067219,2832.086969,0.195500947,1.07615227
2.069268,2827.48679,0.195183393,1.074404269
2.071318,2822.894967,0.194866416,1.072659442
2.073371,2818.311346,0.194550006,1.070917732
2.075425,2813.735767,0.19423415,1.069179078
2.077482,2809.168201,0.193918848,1.067443469
2.079541,2804.60837,0.19360408,1.065710799
2.081601,2800.056156,0.193289837,1.063981023
2.083664,2795.511624,0.192976125,1.062254166
2.085729,2790.974712,0.192662939,1.060530205
2.087796,2786.445084,0.192350255,1.058809012
2.089864,2781.925772,0.192038284,1.057091738
2.091935,2777.417903,0.191727103,1.055378813
2.094008,2772.917061,0.191416406,1.053668557
2.096083,2768.423241,0.191106195,1.051960971
2.09816,2763.936267,0.190796456,1.050255985
2.10024,2759.456133,0.190487189,1.048553599
2.102321,2754.982514,0.190178372,1.046853688
2.104404,2750.515764,0.189870029,1.045156387
2.106489,2746.055511,0.189562135,1.043461555
2.108577,2741.601573,0.189254676,1.041769123
2.110666,2737.154185,0.18894767,1.040079179
2.112758,2732.712906,0.188641086,1.038391557
2.114851,2728.265933,0.188334108,1.036701772
2.116947,2723.823434,0.188027439,1.035013686
2.119045,2719.387229,0.187721205,1.033327992
2.121145,2714.956972,0.187415381,1.031644558
2.123247,2710.521761,0.187109215,1.029959242
2.125351,2706.086856,0.186803071,1.028274042
2.127457,2701.657778,0.186497328,1.026591056
2.129565,2697.234641,0.186191996,1.024910328
2.131675,2692.817334,0.185887066,1.023231814
2.133788,2688.40575,0.185582532,1.021555476
2.135902,2683.999943,0.185278396,1.019881333
2.138019,2679.599785,0.18497465,1.018209336
2.140137,2675.216398,0.184672061,1.016543712
2.142258,2670.838276,0.184369836,1.014880089
2.144381,2666.465769,0.184067999,1.013218599
2.146506,2662.098731,0.18376654,1.011559188
2.148633,2657.73706,0.18346545,1.009901816
2.150762,2653.380725,0.18316473,1.008246471
2.152893,2649.029715,0.182864376,1.00659315
2.155027,2644.684151,0.182564399,1.004941898
2.157162,2640.343811,0.182264782,1.003292632
2.1593,2636.008546,0.181965516,1.001645293
2.161439,2631.67867,0.181666621,1.000000003
2.163581,2627.351013,0.18136788,0.998355555
2.165725,2623.02086,0.181068967,0.99671016
2.167871,2618.695932,0.180770414,0.995066749
2.17002,2614.376127,0.180472215,0.993425285
2.17217,2610.061361,0.180174364,0.991785736
2.174322,2605.751822,0.179876873,0.990148174
2.176477,2601.447419,0.179579737,0.988512563
2.178634,2597.148015,0.179282946,0.986878851
2.180793,2592.853744,0.17898651,0.98524709
2.182954,2588.564495,0.17869042,0.983617237
2.185117,2584.280538,0.178394695,0.981989395
2.187282,2580.001678,0.178099323,0.98036349
2.18945,2575.731332,0.177804538,0.97874082
2.191619,2571.467604,0.177510209,0.977120664
2.193791,2567.20913,0.177216244,0.975502505
2.195965,2562.955772,0.176922632,0.973886291
2.198141,2558.707565,0.176629375,0.972272033
2.200319,2554.471085,0.176336928,0.970662232
2.2025,2550.264528,0.176046546,0.969063801
2.204682,2546.063106,0.175756519,0.967467321
2.206867,2541.866779,0.175466844,0.965872777
2.209054,2537.675461,0.175177514,0.964280136
2.211243,2533.489306,0.174888541,0.962689458
2.213434,2529.308171,0.174599914,0.961100687
2.215627,2525.131392,0.174311588,0.959513571
2.217823,2520.959898,0.174023627,0.957928463
2.220021,2516.793728,0.173736033,0.956345379
2.222221,2512.632781,0.1734488,0.954764279
2.224423,2508.47727,0.173161943,0.953185244
2.226627,2504.327072,0.172875451,0.951608229
2.228833,2500.182417,0.172589343,0.95003332
2.231042,2496.043118,0.172303604,0.948460446
2.233253,2491.909448,0.172018254,0.946889711
2.235466,2487.781373,0.17173329,0.945321101
2.237681,2483.658813,0.171448707,0.943754588
2.239898,2479.541425,0.171164481,0.94219004
2.242118,2475.429165,0.170880609,0.94062744
2.24434,2471.322698,0.170597136,0.939067042
2.246564,2467.222109,0.17031407,0.937508877
2.24879,2463.127266,0.1700314,0.935952896
2.251019,2459.038509,0.16974915,0.934399227
2.253249,2454.955773,0.169467316,0.932847846
2.255482,2450.864192,0.169184871,0.931293104
2.257717,2446.766917,0.168902034,0.929736199
2.259954,2442.675743,0.168619617,0.928181612
2.262194,2438.591111,0.168337652,0.92662951
2.264435,2434.513047,0.16805614,0.925079905
2.266679,2430.445543,0.167775358,0.923534312
2.268926,2426.399209,0.167496037,0.921996763
2.271174,2422.359687,0.167217185,0.920461803
2.273424,2418.326967,0.166938804,0.918929427
2.275677,2414.30103,0.166660891,0.917399629
2.277932,2410.282161,0.166383465,0.915872517
2.28019,2406.270227,0.166106519,0.91434804
2.282449,2402.265423,0.165830064,0.912826272
2.284711,2398.267685,0.165554098,0.911307189
2.286975,2394.277292,0.165278638,0.909790897
2.289241,2390.294083,0.165003674,0.908277335
2.29151,2386.319303,0.164729293,0.906766976
2.29378,2382.356234,0.164455719,0.905261067
2.296053,2378.400738,0.164182668,0.903758035
2.298329,2374.452548,0.163910122,0.90225778
2.300606,2370.51206,0.163638108,0.900760451
2.302886,2366.579332,0.163366629,0.899266071
2.305168,2362.654302,0.163095681,0.897774616
2.307452,2358.737008,0.162825267,0.896286101
2.309739,2354.827588,0.162555397,0.894800578
2.312028,2350.926036,0.162286071,0.893318044
2.314319,2347.032625,0.162017306,0.891838604
2.316612,2343.147121,0.161749087,0.890362168
2.318908,2339.265643,0.161481145,0.888887263
2.321206,2335.391573,0.161213716,0.887415172
2.323506,2331.525842,0.160946862,0.88594625
2.325808,2327.668252,0.160680569,0.884480421
2.328113,2323.81899,0.160414852,0.883017757
2.33042,2319.97805,0.160149709,0.881558255
2.332729,2316.145524,0.159885147,0.88010195
2.335041,2312.321389,0.159621165,0.878648834
2.337355,2308.50586,0.159357776,0.877198988
2.339671,2304.698873,0.159094977,0.875752388
2.341989,2300.900282,0.158832758,0.874308978
2.34431,2297.111098,0.158571188,0.872869143
2.346633,2293.334267,0.15831047,0.871434001
2.348959,2289.566164,0.158050356,0.870002176
2.351286,2285.806629,0.157790832,0.868573607
2.353616,2282.05593,0.157531919,0.867148395
2.355948,2278.313912,0.157273605,0.865726482
2.358283,2274.580704,0.157015899,0.864307917
2.36062,2270.856309,0.156758801,0.8628927
2.362959,2267.140643,0.156502306,0.861480801
2.365301,2263.433866,0.156246425,0.860072279
2.367645,2259.735818,0.155991146,0.858667074
2.369991,2256.046653,0.15573648,0.857265245
2.372339,2252.367568,0.15548251,0.855867245
2.37469,2248.698132,0.155229207,0.854472912
2.377043,2245.037596,0.154976517,0.853081962
2.379399,2241.385887,0.154724437,0.851694365
2.381757,2237.743155,0.154472977,0.850310179
2.384117,2234.109262,0.154222127,0.848929352
2.386479,2230.484268,0.153971891,0.847551907
2.388844,2226.868135,0.153722267,0.846177828
2.391211,2223.260838,0.153473253,0.844807107
2.393581,2219.662274,0.153224841,0.843439704
2.395953,2216.072745,0.152977053,0.842075735
2.398327,2212.491898,0.152729865,0.840715065
2.400704,2208.915241,0.152482966,0.839355987
2.403083,2205.345352,0.152236534,0.83799948
2.405464,2201.784401,0.151990719,0.83664637
2.407848,2198.232116,0.151745502,0.835296553
2.410234,2194.688632,0.151500893,0.83395008
2.412622,2191.15398,0.151256894,0.832606963
2.415013,2187.627004,0.151013424,0.831266763
2.417406,2184.109793,0.150770628,0.829930274
2.419801,2180.601114,0.150528422,0.828597026
2.422199,2177.101265,0.150286825,0.827267134
2.4246,2173.598846,0.15004505,0.825936265
2.427002,2170.076405,0.149801894,0.824597788
2.429407,2166.569902,0.149559838,0.823265368
2.431815,2163.072099,0.149318382,0.821936253
2.434224,2159.583088,0.149077533,0.820610479
2.436637,2156.102682,0.148837278,0.819287975
2.439051,2152.630953,0.148597622,0.817968768
2.441468,2149.167817,0.148358559,0.816652826
2.443887,2145.713325,0.148120093,0.815340169
2.446309,2142.2673,0.147882212,0.814030729
2.448733,2138.829673,0.14764491,0.81272448
2.45116,2135.400662,0.147408203,0.811421505
2.453589,2131.980004,0.147172073,0.810121704
2.45602,2128.566812,0.146936458,0.808824741
2.458454,2125.160963,0.146701349,0.807530567
2.46089,2121.763332,0.146466809,0.806239516
2.463329,2118.373857,0.146232831,0.804951565
2.46577,2114.99265,0.145999424,0.803666754
2.468213,2111.619579,0.145766578,0.802385036
2.470659,2108.254552,0.145534288,0.801106374
2.473107,2104.895964,0.145302442,0.799830159
2.475558,2101.542106,0.145070923,0.798555741
2.478011,2098.196114,0.144839947,0.797284313
2.480467,2094.865358,0.144610023,0.796018673
2.482925,2091.557893,0.144381706,0.794761884
2.485385,2088.261314,0.144154141,0.793509231
2.487848,2084.972498,0.143927112,0.792259529
2.490313,2081.691203,0.143700601,0.791012684
2.492781,2078.417542,0.143474618,0.78976874
2.495251,2075.151308,0.143249148,0.788527618
2.497724,2071.892617,0.143024198,0.787289363
2.500199,2068.641197,0.14279975,0.78605387
2.502676,2065.397194,0.142575815,0.784821195
2.505156,2062.160625,0.142352392,0.783591346
2.507639,2058.931207,0.142129463,0.782364213
2.510124,2055.709023,0.141907033,0.78113983
2.512611,2052.492914,0.141685023,0.779917755
2.515101,2049.28082,0.14146329,0.778697205
2.517593,2046.075828,0.141242047,0.777479355
2.520088,2042.877931,0.141021294,0.7762642
2.522585,2039.686874,0.140801013,0.775051644
2.525085,2036.502877,0.14058122,0.773841771
2.527587,2033.325664,0.140361894,0.772634476
2.530092,2030.15537,0.140143047,0.77142981
2.532599,2026.992006,0.139924678,0.770227777
2.535109,2023.835312,0.139706769,0.769028278
2.537621,2020.685397,0.139489328,0.767831356
2.540135,2017.542073,0.139272342,0.766636938
2.542653,2014.409318,0.139056086,0.765446537
2.545172,2011.285116,0.13884042,0.764259385
2.547694,2008.167351,0.138625199,0.763074679
2.550219,2005.056205,0.138410434,0.761892488
2.552746,2001.951648,0.138196124,0.760712801
2.555276,1998.853326,0.137982245,0.759535483
2.557808,1995.761546,0.137768817,0.758360652
2.560342,1992.676133,0.137555829,0.757188239
2.56288,1989.596996,0.137343274,0.756018211
2.565419,1986.523776,0.137131127,0.754850432
2.567961,1983.457363,0.136919451,0.753685239
2.570506,1980.395992,0.136708122,0.752521962
2.573053,1977.336615,0.136496931,0.751359443
2.575603,1974.283589,0.136286179,0.750199337
2.578155,1971.23659,0.136075842,0.749041521
2.58071,1968.195744,0.13586593,0.747886044
2.583267,1965.161037,0.135656443,0.746732899
2.585827,1962.132294,0.135447366,0.74558202
2.58839,1959.10972,0.135238716,0.744433486
2.590955,1956.093095,0.135030476,0.743287212
2.593522,1953.082463,0.13482265,0.742143215
2.596092,1950.077874,0.134615241,0.741001514
2.598665,1947.079237,0.134408243,0.739862075
2.60124,1944.086696,0.134201666,0.738724953
2.603817,1941.100248,0.133995509,0.737590146
2.606398,1938.11973,0.133789762,0.736457591
2.60898,1935.144991,0.133584414,0.735327233
2.611566,1932.17615,0.133379473,0.734199117
2.614154,1929.213112,0.133174932,0.733073205
2.616744,1926.25595,0.132970797,0.731949526
2.619337,1923.304615,0.132767064,0.730828061
2.621933,1920.359041,0.132563729,0.729708785
2.624531,1917.419262,0.132360794,0.728591712
2.627132,1914.485246,0.132158257,0.727476828
2.629735,1911.55693,0.131956113,0.72636411
2.632341,1908.637636,0.131754593,0.72525482
2.634949,1905.724264,0.13155348,0.724147781
2.637561,1902.816552,0.131352759,0.723042892
2.640174,1899.914721,0.131152444,0.721940238
2.64279,1897.018617,0.130952524,0.72083976
2.645409,1894.12811,0.13075299,0.71974141
2.648031,1891.243333,0.130553852,0.718645236
2.650655,1888.364288,0.130355109,0.71755124
2.653281,1885.490883,0.130156756,0.716459387
2.655911,1882.623291,0.129958804,0.715369744
2.658542,1879.761327,0.129761241,0.714282239
2.661177,1876.904434,0.129564027,0.713196661
2.663814,1874.046603,0.129366749,0.712110726
2.666454,1871.194368,0.129169858,0.711026918
2.669096,1868.347916,0.128973365,0.709945307
2.671741,1865.507183,0.128777267,0.708865869
2.674388,1862.672242,0.128581569,0.707788632
2.677039,1859.842931,0.12838626,0.706713535
2.679691,1857.019355,0.128191346,0.705640617
2.682347,1854.201616,0.127996836,0.704569916
2.685005,1851.389462,0.127802711,0.703501338
2.687665,1848.583094,0.127608985,0.702434959
2.690329,1845.782544,0.127415662,0.70137079
2.692995,1842.989503,0.127222856,0.700309475
2.695663,1840.20524,0.127030656,0.699251495
2.698335,1837.430294,0.1268391,0.698197056
2.701008,1834.662467,0.126648035,0.697145321
2.703685,1831.900516,0.126457375,0.696095819
2.706364,1829.144282,0.126267111,0.69504849
2.709046,1826.393942,0.126077253,0.694003401
2.71173,1823.64939,0.125887794,0.69296051
2.714418,1820.910676,0.125698739,0.691919838
2.717107,1818.177752,0.125510083,0.690881367
2.7198,1815.450625,0.125321828,0.689845098
2.722495,1812.729469,0.125133985,0.688811098
2.725193,1810.008671,0.124946166,0.687777234
2.727893,1807.292551,0.12475867,0.686745147
2.730597,1804.582359,0.124571584,0.685715313
2.733302,1801.878048,0.124384903,0.684687714
2.736011,1799.179675,0.124198633,0.683662371
2.738722,1796.487314,0.124012777,0.682639313
2.741436,1793.80085,0.123827329,0.681618495
2.744153,1791.120298,0.123642288,0.680599924
2.746872,1788.445721,0.123457661,0.679583623
2.749594,1785.777146,0.123273447,0.678569603
2.752319,1783.114751,0.12308966,0.677557931
2.755046,1780.459508,0.122906367,0.676548977
2.757776,1777.789644,0.122722064,0.675534467
2.760509,1775.124527,0.122538089,0.674521761
2.763244,1772.465766,0.122354553,0.67351147
2.765983,1769.813246,0.122171448,0.672503551
2.768723,1767.166836,0.121988764,0.671497953
2.771467,1764.526863,0.121806525,0.670494801
2.774213,1761.893145,0.121624718,0.669494026
2.776963,1759.265647,0.12144334,0.668495615
2.779714,1756.644456,0.121262397,0.667499601
2.782469,1754.029522,0.121081886,0.666505963
2.785226,1751.42104,0.120901821,0.665514777
2.787986,1748.816649,0.120722038,0.664525146
2.790749,1746.217706,0.120542631,0.663537585
2.793514,1743.625141,0.120363664,0.662552448
2.796283,1741.038964,0.120185139,0.661569738
2.799053,1738.459119,0.12000705,0.660589434
2.801827,1735.885697,0.119829405,0.659611571
2.804604,1733.318598,0.119652197,0.65863611
2.807383,1730.757851,0.119475426,0.657663063
2.810165,1728.203622,0.119299106,0.656692493
2.812949,1725.6556,0.119123214,0.655724281
2.815737,1723.11403,0.118947768,0.654758521
2.818527,1720.57937,0.118772799,0.653795387
2.82132,1718.053236,0.118598418,0.652835492
2.824116,1715.533414,0.118424473,0.651877996
2.826914,1713.02004,0.118250973,0.65092295
2.829716,1710.513091,0.118077917,0.649970346
2.83252,1708.012474,0.117905297,0.649020148
2.835327,1705.518197,0.117733115,0.648072358
2.838136,1703.030348,0.117561377,0.647127011
2.840949,1700.548925,0.117390083,0.646184106
2.843764,1698.073848,0.117219227,0.645243613
2.846582,1695.605005,0.117048801,0.644305488
2.849403,1693.142838,0.116878836,0.6433699
2.852226,1690.686942,0.116709304,0.642436695
2.855053,1688.237511,0.116540218,0.641505946
2.857882,1685.794439,0.116371571,0.640577614
2.860714,1683.357749,0.116203364,0.639651707
2.863549,1680.927449,0.116035599,0.638728228
2.866386,1678.503461,0.115868269,0.637807148
2.869227,1676.085836,0.115701379,0.636888484
2.87207,1673.674408,0.115534916,0.635972177
2.874916,1671.269474,0.115368902,0.635058336
2.877765,1668.870801,0.11520332,0.634146875
2.880616,1666.478382,0.11503817,0.63323779
2.883471,1664.092297,0.114873457,0.632331112
2.886328,1661.710706,0.114709054,0.631426142
2.889188,1659.334799,0.114545043,0.630523332
2.892051,1656.965358,0.114381479,0.629622978
2.894917,1654.602144,0.114218345,0.628724991
2.897786,1652.245091,0.114055636,0.627829345
2.900657,1649.894377,0.113893364,0.626936107
2.903532,1647.549846,0.11373152,0.626045219
2.906409,1645.211437,0.113570098,0.625156658
2.909289,1642.878228,0.113409035,0.624270072
2.912172,1640.552304,0.113248474,0.623386254
2.915058,1638.232502,0.113088337,0.622504763
2.917946,1635.918819,0.112928622,0.621625596
2.920838,1633.61128,0.112769331,0.620748765
2.923732,1631.309926,0.112610467,0.619874284
2.92663,1629.014588,0.112452018,0.619002088
2.92953,1626.72543,0.112293996,0.618132241
2.932433,1624.442273,0.112136388,0.617264674
2.935339,1622.165238,0.111979202,0.616399434
2.938247,1619.894154,0.111822428,0.615536455
2.941159,1617.629183,0.111666075,0.614675798
2.944073,1615.365209,0.111509792,0.613815521
2.946991,1613.106617,0.111353879,0.612957288
2.949911,1610.853934,0.111198375,0.612101301
2.952834,1608.609719,0.111043455,0.611248532
2.95576,1606.373038,0.110889056,0.610398625
2.958689,1604.142142,0.110735055,0.609550917
2.961621,1601.917157,0.110581463,0.608705455
2.964556,1599.697999,0.110428273,0.607862207
2.967494,1597.484704,0.110275488,0.607021186
2.970434,1595.277168,0.1101231,0.606182354
2.973378,1593.075457,0.109971114,0.605345736
2.976324,1590.879497,0.109819526,0.604511303
2.979274,1588.689228,0.10966833,0.603679032
2.982226,1586.504793,0.109517537,0.602848978
2.985181,1584.325652,0.109367109,0.602020936
2.988139,1582.147758,0.109216768,0.601193368
2.9911,1579.975529,0.109066817,0.600367952
2.994064,1577.809042,0.108917263,0.599544718
2.997031,1575.648095,0.108768091,0.598723589
3.000001,1573.492714,0.108619304,0.597904575
3.002974,1571.342946,0.108470904,0.597087695
3.00595,1569.198797,0.108322892,0.596272949
3.008928,1567.060171,0.108175261,0.595460302
3.01191,1564.927231,0.108028023,0.594649815
3.014895,1562.799602,0.107881151,0.593841347
3.017882,1560.677591,0.107734667,0.593035013
3.020873,1558.561742,0.107588608,0.592231021
3.023866,1556.453135,0.10744305,0.591429781
3.026863,1554.349937,0.107297865,0.590630596
3.029862,1552.252103,0.10715305,0.589833449
3.032865,1550.159773,0.107008615,0.589038394
3.03587,1548.072821,0.106864551,0.588245382
3.038878,1545.991158,0.106720852,0.58745438
3.04189,1543.914717,0.106577514,0.586665363
3.044904,1541.843616,0.106434545,0.585878374
3.047921,1539.777895,0.106291946,0.58509343
3.050942,1537.717452,0.106149713,0.584310491
3.053965,1535.662224,0.106007839,0.583529534
3.056991,1533.610767,0.105866225,0.58275001
3.06002,1531.563912,0.105724929,0.581972234
3.063053,1529.52224,0.105583991,0.581196428
3.066088,1527.4858,0.105443414,0.58042261
3.069126,1525.454443,0.105303188,0.579650724
3.072168,1523.428299,0.105163322,0.578880819
3.075212,1521.40726,0.105023809,0.578112853
3.078259,1519.391305,0.104884646,0.577346819
3.08131,1517.380566,0.104745843,0.576582767
3.084363,1515.374757,0.104607381,0.575820589
3.08742,1513.374076,0.104469272,0.575060359
3.090479,1511.379202,0.104331565,0.574302335
3.093541,1509.393053,0.104194459,0.573547627
3.096607,1507.41223,0.104057722,0.572794943
3.099676,1505.436732,0.103921352,0.572044282
3.102747,1503.477913,0.103786133,0.571299959
3.105822,1501.523958,0.10365125,0.570557484
3.108899,1499.575048,0.103516716,0.569816927
3.11198,1497.631162,0.103382528,0.569078278
3.115064,1495.692236,0.103248682,0.568341514
3.118151,1493.758232,0.103115177,0.56760662
3.121241,1491.829235,0.102982017,0.566873629
3.124334,1489.905004,0.102849186,0.566142449
3.12743,1487.983296,0.102716529,0.565412228
3.130529,1486.063638,0.102584014,0.564682786
3.133631,1484.148876,0.102451836,0.563955204
3.136736,1482.238989,0.102319995,0.563229474
3.139844,1480.333976,0.102188491,0.562505597
3.142956,1478.433727,0.102057316,0.561783529
3.14607,1476.53841,0.10192648,0.561063336
3.149188,1474.647834,0.101795973,0.560344944
3.152309,1472.762247,0.101665809,0.559628449
3.155432,1470.881334,0.101535968,0.558913728
3.158559,1469.005225,0.101406459,0.558200834
3.161689,1467.133913,0.101277281,0.557489762
3.164822,1465.26964,0.101148589,0.556781366
3.167958,1463.410351,0.101020241,0.556074863
3.171097,1461.555782,0.100892219,0.555370153
3.17424,1459.705952,0.100764524,0.554667244
3.177385,1457.860762,0.100637149,0.553966099
3.180534,1456.02046,0.100510112,0.55326681
3.183686,1454.184768,0.100383393,0.552569274
3.18684,1452.353777,0.100256998,0.551873524
3.189998,1450.527484,0.100130928,0.551179559
3.193159,1448.705829,0.100005178,0.550487356
3.196324,1446.888891,0.099879753,0.549796945
3.199491,1445.077213,0.099754692,0.549108534
3.202662,1443.273223,0.099630161,0.548423044
3.205835,1441.473834,0.099505948,0.547739302
3.209012,1439.682409,0.099382285,0.547058586
3.212192,1437.926022,0.09926104,0.546391184
3.215375,1436.174339,0.09914012,0.54572557
3.218561,1434.427185,0.099019513,0.545061677
3.221751,1432.684764,0.098899233,0.544399582
3.224943,1430.946884,0.098779265,0.543739212
3.228139,1429.213703,0.098659623,0.543080629
3.231338,1427.485143,0.098540299,0.542423801
3.23454,1425.761251,0.098421298,0.541768747
3.237745,1424.039072,0.098302414,0.541114344
3.240954,1422.318891,0.098183669,0.540460699
3.244165,1420.603519,0.098065256,0.539808883
3.24738,1418.892627,0.097947152,0.539158768
3.250598,1417.186403,0.09782937,0.538510428
3.253819,1415.484752,0.097711904,0.537863825
3.257043,1413.787719,0.097594756,0.537218977
3.260271,1412.095154,0.097477917,0.536575826
3.263502,1410.401468,0.097361001,0.53593225
3.266735,1408.693517,0.0972431,0.535283254
3.269973,1406.990194,0.097125518,0.534636015
3.273213,1405.291847,0.09700828,0.533990668
3.276457,1403.60183,0.096891617,0.533348486
3.279703,1401.916493,0.096775277,0.532708082
3.282953,1400.235767,0.096659256,0.53206943
3.286206,1398.559606,0.096543549,0.531432513
3.289463,1396.888139,0.096428166,0.53079738
3.292723,1395.221125,0.096313091,0.530163939
3.295985,1393.558867,0.096198344,0.529532305
3.299252,1391.901062,0.096083905,0.528902362
3.302521,1390.24794,0.095969789,0.5282742
3.305794,1388.599304,0.095855982,0.527647742
3.309069,1386.955243,0.095742492,0.527023022
3.312348,1385.314604,0.095629237,0.526399603
3.315631,1383.676961,0.09551619,0.525777323
3.318916,1382.043808,0.095403452,0.525156748
3.322205,1380.415222,0.095291029,0.524537908
3.325497,1378.791166,0.09517892,0.52392079
3.328793,1377.171674,0.095067125,0.523305407
3.332091,1375.556782,0.094955648,0.522691771
3.335393,1373.946338,0.094844478,0.522079826
3.338698,1372.340495,0.094733625,0.521469629
3.342007,1370.739157,0.094623084,0.520861143
3.345319,1369.142264,0.094512849,0.520254347
3.348634,1367.549877,0.094402926,0.519649263
3.351952,1365.958669,0.094293083,0.519044627
3.355273,1364.369475,0.09418338,0.518440756
3.358598,1362.784818,0.09407399,0.517838609
3.361926,1361.204655,0.093964911,0.51723817
3.365258,1359.628947,0.093856138,0.516639423
3.368593,1358.057753,0.093747678,0.516042392
3.371931,1356.491068,0.093639528,0.515447074
3.375272,1354.928759,0.093531681,0.514853419
3.378617,1353.370918,0.093424142,0.514261463
3.381965,1351.817579,0.093316914,0.513671216
3.385316,1350.26861,0.093209988,0.51308263
3.388671,1348.725428,0.093103461,0.512496243
3.392029,1347.192321,0.092997629,0.511913685
3.39539,1345.663589,0.0928921,0.511332788
3.398755,1344.139238,0.092786873,0.510753557
3.402123,1342.614852,0.092681643,0.510174312
3.405494,1341.075908,0.092575409,0.509589535
3.408869,1339.54157,0.092469493,0.509006509
3.412246,1338.011686,0.092363884,0.508425175
3.415628,1336.486233,0.092258581,0.507845525
3.419012,1334.965324,0.092153591,0.507267602
3.422401,1333.448719,0.092048899,0.506691314
3.425792,1331.936633,0.091944518,0.506116743
3.429187,1330.427712,0.091840357,0.505543374
3.432585,1328.920905,0.091736341,0.50497081
3.435986,1327.418594,0.091632635,0.504399953
3.439391,1325.920617,0.091529229,0.503830743
3.442799,1324.427068,0.091426128,0.503263216
3.446211,1322.937922,0.091323331,0.502697362
3.449626,1321.453219,0.091220841,0.502133196
3.453044,1319.972793,0.091118646,0.501570656
3.456466,1318.496776,0.091016756,0.501009791
3.459891,1317.025076,0.090915163,0.500450566
3.46332,1315.557759,0.090813873,0.499893006
3.466752,1314.094755,0.090712881,0.499337086
3.470187,1312.638052,0.090612324,0.49878356
3.473626,1311.185793,0.090512073,0.498231722
3.477068,1309.737781,0.090412116,0.497681499
3.480513,1308.294163,0.090312462,0.497132944
3.483962,1306.8547,0.090213095,0.496585969
3.487415,1305.41945,0.090114019,0.496040595
3.490871,1303.988527,0.090015241,0.495496865
3.49433,1302.561907,0.089916761,0.49495477
3.497793,1301.139628,0.08981858,0.494414324
3.501259,1299.707452,0.089719716,0.493870118
3.504728,1298.241775,0.089618539,0.493313182
3.508201,1296.780135,0.089517641,0.49275778
3.511678,1295.323036,0.089417056,0.492204103
3.515157,1293.869958,0.089316749,0.491651954
3.518641,1292.421023,0.089216728,0.49110138
3.522127,1290.976163,0.089116989,0.490552354
3.525618,1289.535386,0.089017531,0.490004879
3.529111,1288.098711,0.088918356,0.489458964
3.532608,1286.665942,0.088819451,0.488914532
3.536109,1285.237374,0.088720836,0.488371697
3.539613,1283.812758,0.088622494,0.487830363
3.543121,1282.392124,0.088524426,0.487290543
3.546632,1280.975597,0.088426643,0.486752283
3.550146,1279.562492,0.088329095,0.486215323
3.553664,1278.152964,0.088231794,0.485679723
3.557186,1276.747443,0.08813477,0.485145645
3.560711,1275.345883,0.088038019,0.484613073
3.564239,1273.948281,0.087941542,0.484082004
3.567771,1272.554537,0.087845331,0.483552401
3.571306,1271.164846,0.087749399,0.483024339
3.574845,1269.778953,0.08765373,0.482497719
3.578388,1268.397051,0.087558337,0.481972617
3.581934,1267.019033,0.087463211,0.481448989
3.585483,1265.644878,0.087368352,0.480926831
3.589036,1264.274538,0.087273757,0.480406121
3.592593,1262.909993,0.087179561,0.479887614
3.596153,1261.549105,0.087085618,0.479370496
3.599716,1260.192227,0.086991952,0.478854902
3.603283,1258.839112,0.086898545,0.478340737
3.606854,1257.489804,0.086805402,0.47782802
3.610428,1256.144262,0.086712518,0.477316733
3.614006,1254.802495,0.086619895,0.476806881
3.617587,1253.464527,0.086527534,0.476298472
3.621172,1252.130238,0.086435427,0.475791462
3.62476,1250.7998,0.086343586,0.475285915
3.628352,1249.473045,0.086251999,0.474781767
3.631948,1248.149383,0.086160626,0.474278794
3.635547,1246.827722,0.086069391,0.473776582
3.639149,1245.509897,0.08597842,0.473275827
3.642756,1244.195629,0.085887696,0.472776425
3.646365,1242.885102,0.085797229,0.472278443
3.649979,1241.565231,0.085706117,0.471776911
3.653596,1240.248247,0.085615205,0.471276476
3.657216,1238.935023,0.085524552,0.47077747
3.66084,1237.625515,0.085434156,0.470279876
3.664468,1236.319758,0.085344019,0.469783707
3.668099,1235.017691,0.085254136,0.46928894
3.671734,1233.719299,0.085164507,0.46879557
3.675372,1232.425703,0.085075209,0.468304022
3.679014,1231.136368,0.084986206,0.467814094
3.68266,1229.850682,0.084897454,0.467325551
3.686309,1228.568701,0.084808958,0.466838417
3.689962,1227.290227,0.084720704,0.466352615
3.693619,1226.015475,0.084632707,0.465868228
3.697279,1224.74424,0.084544953,0.465385177
3.700943,1223.476701,0.084457453,0.46490353
3.70461,1222.212625,0.084370193,0.464423199
3.708281,1220.952196,0.084283185,0.463944255
3.711956,1219.695351,0.084196424,0.463466672
3.715634,1218.441937,0.0841099,0.462990392
3.719316,1217.191639,0.084023591,0.462515297
3.723002,1215.944828,0.083937523,0.462041527
3.726691,1214.701596,0.083851702,0.461569117
3.730384,1213.461439,0.083766093,0.461097875
3.734081,1212.225148,0.083680751,0.460628102
3.737781,1210.992411,0.083595654,0.46015968
3.741485,1209.763083,0.083510793,0.459692553
3.745192,1208.537184,0.083426168,0.459226729
3.748904,1207.314756,0.083341783,0.458762224
3.752618,1206.095801,0.083257638,0.458299039
3.756337,1204.880252,0.083173728,0.457837147
3.760059,1203.668593,0.083090086,0.457376734
3.763785,1202.460736,0.083006707,0.456917766
3.767515,1201.25646,0.082923575,0.456460159
3.771248,1200.055396,0.082840664,0.456003772
3.774986,1198.857744,0.08275799,0.455548681
3.778726,1197.663455,0.082675547,0.455094868
3.782471,1196.472504,0.082593335,0.454642324
3.786219,1195.284896,0.082511353,0.45419105
3.789971,1194.100565,0.082429598,0.453741022
3.793726,1192.919616,0.082348076,0.453292278
3.797486,1191.74194,0.082266781,0.452844778
3.801249,1190.567592,0.082185715,0.452398543
3.805016,1189.395834,0.082104827,0.451953291
3.808786,1188.227246,0.082024159,0.451509245
3.812561,1187.06192,0.081943716,0.451066438
3.816339,1185.899875,0.081863499,0.450624878
3.82012,1184.749597,0.081784094,0.450187788
3.823906,1183.613071,0.081705639,0.449755925
3.827695,1182.479793,0.081627408,0.449325295
3.831488,1181.349802,0.081549404,0.448895915
3.835285,1180.222985,0.081471619,0.448467741
3.839085,1179.099527,0.081394066,0.448040843
3.84289,1177.979114,0.081316723,0.447615102
3.846698,1176.862243,0.081239625,0.447190707
3.85051,1175.74981,0.081162833,0.446767999
3.854325,1174.640549,0.08108626,0.446346496
3.858145,1173.534375,0.0810099,0.445926165
3.861968,1172.431395,0.08093376,0.445507049
3.865795,1171.331565,0.080857838,0.445089129
3.869626,1170.234859,0.080782132,0.444672397
3.87346,1169.141229,0.080706638,0.444256833
3.877298,1168.043004,0.080630826,0.443839523
3.881141,1166.945029,0.080555033,0.443422309
3.884987,1165.850293,0.080479462,0.443006325
3.888836,1164.758667,0.080404106,0.442591523
3.89269,1163.66962,0.080328929,0.442177701
3.896547,1162.583313,0.08025394,0.44176492
3.900409,1161.500285,0.080179178,0.441353385
3.904274,1160.420344,0.080104629,0.440943022
3.908143,1159.343545,0.080030297,0.440533854
3.912015,1158.269964,0.079956187,0.440125909
3.915892,1157.199435,0.079882287,0.439719124
3.919772,1156.132029,0.079808604,0.439313524
3.923657,1155.067783,0.079735138,0.438909127
3.927545,1154.006647,0.079661887,0.43850591
3.931437,1152.948551,0.079588846,0.438103849
3.935332,1151.893495,0.079516015,0.437702943
3.939232,1150.841495,0.079443394,0.437303198
3.943136,1149.792414,0.079370975,0.436904562
3.947043,1148.746353,0.079298765,0.436507074
3.950954,1147.70343,0.079226771,0.436110778
3.954869,1146.663539,0.079154987,0.435715635
3.958788,1145.62658,0.079083405,0.435321605
3.962711,1144.592681,0.079012034,0.434928738
3.966638,1143.561825,0.078940874,0.434537028
3.970569,1142.53396,0.078869919,0.434146454
3.974503,1141.509079,0.078799171,0.433757014
3.978442,1140.487179,0.078728629,0.433368707
3.982384,1139.468976,0.078658341,0.432981804
3.986331,1138.455037,0.078588348,0.432596522
3.990281,1137.444027,0.078518558,0.432212353
3.994235,1136.435902,0.078448966,0.43182928
3.998193,1135.430822,0.078379585,0.431447364
4.002155,1134.428562,0.078310398,0.43106652
4.006121,1133.429256,0.078241415,0.430686798
4.010091,1132.432841,0.078172632,0.430308174
4.014064,1131.439269,0.078104045,0.429930631
4.018042,1130.448692,0.078035665,0.429554226
4.022024,1129.46087,0.077967475,0.429178868
4.026009,1128.475967,0.077899486,0.428804619
4.029999,1127.492912,0.077831625,0.428431073
4.033992,1126.512446,0.077763943,0.428058509
4.03799,1125.534866,0.07769646,0.427687043
4.041991,1124.560061,0.077629168,0.427316631
4.045997,1123.588146,0.077562076,0.426947317
4.050006,1122.618917,0.07749517,0.426579025
4.054019,1121.652621,0.077428466,0.426211846
4.058036,1120.689115,0.077361954,0.425845728
4.062058,1119.728375,0.077295634,0.42548066
4.066083,1118.770479,0.07722951,0.425116673
4.070112,1117.815313,0.077163574,0.424753724
4.074145,1116.862966,0.077097833,0.424391846
4.078183,1115.914672,0.077032371,0.424031508
4.082224,1114.969106,0.076967098,0.423672207
4.086269,1114.026318,0.076902017,0.423313961
4.090318,1113.086204,0.07683712,0.422956731
4.094372,1112.148897,0.076772417,0.422600568
4.098429,1111.21424,0.076707897,0.422245411
4.10249,1110.282278,0.076643563,0.421891279
4.106556,1109.353069,0.076579419,0.421538193
4.110625,1108.426444,0.076515454,0.421186089
4.114698,1107.502588,0.076451679,0.420835037
4.118776,1106.581344,0.076388085,0.420484978
4.122857,1105.662397,0.07632465,0.420135791
4.126943,1104.745694,0.076261369,0.419787457
4.131032,1103.831564,0.076198266,0.419440101
4.135126,1102.905807,0.07613436,0.419088326
4.139223,1101.971886,0.076069891,0.41873345
4.143325,1101.040744,0.076005614,0.418379629
4.147431,1100.112354,0.075941526,0.418026855
4.151541,1099.186669,0.075877626,0.417675108
4.155655,1098.263726,0.075813914,0.417324403
4.159773,1097.343532,0.075750392,0.416974742
4.163895,1096.425931,0.07568705,0.416626067
4.168021,1095.521542,0.075624619,0.416282412
4.172151,1094.623522,0.075562628,0.415941178
4.176286,1093.728422,0.075500839,0.415601053
4.180424,1092.836103,0.075439241,0.415261984
4.184566,1091.946328,0.07537782,0.414923882
4.188713,1091.059333,0.07531659,0.414586837
4.192864,1090.174979,0.075255542,0.414250795
4.197019,1089.293267,0.075194677,0.413915757
4.201178,1088.41283,0.0751339,0.413581204
4.205341,1087.536373,0.075073397,0.413248163
4.209508,1086.662586,0.075013079,0.412916136
4.213679,1085.791394,0.07495294,0.412585096
4.217855,1084.922106,0.074892933,0.412254779
4.222035,1084.052403,0.074832897,0.411924304
4.226218,1083.185372,0.074773045,0.411594845
4.230406,1082.320901,0.07471337,0.411266359
4.234598,1081.459027,0.074653874,0.410938859
4.238795,1080.599703,0.074594554,0.410612328
4.242995,1079.743011,0.074535416,0.410286798
4.2472,1078.888848,0.074476453,0.409962228
4.251408,1078.037264,0.074417667,0.409638638
4.255621,1077.188208,0.074359056,0.409316009
4.259838,1076.341683,0.07430062,0.408994342
4.264059,1075.497678,0.074242358,0.408673632
4.268285,1074.658142,0.074184404,0.408354621
4.272514,1073.822764,0.074126737,0.408037189
4.276748,1072.989882,0.074069243,0.407720706
4.280986,1072.159505,0.074011921,0.407405175
4.285228,1071.331555,0.073954767,0.407090566
4.289475,1070.506104,0.073897786,0.406776906
4.293725,1069.683077,0.073840972,0.406464167
4.29798,1068.86254,0.07378433,0.406152375
4.302239,1068.044422,0.073727854,0.405841502
4.306503,1067.228775,0.07367155,0.405531568
4.31077,1066.41558,0.073615414,0.405222566
4.315042,1065.604703,0.073559439,0.404914444
4.319318,1064.795189,0.073503558,0.404606841
4.323598,1063.987967,0.073447834,0.404300108
4.327882,1063.183271,0.073392286,0.403994335
4.332171,1062.380941,0.0733369,0.403689461
4.336464,1061.581052,0.073281683,0.403385515
4.340761,1060.783453,0.073226625,0.403082439
4.345062,1059.988234,0.07317173,0.402780267
4.349368,1059.195373,0.073116998,0.402478991
4.353678,1058.404898,0.073062431,0.402178622
4.357992,1057.616703,0.073008022,0.401879119
4.362311,1056.830917,0.072953778,0.401580532
4.366634,1056.047248,0.072899681,0.401282749
4.370961,1055.265731,0.072845732,0.400985784
4.375292,1054.486496,0.072791941,0.400689686
4.379628,1053.709529,0.072738307,0.400394449
4.383968,1052.934946,0.072684837,0.400100119
4.388312,1052.162578,0.07263152,0.39980663
4.39266,1051.392529,0.072578363,0.399514022
4.397013,1050.624751,0.072525362,0.399222278
4.40137,1049.859231,0.072472518,0.398931391
4.405732,1049.09594,0.072419827,0.398641352
4.410098,1048.334862,0.07236729,0.398352153
4.414468,1047.576077,0.07231491,0.398063826
4.418842,1046.82062,0.07226276,0.397776763
4.423221,1046.06792,0.072210801,0.397490748
4.427604,1045.317458,0.072158996,0.397205583
4.431992,1044.570705,0.072107447,0.396921828
4.436384,1043.826447,0.072056071,0.39663902
4.44078,1043.084458,0.072004851,0.396357075
4.44518,1042.344692,0.071953784,0.396075975
4.449585,1041.607272,0.071902879,0.395795766
4.453994,1040.872105,0.07185213,0.395516413
4.458408,1040.139159,0.071801534,0.395237904
4.462826,1039.408411,0.07175109,0.39496023
4.467248,1038.679838,0.071700797,0.394683383
4.471675,1037.95094,0.07165048,0.394406413
4.476106,1037.224294,0.071600319,0.394130297
4.480542,1036.499819,0.071550308,0.393855007
4.484982,1035.777238,0.071500428,0.393580437
4.489426,1035.057241,0.071450726,0.393306848
4.493875,1034.339437,0.071401176,0.393034093
4.498328,1033.623835,0.071351777,0.392762175
4.502786,1032.91048,0.071302534,0.39249111
4.507248,1032.199186,0.071253433,0.392220829
4.511714,1031.490131,0.071204486,0.391951398
4.516185,1030.783249,0.07115569,0.391682793
4.52066,1030.079454,0.071107106,0.391415361
4.52514,1029.379545,0.071058791,0.391149406
4.529624,1028.681744,0.071010621,0.390884251
4.534113,1027.986079,0.070962599,0.390619909
4.538606,1027.292493,0.07091472,0.390356356
4.543103,1026.601081,0.070866991,0.390093629
4.547605,1025.890723,0.070817955,0.389823703
4.552111,1025.181907,0.070769025,0.389554364
4.556622,1024.475145,0.070720237,0.389285804
4.561138,1023.770471,0.070671593,0.389018038
4.565657,1023.067832,0.070623089,0.388751045
4.570182,1022.367216,0.070574725,0.388484822
4.57471,1021.668793,0.070526512,0.388219431
4.579244,1020.972373,0.070478438,0.387954801
4.583781,1020.278043,0.070430508,0.387690966
4.588324,1019.585665,0.070382712,0.387427872
4.59287,1018.895291,0.070335055,0.38716554
4.597422,1018.206846,0.070287532,0.386903941
4.601977,1017.520487,0.070240152,0.386643134
4.606538,1016.836049,0.070192905,0.386383058
4.611103,1016.153563,0.070145792,0.386123723
4.615672,1015.473098,0.070098819,0.385865156
4.620246,1014.794554,0.070051979,0.385607319
4.624824,1014.117247,0.070005224,0.385349952
4.629407,1013.439282,0.069958423,0.385092335
4.633994,1012.763231,0.069911755,0.384835446
4.638586,1012.089126,0.069865221,0.384579295
4.643183,1011.416916,0.069818818,0.384323865
4.647784,1010.746661,0.06977255,0.384069178
4.65239,1010.078283,0.069726411,0.383815204
4.657,1009.411826,0.069680405,0.38356196
4.661615,1008.747307,0.069634533,0.383309452
4.666234,1008.084584,0.069588785,0.383057627
4.670858,1007.423789,0.06954317,0.382806535
4.675487,1006.764882,0.069497685,0.38255616
4.68012,1006.110686,0.069452525,0.382307574
4.684758,1005.459616,0.069407581,0.382060177
4.6894,1004.810478,0.069362771,0.381813514
4.694047,1004.163169,0.069318087,0.381567546
4.698698,1003.517659,0.069273527,0.381322261
4.703354,1002.873921,0.069229089,0.38107765
4.708015,1002.23209,0.069184783,0.380833764
4.71268,1001.592036,0.0691406,0.380590552
4.71735,1000.953787,0.069096541,0.380348027
4.722025,1000.317361,0.069052608,0.380106194
4.726704,999.6827558,0.069008801,0.379865053
4.731388,999.0498415,0.06896511,0.379624555
4.736077,998.4159691,0.068921354,0.379383693
4.74077,997.7834093,0.068877687,0.379143329
4.745468,997.1526792,0.068834148,0.378903661
4.75017,996.5237471,0.068790732,0.378664676
4.754877,995.8965387,0.068747435,0.378426345
4.759589,995.2710534,0.068704258,0.37818867
4.764305,994.6473361,0.068661202,0.377951666
4.769027,994.0262888,0.068618331,0.377715677
4.773752,993.416669,0.068576248,0.377484031
4.778483,992.8089122,0.068534294,0.377253092
4.783218,992.2029398,0.068492464,0.377022831
4.787958,991.6000497,0.068450846,0.376793741
4.792703,991.0007886,0.068409478,0.376566031
4.797452,990.4032545,0.06836823,0.376338976
4.802206,989.8075119,0.068327106,0.376112603
4.806965,989.2135599,0.068286105,0.37588691
4.811728,988.6213463,0.068245224,0.375661877
4.816496,988.0308857,0.068204464,0.37543751
4.821269,987.4421496,0.068163823,0.375213799
4.826046,986.8551437,0.068123302,0.374990745
4.830829,986.2698262,0.068082897,0.374768333
4.835616,985.6863012,0.068042616,0.374546602
4.840408,985.1044629,0.068002451,0.374325512
4.845204,984.52391,0.067962375,0.37410491
4.850005,983.944975,0.067922411,0.373884923
4.854812,983.3676512,0.067882558,0.373665549
4.859622,982.7920804,0.067842826,0.37344684
4.864438,982.2181159,0.067803204,0.373228742
4.869258,981.6459045,0.067763704,0.37301131
4.874083,981.0752744,0.067724313,0.372794478
4.878913,980.506361,0.067685041,0.372578299
4.883748,979.9391422,0.067645885,0.372362764
4.888588,979.3735098,0.067606839,0.372147832
4.893432,978.8095259,0.067567907,0.371933527
4.898281,978.2470375,0.067529078,0.371719789
4.903135,977.6836891,0.06749019,0.371505725
4.907994,977.1219414,0.067451412,0.371292269
4.912857,976.5618411,0.067412748,0.371079439
4.917725,976.0033406,0.067374194,0.370867217
4.922599,975.4464761,0.067335753,0.370655616
4.927477,974.8911901,0.067297422,0.370444615
4.932359,974.33749,0.067259199,0.370234217
4.937247,973.7854872,0.067221094,0.370024464
4.94214,973.2349719,0.067183092,0.369815276
4.947037,972.6860763,0.067145201,0.369606704
4.951939,972.1387532,0.067107419,0.369398729
4.956846,971.586453,0.067069293,0.369188863
4.961758,971.0190799,0.067030127,0.368973269
4.966675,970.4531952,0.066991064,0.368758241
4.971597,969.888792,0.066952102,0.368543776
4.976523,969.3258709,0.066913244,0.368329874
4.981455,968.7644525,0.066874489,0.368116543
4.986391,968.2045854,0.066835841,0.367903802
4.991332,967.6461426,0.066797291,0.367691602
4.996278,967.0892258,0.066758846,0.367479981
5.001229,966.5380111,0.066720796,0.367270528
5.006185,965.9939362,0.066683238,0.367063787
5.011146,965.4526341,0.066645871,0.3668581
5.016112,964.9116618,0.066608528,0.366652538
5.021082,964.3719392,0.06657127,0.366447451
5.026058,963.8336204,0.06653411,0.366242898
5.031038,963.2968154,0.066497054,0.36603892
5.036024,962.7614328,0.066460096,0.365835482
5.041014,962.2275687,0.066423243,0.365632622
5.04601,961.6950324,0.066386482,0.365430265
5.05101,961.1640769,0.066349829,0.36522851
5.056015,960.6345978,0.066313279,0.365027316
5.061025,960.1064831,0.066276823,0.36482664
5.06604,959.579891,0.066240472,0.364626542
5.071061,959.0541604,0.06620418,0.364426772
5.076086,958.5279527,0.066167856,0.364226821
5.081116,958.0032458,0.066131635,0.36402744
5.086151,957.4798552,0.066095505,0.363828559
5.091191,956.9579439,0.066059477,0.36363024
5.096236,956.4374912,0.06602355,0.363432475
5.101286,955.9183842,0.065987715,0.363235222
5.106341,955.4006739,0.065951978,0.3630385
5.111401,954.8843359,0.065916334,0.362842299
5.116466,954.3693232,0.065880783,0.362646601
5.121536,953.8557453,0.06584533,0.362451449
5.126611,953.3436054,0.065809977,0.362256843
5.131692,952.8332659,0.065774748,0.362062922
5.136777,952.3246708,0.065739639,0.361869663
5.141867,951.8174081,0.065704622,0.36167691
5.146962,951.3115769,0.065669704,0.361484702
5.152063,950.8069954,0.065634873,0.361292968
5.157168,950.3038298,0.065600139,0.361101772
5.162278,949.8019634,0.065565495,0.36091107
5.167394,949.3080889,0.065531402,0.360723405
5.172515,948.833458,0.065498638,0.360543052
5.17764,948.3602907,0.065465975,0.360363256
5.182771,947.8884421,0.065433403,0.36018396
5.187907,947.4179479,0.065400924,0.360005179
5.193048,946.9504278,0.065368651,0.359827528
5.198194,946.4842556,0.065336471,0.359650389
5.203345,946.0193877,0.065304381,0.359473746
5.208501,945.5559558,0.06527239,0.359297649
5.213662,945.0938025,0.065240487,0.359122037
5.218829,944.6329219,0.065208672,0.358946909
5.224,944.1734879,0.065176957,0.358772331
5.229177,943.7152213,0.065145323,0.358598196
5.234359,943.2583923,0.065113787,0.358424608
5.239546,942.8027725,0.065082336,0.358251479
5.244738,942.3484949,0.065050976,0.35807886
5.249935,941.8950631,0.065019676,0.357906562
5.255137,941.4421311,0.06498841,0.357734455
5.260345,940.9904582,0.06495723,0.357562825
5.265557,940.5401363,0.064926144,0.357391709
5.270775,940.0910317,0.064895142,0.357221056
5.275998,939.6431884,0.064864227,0.357050882
5.281226,939.1966541,0.064833403,0.356881206
5.28646,938.7513863,0.064802666,0.35671201
5.291698,938.3073066,0.06477201,0.356543266
5.296942,937.8644933,0.064741443,0.356375004
5.302191,937.4229074,0.06471096,0.356207207
5.307445,936.9825565,0.064680562,0.35603988
5.312705,936.5420963,0.064650157,0.355872512
5.317969,936.102351,0.064619801,0.355705415
5.323239,935.6637598,0.064589525,0.355538757
5.328514,935.2264732,0.064559338,0.355372594
5.333794,934.7903238,0.064529231,0.355206864
5.33908,934.3554349,0.06449921,0.355041612
5.34437,933.9217021,0.064469269,0.3548768
5.349666,933.4892221,0.064439415,0.354712464
5.354967,933.0579146,0.064409641,0.354548573
5.360274,932.627367,0.06437992,0.354384971
5.365586,932.1984054,0.064350309,0.354221972
5.370903,931.7705641,0.064320775,0.354059398
5.376225,931.3436828,0.064291307,0.35389719
5.381552,930.918017,0.064261923,0.353735443
5.386885,930.4933989,0.064232611,0.353574094
5.392223,930.0699475,0.06420338,0.353413189
5.397566,929.6477189,0.064174233,0.353252748
5.402915,929.2266472,0.064145166,0.353092747
5.408269,928.8375925,0.064118309,0.352944911
5.413628,928.5580773,0.064099014,0.3528387
5.418993,928.2799736,0.064079817,0.352733024
5.424363,928.0031525,0.064060707,0.352627836
5.429738,927.7276797,0.064041691,0.35252316
5.435119,927.4536512,0.064022775,0.352419034
5.440504,927.1809712,0.064003952,0.352315419
5.445896,926.9097413,0.063985229,0.352212356
5.451292,926.6397941,0.063966594,0.35210978
5.456694,926.3711223,0.063948047,0.352007688
5.462101,926.1038201,0.063929595,0.351906117
5.467514,925.837727,0.063911227,0.351805006
5.472932,925.5729457,0.063892949,0.351704393
5.478355,925.3094405,0.063874759,0.351604264
5.483784,925.0472599,0.06385666,0.35150464
5.489218,924.7862502,0.063838642,0.35140546
5.494658,924.5265729,0.063820717,0.351306786
5.500102,924.2699822,0.063803004,0.351209285
5.505553,924.0146893,0.063785381,0.351112278
5.511008,923.7632973,0.063768027,0.351016752
5.516469,923.5336666,0.063752176,0.350929496
5.521936,923.3053323,0.063736414,0.350842732
5.527408,923.078309,0.063720742,0.350756467
5.532885,922.8525299,0.063705156,0.350670674
5.538368,922.628089,0.063689663,0.350585389
5.543856,922.4048363,0.063674252,0.350500557
5.54935,922.1829472,0.063658935,0.350416242
5.554849,921.9622772,0.063643702,0.350332391
5.560353,921.7425455,0.063628533,0.350248896
5.565863,921.5228505,0.063613368,0.350165415
5.571379,921.3044671,0.063598293,0.350082432
5.576899,921.0872889,0.063583301,0.349999908
5.582426,920.8713579,0.063568395,0.349917857
5.587958,920.6568033,0.063553584,0.349836329
5.593495,920.4433269,0.063538847,0.349755211
5.599038,920.2311406,0.0635242,0.349674584
5.604586,920.0201696,0.063509637,0.349594418
5.61014,919.8103949,0.063495156,0.349514706
5.615699,919.6018368,0.063480759,0.349435457
5.621264,919.3944558,0.063466443,0.349356655
5.626834,919.1887546,0.063452243,0.349278492
5.63241,918.9844119,0.063438137,0.349200845
5.637992,918.7897513,0.0634247,0.349126876
5.643578,918.6080744,0.063412159,0.349057842
5.649171,918.4275786,0.063399699,0.348989256
5.654769,918.2483983,0.06338733,0.34892117
5.660372,918.0704326,0.063375045,0.348853546
5.665982,917.8936226,0.06336284,0.34878636
5.671596,917.7181229,0.063350725,0.348719673
5.677216,917.5438759,0.063338696,0.348653462
5.682842,917.3708354,0.063326751,0.348587709
5.688473,917.1989115,0.063314883,0.34852238
5.69411,917.0275811,0.063303056,0.348457277
5.699753,916.857386,0.063291307,0.348392605
5.705401,916.688371,0.06327964,0.348328382
5.711055,916.5206055,0.063268059,0.348264634
5.716714,916.3539369,0.063256554,0.348201302
5.722379,916.1885333,0.063245136,0.348138451
5.728049,916.0243498,0.063233802,0.348076064
5.733726,915.8612537,0.063222544,0.348014089
5.739407,915.699337,0.063211366,0.347952563
5.745095,915.5386975,0.063200277,0.347891523
5.750788,915.3791118,0.063189261,0.347830882
5.756486,915.2216366,0.06317839,0.347771044
5.762191,915.0665259,0.063167683,0.347712104
5.767901,914.9125795,0.063157056,0.347653607
5.773616,914.7597638,0.063146507,0.347595539
5.779338,914.608036,0.063136033,0.347537885
5.785065,914.4574956,0.063125641,0.347480682
5.790797,914.3080448,0.063115325,0.347423892
5.796536,914.1597209,0.063105086,0.347367531
5.80228,914.0124761,0.063094921,0.347311581
5.808029,913.8664024,0.063084838,0.347256075
5.813785,913.7213965,0.063074828,0.347200975
5.819546,913.5774924,0.063064894,0.347146293
5.825313,913.4333792,0.063054946,0.347091532
5.831085,913.2898633,0.063045039,0.347036998
5.836863,913.147498,0.063035211,0.346982901
5.842647,913.0061415,0.063025453,0.346929188
5.848437,912.8659477,0.063015776,0.346875916
5.854233,912.7268952,0.063006177,0.346823078
5.860034,912.5887881,0.062996643,0.3467706
5.865841,912.4518573,0.062987191,0.346718568
5.871653,912.315954,0.062977809,0.346666927
5.877472,912.1810124,0.062968494,0.346615651
5.883296,912.0472117,0.062959258,0.346564808
5.889126,911.9145905,0.062950103,0.346514414
5.894962,911.7817376,0.062940932,0.346463932
5.900803,911.6747724,0.062933548,0.346423287
5.906651,911.6096826,0.062929055,0.346398554
5.912504,911.5547308,0.062925261,0.346377673
5.918363,911.5010124,0.062921553,0.346357261
5.924227,911.4484912,0.062917928,0.346337303
5.930098,911.3970855,0.062914379,0.34631777
5.935974,911.3469314,0.062910917,0.346298712
5.941857,911.2978995,0.062907532,0.346280081
5.947745,911.2499952,0.062904225,0.346261878
5.953638,911.2032904,0.062901001,0.34624413
5.959538,911.1582871,0.062897895,0.34622703
5.965444,911.1150432,0.062894909,0.346210598
5.971355,911.0728901,0.062892,0.34619458
5.977272,911.0317489,0.06288916,0.346178947
5.983195,910.9919718,0.062886414,0.346163832
5.989124,910.9531924,0.062883737,0.346149097
5.995059,910.9156473,0.062881145,0.34613483
6.001,910.8791021,0.062878622,0.346120944
6.006947,910.8438206,0.062876187,0.346107537
6.012899,910.8095469,0.062873821,0.346094514
6.018857,910.7764163,0.062871534,0.346081924
6.024822,910.7443307,0.062869319,0.346069732
6.030792,910.7121377,0.062867097,0.3460575
6.036768,910.6808669,0.062864938,0.346045617
6.04275,910.6506712,0.062862854,0.346034143
6.048738,910.6215274,0.062860842,0.346023069
6.054732,910.5934723,0.062858905,0.346012408
6.060732,910.5665076,0.062857044,0.346002162
6.066738,910.5405816,0.062855254,0.345992311
6.07275,910.5158119,0.062853544,0.345982899
6.078767,910.4920774,0.062851906,0.34597388
6.084791,910.469336,0.062850336,0.345965238
6.090821,910.4477327,0.062848845,0.345957029
6.096856,910.4280143,0.062847483,0.345949537
6.102898,910.41137,0.062846334,0.345943212
6.108946,910.3957481,0.062845256,0.345937276
6.114999,910.381097,0.062844245,0.345931709
6.121059,910.3675319,0.062843308,0.345926554
6.127124,910.3549793,0.062842442,0.345921784
6.133196,910.3434768,0.062841648,0.345917414
6.139273,910.3329503,0.062840921,0.345913414
6.145357,910.3234506,0.062840265,0.345909804
6.151447,910.3148422,0.062839671,0.345906533
6.157543,910.3073278,0.062839152,0.345903678
6.163644,910.3007922,0.062838701,0.345901194
6.169752,910.2969276,0.062838434,0.345899726
6.175866,910.2952403,0.062838318,0.345899084
6.181986,910.2944242,0.062838262,0.345898774
6.188112,910.2946413,0.062838277,0.345898857
6.194244,910.2958258,0.062838358,0.345899307
6.200382,910.2918881,0.062838086,0.345897811
6.206526,910.2637159,0.062836142,0.345887106
6.212676,910.2365669,0.062834268,0.345876789
6.218833,910.2104605,0.062832465,0.345866869
6.224995,910.1852744,0.062830727,0.345857299
6.231164,910.161115,0.062829059,0.345848119
6.237339,910.1337626,0.062827171,0.345837725
6.243519,910.034412,0.062820313,0.345799974
6.249706,909.9363673,0.062813545,0.345762718
6.255899,909.8396869,0.062806871,0.345725981
6.262099,909.7442772,0.062800285,0.345689726
6.268304,909.6501392,0.062793786,0.345653955
6.274515,909.5573461,0.062787381,0.345618695
6.280733,909.4658066,0.062781061,0.345583912
6.286957,909.3755243,0.062774829,0.345549606
6.293187,909.2865297,0.062768686,0.345515789
6.299423,909.1988356,0.062762632,0.345482466
6.305665,909.1123429,0.062756662,0.345449601
6.311914,909.0652263,0.062753409,0.345431697
6.318169,909.1055418,0.062756192,0.345447016
6.32443,909.1466569,0.06275903,0.345462639
6.330697,909.188517,0.06276192,0.345478546
6.33697,909.2312849,0.062764872,0.345494797
6.34325,909.2747973,0.062767876,0.345511331
6.349535,909.3186529,0.062770903,0.345527995
6.355827,909.3638637,0.062774024,0.345545175
6.362126,909.3901361,0.062775838,0.345555158
6.36843,909.4055863,0.062776904,0.345561029
6.374741,909.422053,0.062778041,0.345567286
6.381058,909.4393137,0.062779233,0.345573845
6.387381,909.4229953,0.062778106,0.345567644
6.39371,909.3923474,0.062775991,0.345555998
6.400046,909.3625652,0.062773935,0.345544681
6.406388,909.3337483,0.062771945,0.345533731
6.412737,909.3058283,0.062770018,0.345523122
6.419091,909.2787885,0.062768152,0.345512847
6.425452,909.2526646,0.062766348,0.345502921
6.431819,909.2274975,0.062764611,0.345493358
6.438193,909.1506067,0.062759303,0.34546414
6.444573,909.0460743,0.062752087,0.345424419
6.450959,908.9423444,0.062744927,0.345385004
6.457352,908.8392676,0.062737811,0.345345836
6.46375,908.734156,0.062730555,0.345305895
6.470156,908.6297597,0.062723349,0.345266226
6.476567,908.5262284,0.062716202,0.345226885
6.482985,908.4234085,0.062709104,0.345187815
6.489409,908.3214329,0.062702065,0.345149066
6.49584,908.2202877,0.062695082,0.345110632
6.502277,908.1196629,0.062688136,0.345072396
6.50872,908.020043,0.062681259,0.345034542
6.51517,907.9211032,0.06267443,0.344996947
6.521626,907.822983,0.062667656,0.344959662
6.528089,907.7159801,0.06266027,0.344919003
6.534557,907.5948555,0.062651908,0.344872977
6.541033,907.4740106,0.062643566,0.344827058
6.547515,907.3539797,0.062635281,0.344781448
6.554003,907.2347635,0.062627051,0.344736147
6.560497,907.1163426,0.062618876,0.344691149
6.566998,906.9987288,0.062610757,0.344646458
6.573506,906.8819329,0.062602695,0.344602077
6.58002,906.7659881,0.062594691,0.344558019
6.58654,906.6507778,0.062586738,0.344514241
6.593067,906.5363655,0.06257884,0.344470766
6.5996,906.4227919,0.062571,0.34442761
6.60614,906.30991,0.062563208,0.344384716
6.612686,906.1991232,0.06255556,0.344342619
6.619239,906.0892194,0.062547973,0.344300857
6.625798,905.980234,0.06254045,0.344259444
6.632364,905.8718706,0.06253297,0.344218268
6.638937,905.7643803,0.062525549,0.344177423
6.645515,905.6574955,0.062518171,0.344136808
6.652101,905.5514854,0.062510853,0.344096526
6.658692,905.4462,0.062503585,0.344056519
6.665291,905.3416533,0.062496368,0.344016793
6.671896,905.2377744,0.062489197,0.34397732
6.678507,905.1346914,0.062482082,0.34393815
6.685125,905.0318566,0.062474983,0.343899074
6.69175,904.9289122,0.062467877,0.343859957
6.698381,904.826659,0.062460818,0.343821102
6.705018,904.7165872,0.06245322,0.343779277
6.711663,904.5981709,0.062445045,0.34373428
6.718314,904.4805359,0.062436925,0.343689581
6.724971,904.3637034,0.06242886,0.343645186
6.731635,904.2476888,0.062420851,0.343601102
6.738306,904.1323943,0.062412892,0.343557292
6.744983,904.0178383,0.062404984,0.343513762
6.751667,903.9041154,0.062397134,0.343470549
6.758357,903.7912329,0.062389342,0.343427655
6.765054,903.6789614,0.062381592,0.343384994
6.771758,903.5674566,0.062373894,0.343342624
6.778469,903.4566897,0.062366248,0.343300534
6.785186,903.3467195,0.062358657,0.343258747
6.791909,903.2374528,0.062351114,0.343217227
6.79864,903.1266862,0.062343468,0.343175137
6.805377,903.0188887,0.062336026,0.343134176
6.81212,902.9118454,0.062328637,0.343093501
6.818871,902.8055725,0.062321301,0.343053119
6.825628,902.6999966,0.062314013,0.343013001
6.832392,902.5951258,0.062306774,0.342973152
6.839162,902.4909295,0.062299581,0.342933559
6.845939,902.3881817,0.062292488,0.342894516
6.852723,902.2861324,0.062285444,0.342855739
6.859514,902.184734,0.062278444,0.342817209
6.866311,902.0840414,0.062271493,0.342778947
6.873115,901.9841089,0.062264595,0.342740974
6.879926,901.8848298,0.062257741,0.34270325
6.886744,901.7862481,0.062250936,0.34266579
6.893568,901.6882856,0.062244174,0.342628566
6.900399,901.5909336,0.062237454,0.342591573
6.907237,901.4943403,0.062230786,0.342554869
6.914082,901.4274021,0.062226165,0.342529434
6.920933,901.3969233,0.062224061,0.342517852
6.927791,901.3673333,0.062222018,0.342506608
6.934656,901.3385052,0.062220028,0.342495654
6.941528,901.310394,0.062218088,0.342484972
6.948407,901.2830121,0.062216197,0.342474568
6.955292,901.2563547,0.062214357,0.342464438
6.962184,901.2304908,0.062212572,0.34245461
6.969084,901.2053259,0.062210835,0.342445048
6.975989,901.1808876,0.062209148,0.342435762
6.982902,901.1571524,0.062207509,0.342426743
6.989822,901.1339914,0.06220591,0.342417942
6.996748,901.111675,0.06220437,0.342409462
7.003682,901.0898416,0.062202863,0.342401166
7.010622,901.0685777,0.062201395,0.342393086
7.017569,901.0587356,0.062200715,0.342389346
7.024523,901.1202154,0.062204959,0.342412707
7.031484,901.1825173,0.06220926,0.342436381
7.038452,901.2455072,0.062213608,0.342460316
7.045426,901.3092266,0.062218007,0.342484529
7.052408,901.3737138,0.062222459,0.342509033
7.059396,901.4388668,0.062226956,0.34253379
7.066392,901.5047326,0.062231503,0.342558818
7.073394,901.5713876,0.062236104,0.342584146
7.080403,901.6387424,0.062240754,0.34260974
7.08742,901.8071822,0.062252381,0.342673745
7.094443,902.1444945,0.062275666,0.342801918
7.101473,902.4831738,0.062299045,0.342930612
7.10851,902.8232195,0.062322519,0.343059824
7.115554,903.1647221,0.062346093,0.34318959
7.122605,903.507567,0.06236976,0.343319866
7.129663,903.8517761,0.062393521,0.343450661
7.136728,904.197358,0.062417377,0.343581977
7.143801,904.544155,0.062441316,0.343713755
7.15088,904.8924729,0.062465361,0.343846111
7.157966,905.2420413,0.062489492,0.343978942
7.165059,905.5927424,0.062513701,0.344112203
7.172159,905.9446763,0.062537995,0.344245933
7.179266,906.2979954,0.062562385,0.344380189
7.18638,906.6525485,0.06258686,0.344514914
7.193502,907.0084327,0.062611427,0.344650145
7.20063,907.3655755,0.062636081,0.344785854
7.207765,907.7239547,0.06266082,0.344922033
7.214908,908.0837164,0.062685655,0.345058737
7.222057,908.4447305,0.062710576,0.345195917
7.229214,908.8069944,0.062735583,0.345333572
7.236378,909.1705181,0.062760678,0.345471706
7.243548,909.535389,0.062785865,0.345610352
7.250726,909.9017253,0.062811153,0.345749554
7.257911,910.2693602,0.062836531,0.34588925
7.265103,910.6381836,0.062861992,0.346029398
7.272303,911.0083708,0.062887546,0.346170064
7.279509,911.3796426,0.062913175,0.346311142
7.286723,911.7521329,0.062938888,0.346452683
7.293943,912.2045059,0.062970116,0.346624578
7.301171,913.322548,0.063047295,0.347049418
7.308406,914.4488188,0.063125042,0.347477385
7.315648,915.5826043,0.063203308,0.347908207
7.322898,916.7238641,0.06328209,0.348341869
7.330154,917.8726889,0.063361394,0.348778406
7.337418,919.029111,0.063441223,0.34921783
7.344689,920.1931788,0.06352158,0.349660159
7.351967,921.3648344,0.06360246,0.350105371
7.359252,922.5441317,0.063683867,0.350553487
7.366545,923.7310728,0.063765803,0.351004507
7.373845,924.9257107,0.06384827,0.351458453
7.381152,926.1281622,0.063931276,0.351915367
7.388466,927.3382946,0.064014812,0.3523752
7.395788,928.55614,0.064098881,0.352837963
7.403116,929.7817956,0.064183488,0.353303695
7.410452,931.0153475,0.064268641,0.353772427
7.417796,932.2565041,0.064354319,0.354244049
7.425146,933.5054745,0.064440537,0.354718639
7.432504,934.7623313,0.064527298,0.355196227
7.439869,936.0271187,0.064614607,0.355676828
7.447242,937.2998847,0.064702467,0.356160461
7.454622,938.5805583,0.064790873,0.356647098
7.462009,939.8692495,0.064879832,0.357136782
7.469403,941.166045,0.064969351,0.357629546
7.476805,942.4667982,0.065059143,0.358123813
7.484214,943.7795774,0.065149765,0.35862265
7.49163,945.1006632,0.065240961,0.359124644
7.499054,946.4299697,0.065332724,0.359629761
7.506485,947.7692884,0.065425178,0.360138683
7.513923,949.1169447,0.065518207,0.360650773
7.521369,951.8034444,0.065703658,0.361671604
7.528823,954.5719352,0.065894769,0.362723591
7.536283,957.3753291,0.066088289,0.36378884
7.543751,960.2140822,0.06628425,0.364867526
7.551227,963.0884216,0.066482668,0.365959733
7.558709,965.998879,0.066683579,0.367065665
7.5662,968.945897,0.066887014,0.36818549
7.573697,971.9298021,0.067092995,0.369319331
7.581202,974.9510926,0.067301557,0.370467377
7.588715,978.0098231,0.067512703,0.371629651
7.596235,981.1064755,0.067726467,0.372806334
7.603762,984.241539,0.067942883,0.373997613
7.611297,987.415919,0.068162012,0.375203832
7.618839,990.6297473,0.068383865,0.37642504
7.626389,993.8836485,0.068608484,0.377661476
7.633946,997.1779382,0.068835891,0.378913259
7.641511,1000.513164,0.069066124,0.380180596
7.649083,1003.889855,0.06929922,0.381463691
7.656663,1007.28002,0.069533245,0.382751904
7.66425,1010.676063,0.069767676,0.384042352
7.671845,1014.114934,0.070005064,0.385349073
7.679448,1017.597329,0.070245456,0.386672333
7.687057,1021.123777,0.070488889,0.388012333
7.694675,1024.694501,0.070735379,0.389369156
7.7023,1028.310125,0.070984968,0.390743041
7.709932,1031.971117,0.071237689,0.392134166
7.717572,1035.678055,0.071493581,0.393542749
7.72522,1039.43139,0.071752677,0.394968962
7.732875,1043.231697,0.072015015,0.396413024
7.740538,1047.079625,0.07228064,0.397875181
7.748208,1050.975652,0.072549585,0.399355615
7.755886,1055.743487,0.072878712,0.401167324
7.763572,1060.679908,0.073219477,0.403043093
7.771265,1065.692631,0.073565509,0.404947856
7.778966,1070.782585,0.073916872,0.406881965
7.786675,1075.951121,0.074273659,0.408845934
7.794391,1081.19933,0.074635947,0.410840178
7.802114,1086.528425,0.075003818,0.412865157
7.809846,1091.939652,0.075377359,0.414921345
7.817585,1097.434222,0.075756653,0.417009203
7.825332,1103.013303,0.076141781,0.419129173
7.833086,1108.678239,0.076532835,0.421281768
7.840848,1114.430441,0.076929914,0.423467522
7.848618,1120.271098,0.077333098,0.425686887
7.856396,1126.201258,0.077742462,0.427940263
7.864181,1132.222471,0.07815811,0.430228237
7.871974,1138.336273,0.07858015,0.432551393
7.879774,1144.543994,0.079008673,0.434910238
7.887583,1150.847217,0.079443789,0.437305372
7.895399,1157.24731,0.079885592,0.439737315
7.903223,1163.745738,0.080334183,0.442206624
7.911054,1170.344164,0.080789677,0.444713931
7.918894,1177.043955,0.081252168,0.447259755
7.926741,1183.84674,0.081721769,0.449844716
7.934596,1190.754183,0.082198595,0.452469444
7.942458,1197.767812,0.082682751,0.455134523
7.950329,1204.889169,0.083174343,0.457840536
7.958207,1212.120013,0.083673493,0.460588152
7.966093,1219.462258,0.084180334,0.4633781
7.973987,1226.917519,0.084694975,0.466210991
7.981889,1234.487617,0.085217545,0.46908752
7.989798,1242.174447,0.085748172,0.472008405
7.997716,1249.979718,0.086286975,0.474974295
8.005641,1257.475397,0.086804407,0.477822545
8.013574,1264.999335,0.08732379,0.480681533
8.021515,1272.632749,0.08785073,0.483582121
8.029464,1280.37737,0.088385346,0.486524965
8.037421,1288.234642,0.088927739,0.489510615
8.045385,1296.206134,0.089478017,0.492539668
8.053358,1304.294054,0.090036332,0.495612961
8.061338,1312.500178,0.090602806,0.49873117
8.069326,1320.826411,0.091177572,0.501895018
8.077323,1329.27462,0.091760758,0.505105216
8.085327,1337.846653,0.092352491,0.508362465
8.093339,1346.544595,0.092952916,0.511667558
8.101359,1355.370308,0.093562162,0.515021202
8.109387,1364.325943,0.094180375,0.518424214
8.117423,1373.413519,0.094807697,0.521877362
8.125466,1382.635073,0.095444267,0.52538142
8.133518,1391.99185,0.096090172,0.52893686
8.141578,1401.48649,0.096745594,0.532544687
8.149646,1411.121882,0.097410732,0.536205997
8.157722,1420.900105,0.098085729,0.539921581
8.165806,1430.82359,0.098770754,0.543692363
8.173897,1440.894888,0.099465983,0.547519311
8.181997,1451.116179,0.100171566,0.551403254
8.190105,1461.490169,0.10088769,0.555345221
8.198221,1472.019226,0.101614518,0.559346111
8.206345,1482.706138,0.102352243,0.563406984
8.214477,1493.553311,0.103101031,0.567528753
8.222617,1504.563799,0.103861093,0.57171258
8.230765,1515.740161,0.104632605,0.575959437
8.238921,1527.085363,0.105415772,0.58027045
8.247085,1538.602033,0.106210776,0.584646619
8.255258,1550.293505,0.107017846,0.58908921
8.263438,1562.162526,0.107837173,0.593599267
8.271627,1571.518153,0.108482999,0.597154271
8.279823,1580.008583,0.109069099,0.600380512
8.288028,1588.589513,0.109661446,0.603641142
8.296241,1597.261917,0.110260109,0.60693653
8.304462,1606.026966,0.110865166,0.610267123
8.312691,1614.885755,0.111476695,0.613633335
8.320929,1623.839497,0.112094778,0.617035628
8.329174,1632.889887,0.112719532,0.620474646
8.337428,1642.037399,0.113350992,0.623950569
8.34569,1651.283342,0.113989245,0.627463894
8.35396,1660.495684,0.11462518,0.630964451
8.362238,1669.737544,0.115263152,0.634476225
8.370525,1679.111524,0.115910244,0.638038203
8.378819,1688.193053,0.116537149,0.641489053
8.387122,1695.484077,0.117040453,0.644259537
8.395433,1702.870848,0.117550367,0.647066403
8.403753,1710.355557,0.118067042,0.649910485
8.41208,1717.940428,0.118590631,0.652792627
8.420416,1725.62678,0.119121225,0.65571333
8.42876,1733.417085,0.119658995,0.658673534
8.437113,1741.313086,0.120204062,0.6616739
8.445473,1749.31673,0.120756559,0.66471517
8.453842,1757.429626,0.121316598,0.667797954
8.46222,1765.653342,0.121884287,0.670922847
8.470605,1773.98916,0.122459714,0.674090338
8.478999,1782.438713,0.123042993,0.677301046
8.487401,1791.002914,0.123634185,0.68055532
8.495812,1799.210253,0.124200744,0.68367399
8.50423,1806.936606,0.124734099,0.686609893
8.512658,1814.763958,0.125274427,0.689584174
8.521093,1822.692734,0.125821756,0.692596995
8.529537,1830.722941,0.126376087,0.695648358
8.537989,1838.854441,0.12693741,0.698738211
8.54645,1847.087011,0.12750571,0.701866469
8.554919,1855.420299,0.128080962,0.705032998
8.563396,1863.853809,0.128663134,0.708237611
8.571882,1872.386245,0.129252134,0.711479814
8.580376,1881.017214,0.129847935,0.714759458
8.588879,1889.74511,0.130450428,0.718075932
8.59739,1898.568759,0.131059531,0.721428792
8.605909,1907.486476,0.131675127,0.724817396
8.614437,1916.695893,0.13231086,0.728316842
8.622974,1926.184504,0.132965865,0.731922377
8.631519,1935.767561,0.13362739,0.735563801
8.640072,1945.443002,0.134295293,0.739240329
8.648634,1955.208737,0.134969428,0.742951168
8.657204,1965.062378,0.135649632,0.74669541
8.665783,1975.001525,0.136335738,0.750472142
8.67437,1985.023399,0.137027555,0.75428031
8.682966,1995.125756,0.137724928,0.758119061
8.69157,2005.305607,0.13842765,0.761987257
8.700183,2015.560632,0.139135562,0.765884019
8.708804,2025.8881,0.139848474,0.769808308
8.717434,2036.28499,0.140566179,0.773758977
8.726072,2046.748995,0.141288516,0.777735148
8.734719,2057.616253,0.142038691,0.78186455
8.743375,2069.065385,0.142829032,0.786215055
8.752039,2080.588676,0.143624493,0.79059374
8.760712,2092.183714,0.144424907,0.794999687
8.769393,2103.848873,0.145230161,0.79943228
8.778083,2115.58186,0.146040097,0.803890646
8.786782,2127.381291,0.14685462,0.80837426
8.795489,2139.245479,0.147673613,0.81288248
8.804205,2151.173327,0.148497001,0.817414891
8.812929,2163.163645,0.149324701,0.821971039
8.821662,2175.216187,0.150156697,0.826550831
8.830404,2187.329161,0.150992864,0.831153587
8.839154,2199.523455,0.151834644,0.835787243
8.847913,2211.755552,0.152679035,0.840435264
8.856681,2224.055437,0.153528104,0.845109043
8.865457,2236.520082,0.154388547,0.849845429
8.874243,2249.043082,0.155253019,0.854603988
8.883036,2261.624576,0.156121528,0.859384775
8.891839,2274.264795,0.156994091,0.864187876
8.90065,2286.964103,0.157870733,0.86901343
8.90947,2299.723136,0.158751498,0.873861679
8.918299,2312.54193,0.159636389,0.878732637
8.927136,2325.421303,0.160525461,0.883626613
8.935983,2338.362596,0.161418807,0.888544118
8.944838,2351.366812,0.162316498,0.893485532
8.953702,2364.434783,0.163218589,0.898451173
8.962574,2377.567467,0.164125147,0.903441404
8.971455,2390.766002,0.165036251,0.908456658
8.980346,2404.031358,0.165951968,0.913497302
8.989245,2416.631673,0.166821777,0.91828524
8.998152,2428.67628,0.167653224,0.922862017
9.007069,2440.757221,0.16848718,0.927452601
9.015994,2452.874834,0.169323667,0.932057119
9.024929,2465.029628,0.170162721,0.936675766
9.033872,2477.222136,0.171004379,0.941308744
9.042824,2489.453052,0.171848687,0.945956316
9.051785,2501.722967,0.172695688,0.950618706
9.060755,2514.032706,0.173545438,0.95529623
9.069733,2526.383526,0.174398024,0.959989364
9.078721,2538.776446,0.175253516,0.964698495
9.087717,2551.212614,0.176111993,0.96942406
9.096723,2563.693436,0.176973553,0.974166592
9.105737,2576.219999,0.177838271,0.978926506
9.11476,2589.157842,0.178731379,0.9838427
9.123792,2599.966902,0.179477536,0.987949987
9.132833,2610.225464,0.180185692,0.991848093
9.141883,2620.512758,0.180895831,0.995757117
9.150942,2630.827559,0.181607869,0.999676593
9.16001,2641.169103,0.182321753,1.00360623
9.169087,2651.53652,0.183037423,1.0075457
9.178173,2661.928338,0.183754777,1.011494441
9.187268,2672.343922,0.184473772,1.015452213
9.196373,2682.781944,0.185194316,1.019418511
9.205486,2693.241102,0.185916319,1.02339284
9.214608,2703.72026,0.186639703,1.02737477
9.223739,2714.21812,0.187364377,1.031363805
9.232879,2724.733562,0.188090266,1.035359522
9.242028,2735.264906,0.188817252,1.039361281
9.251186,2745.811036,0.189545259,1.043368658
9.260354,2752.798913,0.190027637,1.046023951
9.26953,2759.133597,0.190464924,1.04843104
9.278716,2765.428068,0.190899436,1.050822848
9.28791,2771.681173,0.191331092,1.053198938
9.297114,2777.891683,0.191759808,1.055558842
9.306327,2784.058218,0.192185488,1.057902037
9.315549,2790.179591,0.192608051,1.06022807
9.32478,2796.254576,0.193027411,1.062536477
9.33402,2802.281951,0.193443485,1.064826793
9.34327,2808.260171,0.193856166,1.06709843
9.352528,2814.188436,0.194265398,1.069351086
9.361796,2820.064833,0.19467105,1.071584032
9.371073,2825.888372,0.195073053,1.073796893
9.380359,2831.657542,0.195471303,1.075989095
9.389655,2837.37133,0.19586573,1.078160252
9.398959,2840.27937,0.196066474,1.079265265
9.408273,2841.763843,0.196168948,1.079829344
9.417596,2843.178765,0.196266621,1.080366993
9.426928,2844.523727,0.196359465,1.08087806
9.43627,2845.798212,0.196447443,1.081362345
9.445621,2847.001897,0.196530535,1.081819729
9.454981,2848.134619,0.196608727,1.082250146
9.46435,2849.195692,0.196681974,1.082653339
9.473729,2850.184761,0.19675025,1.083029171
9.483116,2851.101555,0.196813537,1.08337754
9.492514,2851.945692,0.196871808,1.083698299
9.50192,2852.716705,0.196925032,1.083991273
9.511336,2853.414282,0.196973186,1.084256342
9.520761,2854.038483,0.197016275,1.08449353
9.530196,2854.588498,0.197054243,1.084702528
9.539639,2854.348638,0.197037685,1.084611384
9.549093,2851.954558,0.19687242,1.083701668
9.558555,2849.505626,0.196703369,1.08277111
9.568027,2847.001762,0.196530525,1.081819677
9.577508,2844.443565,0.196353931,1.080847599
9.586999,2841.831006,0.196173584,1.079854865
9.596499,2839.16423,0.195989495,1.078841528
9.606009,2836.443668,0.195801693,1.077807754
9.615528,2833.669474,0.195610188,1.0767536
9.625056,2830.842041,0.195415008,1.075679216
9.634594,2827.961498,0.195216163,1.074584651
9.644141,2825.02821,0.195013676,1.073470044
9.653698,2822.042401,0.194807563,1.07233548
9.663264,2819.004202,0.194597834,1.071181007
9.67284,2815.066608,0.194326019,1.069684778
9.682425,2811.060642,0.194049485,1.068162569
9.69202,2806.881387,0.193760988,1.066574512
9.701624,2802.583369,0.193464293,1.064941328
9.711238,2798.259028,0.19316578,1.06329814
9.720861,2793.908886,0.192865487,1.061645149
9.730494,2789.533144,0.192563426,1.05998243
9.740136,2785.131979,0.192259611,1.058310051
9.749788,2780.705843,0.191954072,1.056628182
9.759449,2776.254995,0.191646826,1.054936924
9.76912,2771.77941,0.191337874,1.053236267
9.778801,2767.280078,0.191027282,1.051526585
9.788491,2762.756974,0.190715049,1.049807871
9.798191,2758.210187,0.190401181,1.048080157
9.8079,2753.639827,0.190085686,1.046343486
9.817619,2749.046528,0.189768607,1.044598099
9.827348,2744.430413,0.189449953,1.042844042
9.837086,2739.791623,0.189129734,1.041081368
9.846834,2735.523564,0.188835107,1.039459567
9.856592,2731.406836,0.188550927,1.03789527
9.866359,2727.275464,0.188265735,1.036325408
9.876136,2723.129642,0.187979546,1.034750055
9.885923,2718.969193,0.187692347,1.033169144
9.895719,2714.794202,0.187404145,1.031582708
9.905525,2710.605126,0.18711497,1.029990919
9.915341,2706.402125,0.186824834,1.028393839
9.925166,2702.185376,0.186533749,1.026791536
9.935002,2697.955461,0.186241755,1.025184229
9.944847,2693.718119,0.185949248,1.0235741
9.954701,2689.467379,0.185655817,1.02195888
9.964566,2685.203792,0.185361498,1.020338778
9.97444,2680.92724,0.185066285,1.01871375
9.984324,2676.638138,0.184770205,1.017083953
9.994218,2672.336605,0.184473267,1.015449432
10.00412,2668.422064,0.184203044,1.013961963
10.01404,2664.825302,0.183954757,1.012595245
10.02396,2661.213876,0.183705457,1.011222955
10.03389,2657.587732,0.183455142,1.009845073
10.04383,2653.947179,0.183203832,1.008461715
10.05379,2650.292181,0.182951525,1.007072869
10.06375,2646.623175,0.182698251,1.005678699
10.07372,2642.940086,0.182444005,1.004279178
10.08371,2639.243144,0.182188802,1.002874394
10.0937,2635.532371,0.181932645,1.001464354
10.1037,2631.808,0.181675549,1.000049146
10.11371,2628.07026,0.18141753,0.998628859
10.12373,2624.318533,0.181158546,0.997203257
10.13377,2620.552538,0.180898577,0.995772232
10.14381,2616.773457,0.180637704,0.994336236
10.15386,2612.981501,0.180375943,0.992895348
10.16392,2609.12319,0.180109601,0.991429245
10.17399,2604.888706,0.179817292,0.989820202
10.18408,2600.63737,0.179523819,0.988204756
10.19417,2596.369296,0.179229191,0.986582949
10.20427,2592.084757,0.178933426,0.984954886
10.21438,2587.783936,0.178636537,0.983320636
10.2245,2583.467223,0.178338552,0.981680347
10.23463,2579.134967,0.178039493,0.980034152
10.24478,2574.787501,0.177739384,0.978382178
10.25493,2570.424774,0.177438222,0.976724404
10.26509,2566.046867,0.177136012,0.975060862
10.27526,2561.654065,0.176832774,0.973391661
10.28544,2557.246657,0.176528527,0.971716909
10.29564,2552.824738,0.176223279,0.970036644
10.30584,2548.388743,0.175917059,0.96835103
10.31605,2543.938594,0.175609863,0.966660037
10.32627,2539.474889,0.17530173,0.964963893
10.33651,2533.975537,0.174922106,0.962874219
10.34675,2527.173691,0.17445257,0.960289615
10.357,2520.373021,0.173983115,0.957705459
10.36727,2513.573557,0.173513743,0.95512176
10.37754,2506.775706,0.173044482,0.952538675
10.38782,2499.979768,0.172575354,0.949956316
10.39812,2493.185958,0.172106373,0.947374766
10.40842,2486.394567,0.171637558,0.944794135
10.41873,2479.605856,0.171168929,0.942214523
10.42906,2472.820145,0.170700506,0.93963605
10.43939,2466.037445,0.170232292,0.937058722
10.44974,2459.258461,0.169764334,0.934482806
10.46009,2452.483062,0.169296623,0.931908252
10.47046,2445.711807,0.168829199,0.929335272
10.48083,2438.944436,0.168362042,0.926763769
10.49122,2432.181734,0.167895208,0.924194039
10.50162,2425.42368,0.167428695,0.921626076
10.51202,2417.923747,0.166910969,0.918776209
10.52244,2409.606353,0.166336814,0.91561572
10.53287,2401.316182,0.165764538,0.912465574
10.5433,2393.053293,0.165194145,0.909325795
10.55375,2384.817739,0.164625639,0.906196403
10.56421,2376.60967,0.16405903,0.903077455
10.57468,2368.428759,0.163494296,0.899968827
10.58516,2360.275355,0.162931461,0.896870651
10.59565,2352.149654,0.162370538,0.893783001
10.60615,2344.051624,0.161811525,0.890705867
10.61666,2335.981084,0.16125441,0.887639177
10.62718,2327.937778,0.160699175,0.884582837
10.63771,2319.921749,0.160145823,0.881536861
10.64825,2311.933315,0.159594376,0.878501371
10.6588,2303.97214,0.15904481,0.875476239
10.66936,2296.03806,0.158497115,0.872461403
10.67993,2288.131588,0.157951326,0.869457058
10.69052,2280.374853,0.157415873,0.86650961
10.70111,2273.10201,0.156913824,0.863746035
10.71172,2265.856332,0.156413649,0.860992781
10.72233,2258.637397,0.155915321,0.85824969
10.73296,2251.444811,0.155418812,0.855516611
10.74359,2244.279071,0.154924156,0.852793733
10.75424,2237.14013,0.15443135,0.850081038
10.76489,2230.027889,0.153940387,0.847378489
10.77556,2222.942244,0.15345126,0.844686046
10.78624,2215.883355,0.15296398,0.84200377
10.79693,2208.850658,0.152478508,0.839331446
10.80763,2201.844757,0.151994885,0.836669304
10.81834,2194.86497,0.151513066,0.834017086
10.82906,2187.911549,0.151033066,0.831374886
10.83979,2180.982687,0.150554762,0.828742018
10.85053,2174.0826,0.150078444,0.826120085
10.86128,2167.208546,0.149603924,0.823508043
10.87204,2160.360348,0.149131188,0.820905826
10.88282,2154.058017,0.148696133,0.818511031
10.8936,2148.054226,0.148281687,0.816229677
10.9044,2142.070932,0.147868656,0.813956112
10.9152,2136.107907,0.147457025,0.811690248
10.92602,2130.165133,0.147046791,0.80943208
10.93685,2124.242599,0.146637954,0.807181602
10.94768,2118.340393,0.146230521,0.804938848
10.95853,2112.458111,0.145824463,0.802703666
10.96939,2106.596727,0.145419847,0.800476425
10.98026,2100.755502,0.145016623,0.798256843
10.99114,2094.934078,0.144614766,0.796044786
11.00203,2089.132584,0.144214285,0.793840302
11.01294,2083.35108,0.143815184,0.791643413
11.02385,2077.589337,0.143417447,0.789454034
11.03477,2071.847488,0.143021083,0.787272214
11.04571,2066.125118,0.142626064,0.785097796
11.05665,2060.422641,0.142232418,0.782930937
11.06761,2054.739573,0.141840112,0.780771453
11.07858,2048.88621,0.14143605,0.778547259
11.08956,2042.991243,0.141029116,0.776307256
11.10054,2037.128034,0.140624375,0.774079321
11.11154,2031.286335,0.140221118,0.77185956
11.12256,2025.466154,0.139819347,0.769647975
11.13358,2019.667411,0.139419056,0.767444536
11.14461,2013.889862,0.139020227,0.765249151
11.15565,2008.133769,0.13862288,0.763061918
11.16671,2002.398788,0.138226991,0.760882708
11.17777,1996.685059,0.137832568,0.758711573
11.18885,1990.992348,0.137439596,0.756548425
11.19994,1985.320689,0.137048077,0.754393276
11.21104,1979.669969,0.136658004,0.752246084
11.22215,1974.040275,0.136269383,0.750106881
11.23327,1968.431515,0.135882206,0.747975633
11.2444,1962.843781,0.135496481,0.745852375
11.25554,1957.276711,0.135112182,0.743736969
11.26669,1951.730238,0.134729305,0.741629389
11.27786,1946.362911,0.134358795,0.739589882
11.28903,1941.125245,0.133997235,0.737599644
11.30022,1935.906195,0.13363696,0.73561648
11.31142,1930.705849,0.133277977,0.733640424
11.32263,1925.524268,0.132920289,0.731671497
11.33385,1920.361109,0.132563872,0.729709571
11.34508,1915.216831,0.132208759,0.72775482
11.35632,1910.093524,0.131855094,0.725808037
11.36757,1904.99075,0.131502845,0.723869056
11.37884,1899.906093,0.131151848,0.72193696
11.39011,1894.840111,0.13080214,0.72001196
11.4014,1889.79214,0.130453675,0.718093803
11.4127,1884.762216,0.130106456,0.716182504
11.42401,1879.750509,0.129760494,0.714278128
11.43533,1874.756858,0.129415779,0.712380612
11.44666,1869.781226,0.129072307,0.710489944
11.458,1864.823543,0.128730075,0.708606096
11.46936,1859.883764,0.128389079,0.706729051
11.48072,1854.980196,0.128050582,0.704865766
11.4921,1850.36232,0.127731807,0.703111039
11.50349,1845.760089,0.127414111,0.701362258
11.51489,1841.173659,0.127097507,0.699619481
11.5263,1836.602868,0.126781982,0.697882646
11.53772,1832.047665,0.126467533,0.696151734
11.54915,1827.508092,0.126154163,0.694426762
11.5606,1822.984055,0.125841866,0.692707693
11.57205,1818.475439,0.125530633,0.690994484
11.58352,1813.982322,0.12522047,0.689287164
11.595,1809.504456,0.12491136,0.687585639
11.60649,1805.042121,0.124603322,0.685890016
11.61799,1800.607574,0.124297202,0.684204952
11.6295,1796.193676,0.123992507,0.682527735
11.64103,1791.795054,0.123688867,0.680856322
11.65256,1787.411455,0.123386264,0.679190617
11.66411,1783.04296,0.123084704,0.677530652
11.67567,1778.689509,0.122784182,0.675876403
11.68724,1774.350972,0.12248469,0.674227821
11.69882,1769.914586,0.122178443,0.672542059
11.71041,1765.01945,0.121840529,0.670681978
11.72202,1760.14333,0.121503927,0.668829122
11.73363,1755.286213,0.121168636,0.666983488
11.74526,1750.447942,0.120834647,0.665145014
11.7569,1745.627894,0.120501916,0.663313465
11.76855,1740.825792,0.120170423,0.661488736
11.78021,1736.042568,0.119840234,0.65967118
11.79188,1731.27809,0.119511339,0.657860747
11.80357,1726.532171,0.119183725,0.656057366
11.81527,1721.804892,0.118857397,0.654261067
11.82697,1717.095002,0.11853227,0.652471377
11.83869,1712.40321,0.118208393,0.650688564
11.85043,1707.72959,0.117885769,0.648912656
11.86217,1703.074319,0.117564413,0.64714372
11.87392,1698.437499,0.11724433,0.645381795
11.88569,1693.818801,0.116925498,0.643626756
11.89747,1689.217597,0.116607874,0.641878365
11.90926,1684.633885,0.116291457,0.64013662
11.92106,1680.068416,0.115976299,0.638401808
11.93287,1675.364249,0.115651567,0.636614292
11.9447,1670.672151,0.115327669,0.634831362
11.95653,1665.998616,0.115005051,0.633055486
11.96838,1661.34378,0.114683725,0.631286716
11.98024,1656.707316,0.114363666,0.629524926
11.99211,1652.089307,0.114044882,0.627770149
12.004,1647.489914,0.113727382,0.626022446
12.01589,1642.908824,0.113411147,0.624281698
12.0278,1638.346349,0.113096196,0.622548023
12.03972,1633.802201,0.11278251,0.620821312
12.05165,1629.276431,0.112470093,0.619101585
12.06359,1624.769071,0.112158947,0.617388853
12.07554,1620.279901,0.111849056,0.615683033
12.08751,1615.808953,0.111540424,0.613984137
12.09949,1611.356302,0.111233054,0.612292194
12.11148,1606.921796,0.110926937,0.610607145
12.12348,1602.505343,0.110622066,0.608928957
12.13549,1598.107088,0.110318451,0.607257683
12.14752,1593.726843,0.11001608,0.605593253
12.15956,1589.503929,0.109724569,0.603988607
12.17161,1585.550653,0.109451672,0.602486419
12.18367,1581.611813,0.109179771,0.600989716
12.19574,1577.687376,0.108908864,0.599498487
12.20783,1573.777353,0.108638953,0.598012734
12.21992,1569.88167,0.108370031,0.596532431
12.23203,1566.000352,0.108102101,0.595057586
12.24415,1562.133408,0.107835163,0.593588203
12.25629,1558.280902,0.107569222,0.592124306
12.26843,1554.442493,0.107304254,0.590665766
12.28059,1550.661359,0.107043239,0.589228989
12.29276,1546.956264,0.106787474,0.587821106
12.30494,1543.264498,0.106532629,0.586418289
12.31713,1539.586483,0.106278733,0.585020696
12.32934,1535.921747,0.106025754,0.583628149
12.34156,1532.270309,0.105773692,0.582240655
12.35379,1528.632315,0.105522559,0.58085827
12.36603,1525.007714,0.10527235,0.579480974
12.37828,1521.3963,0.105023052,0.578108688
12.39055,1517.79812,0.104774667,0.576741432
12.40283,1514.141757,0.104522266,0.575352066
12.41512,1510.372394,0.104262064,0.573919763
12.42742,1506.617639,0.104002871,0.57249301
12.43973,1502.877285,0.103744671,0.571071729
12.45206,1499.15099,0.103487443,0.569655791
12.4644,1495.43702,0.103231065,0.568244536
12.47675,1491.737585,0.10297569,0.566838804
12.48912,1488.052538,0.102721309,0.565438539
12.50149,1484.381888,0.102467921,0.564043745
12.51388,1480.72549,0.102215517,0.562654366
12.52628,1477.083343,0.101964097,0.561270403
12.53869,1473.455701,0.101713679,0.559891951
12.55112,1469.842151,0.101464233,0.558518854
12.56356,1466.242988,0.10121578,0.557151224
12.576,1462.657999,0.100968306,0.55578898
12.58847,1459.087311,0.100721819,0.55443217
12.60094,1455.531236,0.10047634,0.553080912
12.61343,1451.989454,0.100231849,0.551735086
12.62593,1448.462024,0.099988348,0.550394713
12.63844,1444.948604,0.099745814,0.549059665
12.65096,1441.449284,0.099504253,0.547729973
12.6635,1437.881378,0.099257958,0.54637422
12.67605,1434.324167,0.099012402,0.545022531
12.68861,1430.78092,0.098767809,0.543676149
12.70118,1427.251528,0.098524172,0.54233503
12.71377,1423.735946,0.098281489,0.54099916
12.72637,1420.234289,0.098039768,0.539668581
12.73898,1416.746558,0.097799007,0.538343293
12.7516,1413.271339,0.09755911,0.53702276
12.76424,1409.809922,0.097320166,0.535707471
12.77689,1406.362406,0.097082182,0.534397465
12.78955,1402.928731,0.096845153,0.533092718
12.80222,1399.508988,0.096609085,0.531793265
12.81491,1396.103045,0.096373971,0.530499056
12.82761,1392.710358,0.096139771,0.529209883
12.84032,1389.332214,0.095906576,0.527926237
12.85304,1385.967926,0.095674336,0.526647856
12.86578,1382.617465,0.095443052,0.525374729
12.87853,1379.28088,0.095212725,0.524106875
12.89129,1375.958757,0.094983397,0.522844516
12.90406,1372.648304,0.094754874,0.521586591
12.91685,1369.404735,0.094530968,0.520354082
12.92965,1366.49525,0.094330124,0.51924852
12.94246,1363.595936,0.094129982,0.518146822
12.95529,1360.700713,0.093930123,0.517046679
12.96813,1357.821584,0.093731375,0.515952651
12.98098,1354.952393,0.093533313,0.5148624
12.99384,1352.093263,0.093335945,0.513775972
13.00672,1349.244225,0.093139274,0.512693379
13.0196,1346.405205,0.092943294,0.511614592
13.03251,1343.576236,0.092748008,0.510539624
13.04542,1340.756942,0.092553391,0.509468333
13.05835,1337.94774,0.092359469,0.508400877
13.07129,1335.148646,0.092166246,0.507337262
13.08424,1332.359526,0.091973711,0.506277436
13.09721,1329.580571,0.091781878,0.505221473
13.11019,1326.811649,0.091590737,0.504169323
13.12318,1324.052741,0.091400288,0.503120977
13.13618,1321.304038,0.091210543,0.50207651
13.1492,1318.565302,0.091021486,0.501035829
13.16223,1315.836661,0.090833126,0.499998985
13.17527,1313.118064,0.09064546,0.498965958
13.18833,1310.410005,0.09045852,0.497936934
13.2014,1307.75507,0.090275248,0.496928097
13.21448,1305.114729,0.090092984,0.495924805
13.22757,1302.483693,0.089911361,0.49492505
13.24068,1299.861797,0.08973037,0.493928767
13.2538,1297.249027,0.089550009,0.492935952
13.26693,1294.645579,0.089370291,0.491946679
13.28008,1292.051255,0.089191203,0.490960873
13.29324,1289.466054,0.089012745,0.489978534
13.30641,1286.890229,0.088834934,0.488999758
13.3196,1284.323446,0.088657747,0.488024417
13.3328,1281.766001,0.088481205,0.487052625
13.34601,1279.217165,0.088305257,0.486084104
13.35924,1276.676891,0.0881299,0.485118836
13.37247,1274.145745,0.087955173,0.484157037
13.38572,1271.623906,0.087781089,0.483198775
13.39899,1269.111222,0.087607636,0.482243991
13.41227,1266.60775,0.08743482,0.481292708
13.42556,1264.113517,0.087262641,0.480344935
13.43886,1261.628341,0.087091088,0.479400604
13.45218,1259.152446,0.086920175,0.4784598
13.46551,1256.685689,0.086749893,0.477522467
13.47885,1254.283414,0.086584062,0.476609638
13.49221,1252.149974,0.08643679,0.475798961
13.50558,1250.022967,0.086289961,0.474990729
13.51896,1247.901699,0.086143528,0.474184678
13.53236,1245.786291,0.0859975,0.473380853
13.54577,1243.676573,0.085851865,0.472579191
13.55919,1241.572691,0.085706632,0.471779746
13.57263,1239.474745,0.08556181,0.470982557
13.58608,1237.382611,0.085417388,0.470187576
13.59954,1235.296202,0.085273362,0.469394771
13.61302,1233.215762,0.085129748,0.468604233
13.62651,1231.141195,0.084986539,0.467815927
13.64001,1229.072501,0.084843735,0.467029854
13.65353,1227.009447,0.084701321,0.466245923
13.66706,1224.951533,0.084559262,0.465463945
13.6806,1222.899566,0.084417613,0.464684227
13.69416,1220.853542,0.084276375,0.463906768
13.70773,1218.813432,0.084135545,0.463131555
13.72131,1216.77923,0.083995122,0.462358588
13.73491,1214.750988,0.083855111,0.461587885
13.74852,1212.728701,0.083715511,0.460819445
13.76214,1210.712335,0.08357632,0.460053255
13.77578,1208.702044,0.083437549,0.459289373
13.78943,1207.647287,0.083364738,0.458888581
13.80309,1206.608578,0.083293035,0.458493886
13.81677,1205.570457,0.083221373,0.458099415
13.83046,1204.532322,0.08314971,0.457704939
13.84417,1203.494324,0.083078056,0.457310515
13.85789,1202.456398,0.083006407,0.456916118
13.87162,1201.418637,0.08293477,0.456521784
13.88536,1200.380951,0.082863138,0.456127478
13.89912,1199.343406,0.082791515,0.455733226
13.9129,1198.306057,0.082719906,0.455339048
13.92668,1197.268906,0.082648311,0.454944945
13.94048,1196.231769,0.082576717,0.454550848
13.9543,1195.1949,0.082505141,0.454156853
13.96813,1194.158602,0.082433605,0.453763075
13.98197,1193.122909,0.08236211,0.453369526
13.99582,1192.087358,0.082290625,0.452976032
14.00969,1191.051935,0.082219149,0.452582586
14.02358,1190.016845,0.082147696,0.452189267
14.03747,1188.981877,0.082076252,0.451795994
14.05138,1187.947036,0.082004816,0.451402769
14.06531,1186.912477,0.081933399,0.451009651
14.07924,1185.881086,0.081862202,0.450617738
14.0932,1185.180161,0.081813816,0.450351396
14.10716,1185.26878,0.081819934,0.450385071
14.12114,1185.356372,0.08182598,0.450418354
14.13513,1185.442366,0.081831917,0.450451031
14.14914,1185.526539,0.081837727,0.450483015
14.16316,1185.609522,0.081843456,0.450514547
14.1772,1185.691388,0.081849107,0.450545655
14.19125,1185.772088,0.081854678,0.45057632
14.20531,1185.851552,0.081860163,0.450606515
14.21938,1185.929829,0.081865567,0.45063626
14.23348,1186.006833,0.081870882,0.45066552
14.24758,1186.082754,0.081876123,0.450694369
14.2617,1186.157422,0.081881277,0.450722741
14.27583,1186.230762,0.08188634,0.45075061
14.28998,1186.302907,0.08189132,0.450778024
14.30414,1186.37378,0.081896213,0.450804954
14.31831,1186.443472,0.081901024,0.450831436
14.3325,1186.511884,0.081905746,0.450857432
14.3467,1186.579009,0.08191038,0.450882939
14.36092,1186.644944,0.081914931,0.450907993
14.37515,1186.709472,0.081919386,0.450932513
14.3894,1186.772769,0.081923755,0.450956565
14.40365,1186.834801,0.081928037,0.450980136
14.41793,1186.959792,0.081936666,0.451027631
14.43222,1187.793271,0.081994201,0.45134434
14.44652,1188.627858,0.082051813,0.451661472
14.46083,1189.463766,0.082109517,0.451979105
14.47516,1190.300919,0.082167306,0.452297211
14.48951,1191.139203,0.082225173,0.452615747
14.50386,1191.978441,0.082283106,0.452934645
14.51824,1192.818987,0.08234113,0.45325404
14.53262,1193.660432,0.082399216,0.453573777
14.54702,1194.503077,0.082457384,0.45389397
14.56144,1195.346818,0.082515628,0.45421458
14.57587,1196.191549,0.08257394,0.454535565
14.59031,1197.037418,0.082632331,0.454856984
14.60477,1197.884363,0.082690796,0.45517881
14.61924,1198.732232,0.082749325,0.455500988
14.63373,1199.581298,0.082807937,0.455823621
14.64823,1200.431391,0.08286662,0.456146644
14.66275,1201.282493,0.082925372,0.456470051
14.67728,1202.134583,0.082984192,0.456793833
14.69182,1202.987811,0.083043091,0.457118047
14.70638,1203.835863,0.083101633,0.457440295
14.72095,1204.691066,0.083160668,0.457765259
14.73554,1205.547284,0.083219773,0.45809061
14.75014,1206.404441,0.083278943,0.458416317
14.76476,1207.319074,0.083342081,0.458763865
14.77939,1208.352345,0.083413409,0.459156493
14.79403,1209.387755,0.083484884,0.459549933
14.80869,1210.425452,0.083556517,0.459944244
14.82337,1211.465286,0.083628297,0.460339366
14.83806,1212.507095,0.083700214,0.460735238
14.85276,1213.551076,0.083772281,0.461131936
14.86748,1214.597127,0.08384449,0.46152942
14.88221,1215.645244,0.083916842,0.461927689
14.89696,1216.695373,0.083989334,0.462326723
14.91172,1217.747609,0.08406197,0.462726558
14.9265,1218.801896,0.084134748,0.463127172
14.94129,1219.85784,0.084207641,0.463528415
14.9561,1220.916227,0.084280702,0.463930587
14.97092,1221.977186,0.084353941,0.464333736
14.98575,1223.040367,0.084427333,0.46473773
15.0006,1224.10759,0.084501004,0.465143259
15.01547,1225.197007,0.084576207,0.465557222
15.03035,1226.288766,0.084651572,0.465972075
15.04524,1227.382676,0.084727086,0.466387745
15.06015,1228.478828,0.084802754,0.466804267
15.07507,1229.577177,0.084878574,0.467221623
15.09001,1230.677703,0.084954544,0.467639807
15.10496,1231.780571,0.085030675,0.468058881
15.11993,1232.885551,0.085106953,0.468478758
15.13492,1234.126746,0.085192634,0.468950394
15.14991,1235.370947,0.085278522,0.469423172
15.16493,1236.617777,0.085364591,0.46989695
15.17995,1237.867584,0.085450866,0.470371859
15.195,1239.120217,0.085537336,0.470847841
15.21005,1240.375909,0.085624018,0.471324986
15.22513,1241.634422,0.085710894,0.471803203
15.24021,1242.895944,0.085797977,0.472282563
15.25531,1244.160353,0.08588526,0.47276302
15.27043,1245.427722,0.085972748,0.473244602
15.28556,1246.697925,0.086060431,0.473727261
15.30071,1247.971114,0.08614832,0.474211054
15.31587,1249.247454,0.086236427,0.474696045
15.33105,1250.526986,0.086324754,0.475182249
15.34624,1251.809503,0.086413287,0.475669587
15.36145,1253.096646,0.086502139,0.476158683
15.37667,1254.386734,0.086591195,0.476648898
15.39191,1255.679671,0.086680447,0.477140195
15.40716,1256.975527,0.086769901,0.477632602
15.42243,1258.274262,0.086859553,0.478126102
15.43771,1259.575897,0.086949406,0.478620705
15.45301,1260.880426,0.087039459,0.479116407
15.46832,1262.18795,0.087129718,0.479613248
15.48365,1263.498232,0.087220168,0.480111136
15.49899,1264.815474,0.087311098,0.480611669
15.51435,1266.1962,0.08740641,0.481136325
15.52973,1267.580238,0.087501951,0.481662239
15.54512,1268.967625,0.087597724,0.482189426
15.56052,1270.35827,0.087693721,0.482717851
15.57594,1271.75232,0.087789953,0.48324757
15.59137,1273.149588,0.087886408,0.483778512
15.60682,1274.550237,0.087983095,0.484310738
15.62229,1275.95422,0.088080013,0.484844232
15.63777,1277.361418,0.088177153,0.485378947
15.65327,1278.771968,0.088274524,0.485914936
15.66878,1280.185901,0.088372129,0.48645221
15.6843,1281.603348,0.088469977,0.486990819
15.69985,1283.024035,0.088568048,0.48753066
15.7154,1284.448116,0.088666353,0.48807179
15.73098,1285.875483,0.088764885,0.488614169
15.74657,1287.306201,0.088863648,0.489157821
15.76217,1288.74015,0.088962635,0.489702701
15.77779,1290.177498,0.089061856,0.490248873
15.79342,1291.618063,0.089161299,0.490796267
15.80907,1293.062003,0.089260976,0.491344943
15.82474,1294.509317,0.089360885,0.491894901
15.84042,1295.959844,0.089461016,0.492446081
15.85612,1297.413558,0.089561366,0.492998471
15.87183,1298.870249,0.089661923,0.493551993
15.88756,1300.330272,0.089762709,0.49410678
15.9033,1301.78796,0.089863334,0.494660681
15.91906,1303.243252,0.089963794,0.495213671
15.93484,1304.701762,0.090064476,0.495767884
15.95063,1306.163528,0.090165383,0.496323334
15.96643,1307.628584,0.090266517,0.496880034
15.98225,1309.096869,0.090367874,0.497437961
15.99809,1310.568343,0.09046945,0.4979971
16.01394,1312.043073,0.090571252,0.498557476
16.02981,1313.521078,0.09067328,0.499119097
16.0457,1315.002667,0.090775555,0.499682079
16.0616,1316.487486,0.090878053,0.500246289
16.07751,1317.97558,0.090980777,0.500811744
16.09345,1319.466885,0.091083723,0.501378418
16.10939,1320.961472,0.091186895,0.50194634
16.12536,1322.459147,0.091290281,0.502515434
16.14134,1323.960128,0.091393895,0.503085786
16.15733,1325.464294,0.091497728,0.503657347
16.17334,1326.971624,0.09160178,0.504230111
16.18937,1328.482221,0.091706058,0.504804116
16.20541,1329.996002,0.091810555,0.505379331
16.22147,1331.512908,0.091915268,0.505955733
16.23754,1333.032959,0.092020199,0.506533331
16.25364,1334.556261,0.092125353,0.507112163
16.26974,1336.082632,0.09223072,0.507692163
16.28586,1337.61223,0.092336309,0.508273388
16.302,1339.144987,0.092442116,0.508855813
16.31816,1340.649294,0.09254596,0.509427428
16.33433,1342.073796,0.092644294,0.509968719
16.35051,1343.500552,0.092742784,0.510510865
16.36672,1344.929752,0.092841443,0.511053941
16.38293,1346.361349,0.092940267,0.511597927
16.39917,1347.79529,0.093039253,0.512142804
16.41542,1349.2316,0.093138402,0.512688581
16.43169,1350.67,0.093237696,0.513235152
16.44797,1352.110816,0.093337156,0.513782642
16.46427,1353.553951,0.093436777,0.514331012
16.48058,1354.999388,0.093536557,0.514880257
16.49691,1356.447162,0.093636497,0.515430391
16.51326,1357.897229,0.093736597,0.515981395
16.52962,1359.349504,0.093836848,0.516533239
16.546,1360.80418,0.093937265,0.517085995
16.5624,1362.261033,0.094037833,0.517639578
16.57881,1363.720151,0.094138557,0.518194022
16.59524,1365.181474,0.094239433,0.518749303
16.61169,1366.64483,0.09434045,0.519305358
16.62815,1368.110316,0.094441613,0.519862221
16.64463,1369.577987,0.094542928,0.520419915
16.66112,1371.047911,0.094644397,0.520978465
16.67763,1372.519838,0.094746006,0.521537776
16.69416,1373.994037,0.094847771,0.522097951
16.7107,1375.470266,0.094949676,0.522658897
16.72726,1376.948756,0.095051737,0.523220702
16.74383,1378.428502,0.095153885,0.523782983
16.76043,1379.794724,0.095248196,0.524302128
16.77703,1380.951738,0.095328065,0.524741777
16.79366,1382.109354,0.095407977,0.525181654
16.8103,1383.26739,0.095487917,0.525621691
16.82696,1384.426172,0.095567908,0.526062012
16.84363,1385.585604,0.095647945,0.526502579
16.86032,1386.745429,0.095728008,0.526943296
16.87703,1387.90613,0.095808132,0.527384346
16.89376,1389.067418,0.095888297,0.527825618
16.9105,1390.229115,0.095968489,0.528267047
16.92725,1391.391341,0.096048719,0.528708676
16.94403,1392.554172,0.09612899,0.529150535
16.96082,1393.71753,0.096209297,0.529592594
16.97763,1394.881334,0.096289635,0.530034823
16.99445,1396.045983,0.096370032,0.530477373
17.01129,1397.21106,0.096450458,0.530920085
17.02815,1398.376529,0.096530911,0.531362947
17.04502,1399.542465,0.096611396,0.531805986
17.06191,1400.708796,0.096691909,0.532249174
17.07882,1401.875474,0.096772446,0.532692495
17.09574,1403.042506,0.096853007,0.533135951
17.11268,1404.209895,0.096933592,0.533579542
17.12964,1405.377454,0.09701419,0.534023197
17.14662,1406.54536,0.097094811,0.534466985
17.16361,1407.713529,0.097175451,0.534910872
17.18061,1408.881998,0.097256111,0.535354873
17.19764,1410.050601,0.09733678,0.535798926
17.21468,1411.219588,0.097417476,0.536243124
17.23174,1412.179265,0.097483724,0.536607787
17.24882,1413.042935,0.097543343,0.53693597
17.26591,1413.905333,0.097602875,0.537263669
17.28302,1414.766241,0.097662304,0.537590801
17.30014,1415.625683,0.097721632,0.537917377
17.31729,1416.483738,0.097780864,0.538243425
17.33445,1417.340363,0.097839998,0.53856893
17.35162,1418.195262,0.097899012,0.53889378
17.36882,1419.048736,0.097957928,0.539218088
17.38603,1419.900666,0.098016737,0.539541809
17.40326,1420.750737,0.098075418,0.539864824
17.4205,1421.599185,0.098133987,0.540187221
17.43777,1422.445962,0.098192441,0.540508985
17.45505,1423.291121,0.098250783,0.540830133
17.47234,1424.134424,0.098308997,0.541150576
17.48966,1424.975909,0.098367085,0.541470328
17.50699,1425.815754,0.09842506,0.541789457
17.52434,1426.653521,0.098482892,0.542107796
17.5417,1427.489561,0.098540604,0.54242548
17.55909,1428.323645,0.098598181,0.542742419
17.57649,1429.155834,0.098655628,0.543058639
17.5939,1429.985858,0.098712925,0.543374036
17.61134,1430.81354,0.098770061,0.543688544
17.62879,1431.639285,0.098827062,0.544002315
17.64626,1432.463071,0.098883929,0.544315342
17.66374,1433.28461,0.09894064,0.544627515
17.68125,1434.10388,0.098997195,0.544938826
17.69877,1434.921083,0.099053607,0.545249351
17.71631,1435.596323,0.099100219,0.545505932
17.73386,1435.839824,0.099117029,0.545598459
17.75144,1436.080044,0.099133611,0.545689739
17.76903,1436.317648,0.099150013,0.545780026
17.78664,1436.552144,0.0991662,0.545869131
17.80426,1436.783827,0.099182194,0.545957167
17.8219,1437.01223,0.099197961,0.546043957
17.83956,1437.237766,0.099213529,0.546129657
17.85724,1437.460111,0.099228878,0.546214145
17.87494,1437.679367,0.099244013,0.546297459
17.89265,1437.895431,0.099258929,0.54637956
17.91038,1438.1083,0.099273623,0.546460448
17.92813,1438.318118,0.099288107,0.546540175
17.94589,1438.524666,0.099302365,0.54661866
17.96368,1438.727866,0.099316392,0.546695874
17.98148,1438.928,0.099330207,0.546771922
17.9993,1439.124581,0.099343778,0.54684662
18.01713,1439.317882,0.099357121,0.546920071
18.03499,1439.507819,0.099370233,0.546992244
18.05286,1439.694451,0.099383116,0.547063162
18.07075,1439.877831,0.099395775,0.547132844
18.08866,1440.057666,0.099408189,0.547201178
18.10658,1440.233986,0.099420361,0.547268178
18.12452,1440.407054,0.099432308,0.547333941
18.14248,1440.576634,0.099444014,0.547398379
18.16046,1440.742574,0.099455469,0.547461434
18.17846,1440.905186,0.099466694,0.547523224
18.19647,1441.064078,0.099477662,0.547583601
18.2145,1441.219369,0.099488382,0.547642609
18.23255,1441.37107,0.099498854,0.547700253
18.25062,1441.011596,0.09947404,0.547563658
18.2687,1440.637301,0.099448202,0.547421432
18.28681,1440.259621,0.09942213,0.547277918
18.30493,1439.87796,0.099395784,0.547132893
18.32307,1439.492485,0.099369174,0.546986418
18.34122,1439.102812,0.099342275,0.546838348
18.3594,1438.709334,0.099315113,0.546688832
18.37759,1438.311722,0.099287665,0.546537745
18.3958,1437.910192,0.099259947,0.546385169
18.41403,1437.50461,0.09923195,0.546231054
18.43228,1437.095078,0.09920368,0.546075438
18.45055,1436.681374,0.099175121,0.545918236
18.46883,1436.263797,0.099146296,0.545759563
18.48713,1435.841952,0.099117175,0.545599268
18.50545,1435.416208,0.099087786,0.545437491
18.52379,1434.986256,0.099058106,0.545274116
18.54214,1434.552378,0.099028155,0.545109248
18.56052,1434.11434,0.098997917,0.5449428
18.57891,1433.672169,0.098967394,0.544774782
18.59732,1433.225906,0.098936588,0.544605208
18.61575,1432.775636,0.098905505,0.544434112
18.6342,1432.321236,0.098874138,0.544261447
18.65266,1431.86292,0.0988425,0.544087293
18.67115,1431.400363,0.098810569,0.543911528
18.68965,1430.93384,0.098778365,0.543734256
18.70817,1430.462863,0.098745853,0.543555292
18.72671,1429.987809,0.09871306,0.543374778
18.74526,1429.508579,0.098679978,0.543192677
18.76384,1429.025255,0.098646614,0.543009021
18.78243,1428.537522,0.098612946,0.54282369
18.80104,1427.527702,0.098543237,0.542439973
18.81968,1426.415122,0.098466435,0.542017208
18.83832,1425.300597,0.098389498,0.541593705
18.85699,1424.184014,0.09831242,0.541169419
18.87568,1423.065602,0.098235215,0.540744439
18.89438,1421.94518,0.098157871,0.540318694
18.91311,1420.823288,0.098080427,0.539892392
18.93185,1419.699534,0.098002853,0.539465382
18.95061,1418.573807,0.097925143,0.539037621
18.96939,1417.446533,0.097847327,0.538609273
18.98818,1416.317391,0.097769381,0.538180216
19.007,1415.186462,0.097691312,0.537750479
19.02584,1414.053879,0.09761313,0.537320114
19.04469,1412.91941,0.097534816,0.536889032
19.06356,1411.78355,0.097456407,0.536457422
19.08245,1410.645931,0.097377876,0.536025143
19.10136,1409.506611,0.097299228,0.535592217
19.12029,1408.365649,0.097220467,0.535158668
19.13924,1407.222956,0.097141586,0.534724462
19.1582,1406.07867,0.097062595,0.534289649
19.17719,1404.932473,0.096983472,0.533854111
19.19619,1403.784616,0.096904235,0.533417942
19.21521,1402.635262,0.096824894,0.532981204
19.23425,1401.484101,0.096745429,0.532543779
19.25331,1400.331091,0.096665836,0.532105652
19.27239,1399.176654,0.096586144,0.531666982
19.29149,1398.019811,0.096506287,0.531227399
19.31061,1396.861017,0.096426294,0.530787074
19.32974,1395.700567,0.096346187,0.53034612
19.3489,1394.538589,0.096265975,0.529904585
19.36807,1393.374833,0.09618564,0.529462374
19.38726,1391.837112,0.09607949,0.528878062
19.40647,1390.188121,0.095965659,0.528251469
19.42571,1388.539719,0.095851869,0.527625101
19.44495,1386.891909,0.09573812,0.526998957
19.46422,1385.244886,0.095624425,0.526373111
19.48351,1383.598362,0.095510764,0.525747456
19.50282,1381.952438,0.095397145,0.525122029
19.52214,1380.306769,0.095283543,0.524496698
19.54149,1378.661641,0.095169979,0.523871573
19.56085,1377.017231,0.095056464,0.523246721
19.58024,1375.373551,0.094942999,0.522622146
19.59964,1373.730426,0.094829573,0.521997782
19.61906,1372.08807,0.0947162,0.521373711
19.6385,1370.44648,0.09460288,0.52074993
19.65796,1368.805495,0.094489602,0.520126379
19.67744,1367.165182,0.09437637,0.519503084
19.69694,1365.525766,0.0942632,0.518880129
19.71646,1363.886828,0.094150063,0.518257357
19.736,1362.248785,0.094036988,0.517634924
19.75556,1360.611347,0.093923954,0.517012721
19.77513,1358.974484,0.09381096,0.516390737
19.79473,1357.338509,0.093698028,0.51576909
19.81434,1355.695804,0.093584631,0.515144886
19.83398,1354.061395,0.093471806,0.514523834
19.85363,1352.42767,0.093359029,0.513903042
19.87331,1350.794666,0.093246302,0.513282524
19.893,1349.162606,0.093133639,0.512662365
19.91271,1347.53117,0.09302102,0.512042442
19.93245,1345.896428,0.092908173,0.511421264
19.9522,1344.259625,0.092795183,0.510799302
19.97197,1342.623298,0.092682226,0.510177522
19.99176,1340.987685,0.092569319,0.509556012
20.01157,1339.233613,0.092448234,0.50888949
20.0314,1337.384628,0.092320597,0.508186903
20.05125,1335.53869,0.092193171,0.507485472
20.07112,1333.695679,0.092065947,0.506785155
20.09101,1331.855559,0.091938922,0.506085936
20.11092,1330.018331,0.091812097,0.505387816
20.13085,1328.184064,0.091685476,0.50469082
20.1508,1326.352525,0.091559044,0.503994862
20.17076,1324.524014,0.09143282,0.503300054
20.19075,1322.698481,0.091306802,0.502606378
20.21076,1320.875877,0.091180987,0.501913815
20.23079,1319.056205,0.091055374,0.501222366
20.25083,1317.239345,0.090929954,0.500531985
20.2709,1315.425452,0.09080474,0.499842732
20.29099,1313.614243,0.090679711,0.499154498
20.3111,1311.805966,0.090554884,0.498467379
20.33122,1310.084989,0.090436084,0.497813433
20.35137,1308.566357,0.090331252,0.497236374
20.37154,1307.04941,0.090226536,0.496659956
20.39172,1305.534204,0.09012194,0.4960842
20.41193,1304.020649,0.090017459,0.495509071
20.43216,1302.50859,0.08991308,0.49493451
20.45241,1300.998132,0.089808812,0.494360558
20.47267,1299.489294,0.089704656,0.493787221
20.49296,1297.98217,0.089600618,0.493214536
20.51327,1296.476657,0.089496692,0.492642463
20.53359,1294.972849,0.089392883,0.492071037
20.55394,1293.470777,0.089289193,0.491500271
20.57431,1291.97025,0.089185611,0.490930093
20.5947,1290.471357,0.089082141,0.490360535
20.61511,1288.974126,0.088978787,0.489791609
20.63553,1287.478645,0.088875552,0.489223347
20.65598,1285.984709,0.088772425,0.488655673
20.67645,1284.473158,0.088668082,0.488081305
20.69694,1282.950911,0.088563,0.487502874
20.71745,1281.430365,0.088458035,0.486925088
20.73798,1279.91164,0.088353197,0.486347994
20.75853,1278.394634,0.088248477,0.485771554
20.7791,1276.879306,0.088143873,0.485195751
20.79969,1275.365822,0.088039396,0.484620649
20.8203,1273.854069,0.087935038,0.484046205
20.84093,1272.343997,0.087830797,0.483472399
20.86159,1270.835678,0.087726677,0.48289926
20.88226,1269.329068,0.087622674,0.482326769
20.90295,1267.824055,0.087518782,0.481754886
20.92366,1266.32084,0.087415014,0.481183686
20.9444,1264.819157,0.087311352,0.480613068
20.96515,1263.319274,0.087207814,0.480043134
20.98593,1261.821043,0.08710439,0.479473828
21.00672,1260.324654,0.087001093,0.478905222
21.02754,1258.805677,0.086896237,0.478328032
21.04838,1257.274965,0.086790571,0.477746384
21.06924,1255.746288,0.086685046,0.477165509
21.09011,1254.219503,0.086579651,0.476585352
21.11101,1252.694623,0.086474387,0.47600592
21.13193,1251.171783,0.086369264,0.475427263
21.15287,1249.651405,0.086264312,0.474849541
21.17383,1248.132913,0.086159489,0.474272536
21.19482,1246.616392,0.086054803,0.47369628
21.21582,1245.101728,0.085950244,0.473120729
21.23684,1243.589114,0.085845827,0.472545958
21.25789,1242.078419,0.085741543,0.471971915
21.27895,1240.569669,0.085637393,0.471398612
21.30004,1239.062891,0.085533379,0.470826058
21.32114,1237.55796,0.085429493,0.470254206
21.34227,1236.054985,0.085325741,0.469683097
21.36342,1234.554012,0.085222128,0.469112749
21.38459,1233.0999,0.08512175,0.468560207
21.40578,1231.721101,0.08502657,0.468036283
21.42699,1230.343826,0.084931496,0.467512939
21.44823,1228.967979,0.08483652,0.466990137
21.46948,1227.593781,0.084741658,0.466467961
21.49076,1226.221057,0.084646898,0.465946346
21.51205,1224.849824,0.084552241,0.465425297
21.53337,1223.480143,0.084457691,0.464904838
21.55471,1222.111977,0.084363246,0.464384955
21.57607,1220.745383,0.084268909,0.463865669
21.59745,1219.380204,0.084174669,0.46334692
21.61885,1218.016557,0.084080536,0.462828754
21.64027,1216.654368,0.083986503,0.462311142
21.66172,1215.29358,0.083892567,0.461794062
21.68318,1213.934398,0.083798742,0.461277593
21.70467,1212.576549,0.083705008,0.460761629
21.72618,1211.220399,0.083611392,0.460246312
21.74771,1209.870554,0.083518212,0.45973339
21.76926,1208.516384,0.083424732,0.459218825
21.79083,1207.162256,0.083331256,0.458704276
21.81242,1205.809442,0.08323787,0.458190226
21.83404,1204.458131,0.083144588,0.457676748
21.85567,1203.108265,0.083051406,0.457163818
21.87733,1201.759762,0.082958318,0.456651406
21.89901,1200.412675,0.082865328,0.456139532
21.92071,1199.067128,0.082772443,0.455628244
21.94243,1197.722822,0.082679645,0.455117427
21.96418,1196.380127,0.082586958,0.454607222
21.98594,1195.038842,0.082494368,0.454097553
22.00773,1193.69896,0.082401875,0.453588417
22.02954,1192.360451,0.082309477,0.453079803
22.05137,1191.023443,0.082217182,0.45257176
22.07322,1189.687877,0.082124987,0.452064264
22.09509,1188.353865,0.082032899,0.451557358
22.11698,1187.021201,0.081940905,0.451050965
22.1389,1185.690048,0.081849014,0.450545146
22.16084,1184.200676,0.081746202,0.449979206
22.1828,1182.705005,0.081642955,0.449410873
22.20478,1181.211603,0.081539864,0.448843402
22.22679,1179.720399,0.081436925,0.448276766
22.24881,1178.231446,0.081334142,0.447710985
22.27086,1176.744677,0.081231509,0.447146034
22.29293,1175.260098,0.081129028,0.446581915
22.31502,1173.777772,0.081026702,0.446018653
22.33713,1172.297685,0.08092453,0.445456241
22.35927,1170.819806,0.080822511,0.444894668
22.38142,1169.344108,0.080720643,0.444333924
22.4036,1167.870655,0.080618929,0.443774033
22.4258,1166.399546,0.080517377,0.443215033
22.44802,1164.930465,0.080415966,0.442656804
22.47027,1163.463694,0.080314714,0.442099452
22.49254,1161.999086,0.080213611,0.441542922
22.51482,1160.536696,0.080112661,0.440987235
22.53713,1159.076553,0.080011866,0.440432401
22.55947,1157.696861,0.079916625,0.439908138
22.58182,1156.344106,0.079823243,0.439394111
22.6042,1154.993247,0.079729993,0.438880804
22.6266,1153.644245,0.07963687,0.438368203
22.64902,1152.297106,0.079543876,0.437856309
22.67146,1150.95187,0.079451014,0.437345139
22.69393,1149.60852,0.079358281,0.436834685
22.71642,1148.267026,0.079265677,0.436324937
22.73893,1146.927447,0.079173205,0.435815916
22.76146,1145.589756,0.079080863,0.435307613
22.78402,1144.253913,0.078988649,0.434800011
22.80659,1142.91996,0.078896565,0.434293128
22.82919,1141.587962,0.078804616,0.433786989
22.85182,1140.2577,0.078712788,0.433281508
22.87446,1138.929586,0.078621107,0.432776844
22.89713,1137.603201,0.078529546,0.432272836
22.91982,1136.278674,0.078438113,0.431769535
22.94253,1134.956127,0.078346816,0.431266986
22.96527,1133.663724,0.078257601,0.430775892
22.98802,1132.466597,0.078174962,0.430321001
23.0108,1131.270912,0.078092423,0.429866658
23.0336,1130.076572,0.078009977,0.429412826
23.05643,1128.883706,0.077927633,0.428959554
23.07928,1127.69232,0.077845391,0.428506845
23.10215,1126.502167,0.077763233,0.428054604
23.12504,1125.313638,0.077681188,0.42760298
23.14796,1124.126267,0.077599223,0.427151796
23.17089,1122.94052,0.07751737,0.426701229
23.19385,1121.756353,0.077435627,0.426251263
23.21684,1120.573552,0.077353977,0.425801815
23.23984,1119.392267,0.077272432,0.425352944
23.26287,1118.212375,0.077190983,0.424904602
23.28593,1117.033818,0.077109627,0.424456767
23.309,1115.856803,0.077028377,0.424009519
23.3321,1114.681202,0.076947224,0.423562807
23.35522,1113.507,0.076866168,0.423116627
23.37836,1112.334167,0.076785206,0.422670968
23.40153,1111.135777,0.076702481,0.422215597
23.42472,1109.890562,0.076616523,0.421742433
23.44793,1108.64683,0.076530667,0.421269833
23.47117,1107.404591,0.076444914,0.4207978
23.49443,1106.163987,0.076359275,0.420326388
23.51771,1104.9251,0.076273753,0.419855629
23.54101,1103.687877,0.076188347,0.419385502
23.56434,1102.452486,0.076103067,0.418916071
23.58769,1101.218671,0.076017896,0.418447239
23.61106,1099.986628,0.075932847,0.41797908
23.63446,1098.756318,0.075847918,0.41751158
23.65788,1097.527641,0.075763102,0.417044701
23.68133,1096.300794,0.075678412,0.416578517
23.70479,1095.075373,0.07559382,0.416112874
23.72828,1093.850606,0.075509273,0.415647481
23.7518,1092.627568,0.075424846,0.415182744
23.77533,1091.406315,0.075340542,0.414718685
23.79889,1090.186737,0.075256354,0.414255263
23.82247,1088.968857,0.075172283,0.413792486
23.84608,1087.759333,0.075088788,0.413332885
23.86971,1086.596953,0.075008549,0.412891197
23.89336,1085.436101,0.074928414,0.41245009
23.91704,1084.276831,0.074848389,0.412009584
23.94074,1083.11904,0.074768466,0.41156964
23.96447,1081.962865,0.074688654,0.41113031
23.98821,1080.808209,0.074608948,0.410691558
24.01198,1079.655082,0.074529346,0.410253386
24.03578,1078.503542,0.074449855,0.409815817
24.0596,1077.353524,0.074370468,0.409378827
24.08344,1076.20496,0.074291182,0.408942389
24.1073,1075.058025,0.074212008,0.408506571
24.13119,1073.91256,0.074132936,0.40807131
24.1551,1072.768769,0.074053979,0.407636686
24.17904,1071.626342,0.073975117,0.40720258
24.203,1070.485482,0.073896362,0.40676907
24.22698,1069.346212,0.073817718,0.406336164
24.25099,1068.208329,0.073739169,0.405903785
24.27502,1067.071902,0.073660721,0.405471958
24.29908,1065.935953,0.073582305,0.405040314
24.32316,1064.812432,0.073504748,0.404613392
24.34726,1063.700359,0.073427981,0.404190821
24.37139,1062.589562,0.073351302,0.403768734
24.39554,1061.480324,0.07327473,0.40334724
24.41971,1060.36751,0.073197912,0.402924386
24.44391,1059.260951,0.073121525,0.40250391
24.46813,1058.155778,0.073045234,0.40208396
24.49238,1057.052131,0.072969049,0.40166459
24.51665,1055.949709,0.072892948,0.401245685
24.54094,1054.848617,0.072816939,0.400827286
24.56526,1053.749168,0.072741043,0.400409512
24.5896,1052.65119,0.072665249,0.399992296
24.61397,1051.554569,0.072589548,0.399575595
24.63836,1050.459381,0.072513947,0.39915944
24.66278,1049.365499,0.072438435,0.39874378
24.68722,1048.272903,0.072363013,0.39832861
24.71168,1047.181689,0.072287685,0.397913964
24.73617,1046.091833,0.072212452,0.397499834
24.76068,1045.003351,0.072137313,0.397086227
24.78522,1043.916097,0.072062259,0.396673086
24.80978,1042.7859,0.071984241,0.396243627
24.83436,1041.617613,0.071903593,0.395799695
24.85897,1040.450687,0.071823039,0.39535628
24.88361,1039.285337,0.071742595,0.394913464
24.90826,1038.121635,0.071662263,0.394471274
24.93295,1036.959587,0.071582046,0.394029712
24.95765,1035.79918,0.071501943,0.393588774
24.98238,1034.640427,0.071421953,0.393148465
25.00714,1033.503075,0.071343441,0.392716288
25.03192,1032.395078,0.071266955,0.392295265
25.05673,1031.288408,0.071190561,0.391874746
25.08156,1030.183304,0.071114275,0.391454823
25.10641,1029.079562,0.071038083,0.391035416
25.13129,1027.977194,0.070961986,0.390616532
25.15619,1026.876068,0.070885974,0.39019812
25.18112,1025.776467,0.070810068,0.389780288
25.20607,1024.678178,0.070734252,0.389362954
25.23105,1023.581331,0.070658536,0.388946168
25.25605,1022.485928,0.07058292,0.388529931
25.28108,1021.391854,0.070507395,0.388114198
25.30613,1020.299218,0.07043197,0.387699012
25.33121,1019.207969,0.07035664,0.387284353
25.35631,1018.118078,0.070281404,0.38687021
25.38144,1017.029509,0.070206259,0.38645657
25.40659,1015.942314,0.070131209,0.386043451
25.43177,1014.856751,0.070056272,0.385630953
25.45697,1013.772617,0.069981434,0.385218998
25.48219,1012.689804,0.069906686,0.384807544
25.50744,1011.608395,0.069832036,0.384396624
25.53272,1010.528251,0.069757473,0.383986185
25.55802,1009.44937,0.069682997,0.383576226
25.58335,1008.371861,0.069608616,0.383166788
25.6087,1007.295674,0.069534326,0.382757852
25.63408,1006.220673,0.069460118,0.382349368
25.65948,1005.147011,0.069386002,0.381941392
25.68491,1004.074721,0.069311981,0.381533937
25.71036,1003.00341,0.069238028,0.381126854
25.73583,1001.933442,0.069164167,0.380720282
25.76134,1000.864684,0.06909039,0.380314169
25.78687,999.7971292,0.069016696,0.379908514
25.81242,998.7308425,0.068943089,0.37950334
25.838,997.6657554,0.068869566,0.379098622
25.8636,996.6020012,0.068796134,0.378694411
25.88923,995.5394037,0.068722782,0.378290639
25.91488,994.4782156,0.068649528,0.377887403
25.94057,993.4180409,0.068576343,0.377484552
25.96627,992.3592207,0.068503252,0.377082215
25.992,991.3015396,0.068430239,0.376680312
26.01776,990.2452236,0.068357321,0.376278927
26.04354,989.1902095,0.068284493,0.375878037
26.06935,988.136263,0.068211738,0.375477552
26.09518,987.0835447,0.068139068,0.375077535
26.12104,986.0320203,0.068066481,0.37467797
26.14692,984.9816197,0.067993971,0.374278833
26.17283,983.932256,0.067921533,0.37388009
26.19877,982.8841034,0.067849178,0.373481807
26.22473,981.837098,0.067776902,0.37308396
26.25072,980.7911748,0.067704702,0.372686525
26.27673,979.7462777,0.067632572,0.372289479
26.30277,978.70255,0.067560522,0.371892877
26.32883,977.6596895,0.067488533,0.371496605
26.35492,976.6179648,0.067416622,0.371100765
26.38104,975.5772266,0.067344779,0.370705299
26.40718,974.537635,0.067273015,0.370310269
26.43335,973.4991133,0.067201326,0.369915646
26.45954,972.4616196,0.067129707,0.369521414
26.48576,971.4251999,0.067058162,0.369127589
26.51201,970.3897548,0.066986684,0.368734135
26.53828,969.3552841,0.066915274,0.368341051
26.56458,968.3219849,0.066843945,0.367948412
26.5909,967.2895891,0.066772678,0.367556116
26.61725,966.2582138,0.066701481,0.367164209
26.64363,965.2278659,0.066630356,0.366772691
26.67003,964.1984216,0.066559292,0.366381517
26.69646,963.1700095,0.0664883,0.365990735
26.72291,962.1426809,0.066417383,0.365600365
26.74939,961.116184,0.066346523,0.365210311
26.7759,960.0906348,0.066275729,0.364820617
26.80243,959.0661565,0.066205008,0.36443133
26.82899,958.0426352,0.066134354,0.364042407
26.85558,957.0199485,0.066063757,0.363653801
26.88219,955.9982685,0.06599323,0.363265577
26.90883,954.9774449,0.065922762,0.362877679
26.9355,953.9576338,0.065852363,0.362490165
26.96219,952.938663,0.065782023,0.362102971
26.98891,951.9205696,0.065711744,0.36171611
27.01565,950.903478,0.065641533,0.36132963
27.04242,949.8871802,0.065571377,0.360943452
27.06922,948.8718577,0.065501289,0.360557644
27.09604,947.8574314,0.065431262,0.360172176
27.12289,946.8438047,0.065361291,0.359787013
27.14977,945.831109,0.065291384,0.359402203
27.17667,944.8193552,0.065221542,0.359017751
27.2036,943.8083404,0.065151751,0.35863358
27.23056,942.7982366,0.065082022,0.358249755
27.25754,941.7889521,0.065012351,0.357866242
27.28456,940.78051,0.064942737,0.357483048
27.31159,939.7729561,0.064873185,0.357100192
27.33866,938.7662129,0.064803689,0.356717644
27.36575,937.7603373,0.064734253,0.356335426
27.39287,936.7552628,0.064664872,0.355953512
27.42001,935.7510428,0.06459555,0.355571923
27.44718,934.7476015,0.064526282,0.35519063
27.47438,933.7449965,0.064457071,0.354809654
27.50161,932.7431741,0.064387914,0.354428976
27.52886,931.7421296,0.064318812,0.354048594
27.55614,930.7462509,0.064250065,0.353670174
27.58344,929.7740555,0.064182954,0.353300754
27.61078,928.8026981,0.064115901,0.352931652
27.63814,927.8318784,0.064048884,0.352562754
27.66553,926.8618442,0.063981922,0.352194155
27.69294,925.8925564,0.063915012,0.35182584
27.72038,924.9238424,0.063848141,0.351457743
27.74785,923.9558407,0.063781319,0.351089916
27.77535,922.9884782,0.063714541,0.350722332
27.80287,922.0218024,0.063647811,0.350355009
27.83042,921.0558565,0.063581131,0.349987964
27.858,920.0904783,0.06351449,0.349621134
27.88561,919.125848,0.063447901,0.349254588
27.91324,918.1617963,0.063381352,0.348888263
27.9409,917.1984209,0.063314849,0.348522194
27.96859,916.2357113,0.063248393,0.348156378
27.9963,915.2735829,0.063181976,0.347790783
28.02404,914.3122315,0.063115614,0.347425483
28.05182,913.3514711,0.063049292,0.347060408
28.07961,912.3913917,0.062983017,0.346695592
28.10744,911.4318699,0.06291678,0.346330987
28.13529,910.4730683,0.062850593,0.345966657
28.16317,909.5148333,0.062784446,0.345602541
28.19108,908.5573534,0.06271835,0.345238712
28.21901,907.598685,0.062652173,0.344874432
28.24698,906.6390425,0.062585928,0.344509782
28.27497,905.6800723,0.06251973,0.344145387
28.30299,904.7218142,0.06245358,0.343781263
28.33103,903.7641348,0.062387471,0.343417358
28.35911,902.8071867,0.062321412,0.343053732
28.38721,901.8508432,0.062255395,0.342690335
28.41534,900.8951032,0.06218942,0.342327168
28.4435,899.940094,0.062123495,0.341964278
28.47168,898.9857297,0.062057614,0.341601633
28.4999,898.0319408,0.061991774,0.341239207
28.52814,897.0788498,0.061925981,0.340877046
28.55641,896.1264622,0.061860237,0.340515153
28.58471,895.1745929,0.061794529,0.340153456
28.61303,894.2234704,0.061728872,0.339792043
28.64139,893.27297,0.061663259,0.339430867
28.66977,892.3231062,0.061597689,0.339069932
28.69818,891.3739346,0.061532167,0.338709261
28.72662,890.425252,0.061466679,0.338348775
28.75508,889.4773917,0.061401247,0.337988602
28.78358,888.5301858,0.061335861,0.337628677
28.8121,887.5835073,0.061270511,0.337268953
28.84065,886.6375662,0.061205212,0.336909509
28.86923,885.6923217,0.061139961,0.33655033
28.89784,884.7475803,0.061074745,0.336191342
28.92647,883.8035222,0.061009576,0.335832613
28.95514,882.8600672,0.060944449,0.335474114
28.98383,881.9173868,0.060879375,0.335115909
29.01255,880.9753268,0.060814344,0.33475794
29.0413,880.0339383,0.060749359,0.334400225
29.07008,879.0931455,0.060684415,0.334042738
29.09889,878.1530349,0.060619519,0.333685509
29.12772,877.2136286,0.060554671,0.333328548
29.15659,876.274831,0.060489865,0.332971819
29.18548,875.3367731,0.06042511,0.33261537
29.2144,874.3994696,0.060360408,0.332259208
29.24335,873.4627705,0.060295747,0.331903276
29.27233,872.5266816,0.060231128,0.331547576
29.30133,871.5913239,0.060166559,0.331192154
29.33037,870.6566322,0.060102037,0.330836984
29.35943,869.7226525,0.060037564,0.330482085
29.38853,868.7892969,0.059973134,0.330127424
29.41765,867.8566543,0.059908753,0.329773033
29.4468,866.9245978,0.059844412,0.329418865
29.47598,865.9932731,0.059780122,0.329064975
29.50519,865.0626399,0.05971588,0.328711348
29.53443,864.1325569,0.059651676,0.328357929
29.56369,863.2032928,0.059587528,0.328004822
29.59299,862.2746738,0.059523425,0.327651961
29.62232,861.3466985,0.059459366,0.327299343
29.65167,860.419479,0.059395359,0.326947013
29.68105,859.4929001,0.059331397,0.326594927
29.71046,858.5634414,0.059267236,0.326241746
29.73991,857.6382874,0.059203372,0.325890201
29.76938,856.7138223,0.059139555,0.325538917
29.79888,855.7899887,0.059075782,0.325187874
29.8284,854.8668997,0.059012061,0.324837113
29.85796,853.94441,0.058948381,0.32448658
29.88755,853.0226658,0.058884752,0.324136331
29.91717,852.1015587,0.058821167,0.323786323
29.94681,851.1811789,0.058757633,0.323436592
29.97649,850.2613829,0.058694139,0.323087083
30.00619,849.3461315,0.058630958,0.322739301
30.03593,848.4424471,0.058568576,0.322395914
30.06569,847.539516,0.058506246,0.322052813
30.09548,846.6371646,0.058443956,0.321709932
30.12531,845.7354292,0.058381709,0.321367286
30.15516,844.8344841,0.058319516,0.32102494
30.18504,843.9341121,0.058257363,0.320682811
30.21495,843.0345205,0.058195263,0.320340979
30.24489,842.1355885,0.058133209,0.319999398
30.27486,841.2375107,0.058071214,0.319658142
30.30487,840.3400094,0.058009259,0.319317104
30.3349,839.4431686,0.05794735,0.318976317
30.36496,838.5469259,0.057885482,0.318635758
30.39505,837.6515204,0.057823671,0.318295517
30.42516,836.7567126,0.057761902,0.317955503
30.45531,835.8626283,0.057700183,0.317615764
30.48549,834.9692177,0.05763851,0.31727628
30.5157,834.0764816,0.057576884,0.316937054
30.54594,833.1843753,0.057515301,0.316598066
30.57621,832.2928511,0.057453758,0.3162593
30.60651,831.4019673,0.05739226,0.315920777
30.63684,830.5116909,0.057330804,0.315582484
30.6672,829.622219,0.057269403,0.315244498
30.69759,828.733432,0.057208049,0.314906772
30.72801,827.8452681,0.057146739,0.314569282
30.75846,826.9578922,0.057085482,0.314232092
30.78894,826.0774415,0.057024704,0.313897534
30.81945,825.1994533,0.056964096,0.313563911
30.84999,824.3222209,0.05690354,0.313230575
30.88056,823.445645,0.05684303,0.312897489
30.91116,822.5698804,0.056782575,0.312564711
30.94179,821.6950068,0.056722182,0.312232271
30.97245,820.8208748,0.05666184,0.311900114
31.00314,819.947395,0.056601543,0.311568204
31.03386,819.0746907,0.056541299,0.311236589
31.06462,818.2026922,0.056481105,0.310905242
31.0954,817.3313734,0.056420957,0.310574154
31.12621,816.4607858,0.05636086,0.310243343
31.15706,815.5909317,0.056300813,0.309912811
31.18793,814.7217316,0.056240812,0.309582527
31.21884,813.8533352,0.056180866,0.309252549
31.24977,812.9855334,0.056120961,0.308922797
31.28074,812.1184297,0.056061104,0.30859331
31.31174,811.2519224,0.056001288,0.30826405
31.34277,810.3862602,0.055941531,0.307935111
31.37382,809.5212118,0.055881816,0.307606405
31.40491,808.6569824,0.055822158,0.30727801
31.43603,807.7933651,0.055762542,0.306949848
31.46719,806.9306132,0.055702985,0.306622014
31.49837,806.0685317,0.055643475,0.306294436
31.52958,805.2071719,0.055584015,0.305967132
31.56082,804.3466254,0.055524611,0.305640136
31.5921,803.486793,0.055465256,0.305313412
31.62341,802.6276685,0.05540595,0.304986957
31.65474,801.7696165,0.055346718,0.30466091
31.68611,800.9122317,0.055287532,0.304335116
31.71751,800.0556379,0.055228401,0.304009623
31.74894,799.1997183,0.055169316,0.303684386
31.7804,798.3445845,0.055110286,0.303359447
31.81189,797.4902445,0.05505131,0.30303481
31.84342,796.6365863,0.054992381,0.302710432
31.87497,795.7837213,0.054933508,0.302386356
31.90656,794.9315791,0.054874684,0.302062554
31.93817,794.0801408,0.054815908,0.30173902
31.96982,793.2294674,0.054757186,0.301415776
32.0015,792.379532,0.054698514,0.301092813
32.03322,791.5301758,0.054639882,0.30077007
32.06496,790.6815825,0.054581303,0.300447617
32.09673,789.83376,0.054522778,0.300125456
32.12854,788.98663,0.0544643,0.299803559
32.16038,788.1402194,0.054405871,0.299481935
32.19224,787.2946449,0.054347501,0.299160629
32.22415,786.4497772,0.054289179,0.298839592
32.25608,785.6056657,0.054230909,0.298518841
32.28804,784.7622438,0.054172687,0.298198353
32.32004,783.9196964,0.054114526,0.297878197
32.35206,783.0778497,0.054056412,0.297558308
32.38412,782.2368198,0.053998355,0.297238729
32.41621,781.3965956,0.053940354,0.296919455
32.44834,780.5570267,0.053882398,0.296600431
32.48049,779.7183287,0.053824502,0.296281738
32.51268,778.8803161,0.053766654,0.295963305
32.54489,778.0430324,0.053708855,0.29564515
32.57714,777.2065729,0.053651114,0.295327307
32.60943,776.3706817,0.053593412,0.295009681
32.64174,775.5356324,0.053535768,0.294692374
32.67409,774.7013711,0.053478178,0.294375367
32.70646,773.8677313,0.053420631,0.294058595
32.73887,773.0349289,0.053363142,0.293742143
32.77132,772.2027874,0.053305699,0.293425941
32.80379,771.3714761,0.053248313,0.293110054
32.8363,770.540872,0.053190976,0.292794437
32.86884,769.7108656,0.05313368,0.292479046
32.90141,768.8817872,0.053076448,0.292164008
32.93401,768.0532993,0.053019257,0.291849195
32.96665,767.2254991,0.052962113,0.291534643
32.99931,766.3984186,0.05290502,0.291220364
33.03201,765.5721246,0.05284798,0.290906384
33.06475,764.7464858,0.052790985,0.290592653
33.09751,763.9215411,0.052734039,0.290279186
33.13031,763.0972537,0.052677138,0.289965969
33.16314,762.2736666,0.052620285,0.289653018
33.196,761.4507501,0.052563478,0.289340321
33.2289,760.6284037,0.052506711,0.289027842
33.26183,759.806938,0.052450005,0.288715696
33.29479,758.9860871,0.052393341,0.288403785
33.32778,758.1658235,0.052336718,0.288092097
33.3608,757.3463406,0.052280148,0.287780705
33.39386,756.5276154,0.052223631,0.287469601
33.42695,755.7094048,0.052167149,0.287158693
33.46008,754.8918725,0.052110715,0.286848042
33.49324,754.0750379,0.052054328,0.286537657
33.52643,753.2774218,0.051999268,0.286234574
33.55965,752.4975791,0.051945435,0.285938245
33.5929,751.7205094,0.051891793,0.28564297
33.62619,750.9442332,0.051838206,0.285347996
33.65951,750.1684122,0.051784651,0.285053195
33.69287,749.3931998,0.051731137,0.284758626
33.72626,748.6183463,0.051677649,0.284464193
33.75968,747.8440372,0.051624198,0.284169966
33.79313,747.0701139,0.051570773,0.283875887
33.82662,746.2968081,0.051517391,0.283582042
33.86014,745.5239854,0.051464043,0.28328838
33.89369,744.7516274,0.051410726,0.282994895
33.92728,743.9797409,0.051357443,0.282701589
33.9609,743.2084308,0.051304198,0.282408503
33.99455,742.4375013,0.051250981,0.282115561
34.02824,741.6669381,0.051197788,0.281822758
34.06196,740.8969459,0.051144635,0.281530172
34.09571,740.1273647,0.05109151,0.281237742
34.1295,739.358083,0.051038406,0.280945426
34.16332,738.5893369,0.050985339,0.280653313
34.19717,737.8209693,0.050932298,0.280361345
34.23106,737.0529899,0.050879284,0.280069524
34.26498,736.2854423,0.0508263,0.279777867
34.29893,735.5181398,0.050773332,0.279486303
34.33292,734.7512512,0.050720393,0.279194896
34.36694,733.9846387,0.050667474,0.278903594
34.401,733.21843,0.050614582,0.278612446
34.43509,732.4526071,0.050561716,0.278321445
34.46921,731.687128,0.050508875,0.278030574
34.50337,730.9220112,0.050456058,0.27773984
34.53756,730.1572771,0.050403268,0.277449252
34.57178,729.3927678,0.050350494,0.27715875
34.60604,728.6286259,0.050297744,0.276868387
34.64033,727.8648081,0.050245017,0.276578147
34.67466,727.1013778,0.050192317,0.276288054
34.70902,726.33834,0.050139644,0.275998111
34.74342,725.5756375,0.050086994,0.275708295
34.77784,724.8131564,0.05003436,0.275418563
34.81231,724.0509491,0.049981744,0.275128935
34.8468,723.2890286,0.049929148,0.274839417
34.88133,722.5274409,0.049876575,0.274550024
34.9159,721.7660753,0.049824018,0.274260716
34.9505,721.0049386,0.049771476,0.273971495
34.98513,720.2441173,0.049718956,0.273682394
35.0198,719.4835092,0.04966645,0.273393374
35.0545,718.7231112,0.04961396,0.273104434
35.08924,717.9630121,0.049561489,0.272815607
35.12401,717.2030675,0.04950903,0.272526839
35.15882,716.4434978,0.049456596,0.272238214
35.19366,715.6839739,0.049404166,0.271949605
35.22853,714.9247687,0.049351757,0.271661118
35.26344,714.165711,0.049299359,0.271372687
35.29839,713.4068203,0.049246972,0.27108432
35.33336,712.6481616,0.049194602,0.27079604
35.36838,711.8895768,0.049142236,0.270507789
35.40343,711.1312674,0.049089889,0.270219642
35.43851,710.3730664,0.04903755,0.269931537
35.47363,709.6150566,0.048985224,0.269643504
35.50878,708.8571081,0.048932903,0.269355495
35.54396,708.0992872,0.04888059,0.269067534
35.57919,707.3415682,0.048828284,0.268779611
35.61444,706.5840289,0.04877599,0.268491757
35.64973,705.8266484,0.048723708,0.268203964
35.68506,705.0693299,0.04867143,0.267916193
35.72042,704.3120811,0.048619156,0.26762845
35.75582,703.5550322,0.048566897,0.267340782
35.79125,702.7980349,0.04851464,0.267053134
35.82672,702.0411538,0.048462392,0.26676553
35.86222,701.2842986,0.048410146,0.266477936
35.89776,700.5276667,0.048357915,0.266190427
35.93333,699.7709872,0.048305681,0.2659029
35.96894,699.014404,0.048253454,0.265615409
36.00458,698.257942,0.048201235,0.265327964
36.04026,697.4990264,0.048148846,0.265039587
36.07597,696.7426302,0.048096632,0.264752167
36.11172,695.9862542,0.048044419,0.264464755
36.14751,695.2300868,0.04799222,0.264177423
36.18333,694.4737953,0.047940012,0.263890043
36.21918,693.7176329,0.047887814,0.263602712
36.25507,692.9614739,0.047835616,0.263315383
36.291,692.2053614,0.047783421,0.263028071
36.32696,691.4492761,0.047731228,0.262740769
36.36296,690.6932844,0.047679041,0.262453503
36.39899,689.9373183,0.047626856,0.262166247
36.43506,689.1813826,0.047574673,0.261879002
36.47117,688.4254813,0.047522493,0.261591771
36.50731,687.6694618,0.047470304,0.261304494
36.54348,686.9135096,0.047418121,0.261017243
36.5797,686.1575569,0.047365937,0.260729992
36.61594,685.4002581,0.04731366,0.260442229
36.65223,684.6394651,0.047261142,0.260153139
36.68855,683.878701,0.047208626,0.25986406
36.72491,683.1178192,0.047156101,0.259574935
36.7613,682.3569241,0.047103576,0.259285806
36.79773,681.5959197,0.047051044,0.258996636
36.83419,680.8348888,0.046998509,0.258707455
36.87069,680.0738901,0.046945977,0.258418286
36.90723,679.3128845,0.046893444,0.258129115
36.9438,678.551883,0.046840912,0.257839945
36.98041,677.7908184,0.046788375,0.257550752
37.01705,677.0296961,0.046735834,0.257261536
37.05374,676.2685199,0.046683289,0.2569723
37.09045,675.5073893,0.046630748,0.256683082
37.12721,674.7461925,0.046578202,0.256393838
37.164,673.9850479,0.04652566,0.256104614
37.20083,673.2238785,0.046473116,0.25581538
37.23769,672.4627023,0.046420571,0.255526144
37.27459,671.7013936,0.046368018,0.255236858
37.31153,670.9401822,0.046315471,0.254947609
37.3485,670.17889,0.046262918,0.254658329
37.38551,669.4176085,0.046210366,0.254369053
37.42256,668.6562163,0.046157807,0.254079735
37.45964,667.8948727,0.046105251,0.253790435
37.49676,667.1334965,0.046052692,0.253501123
37.53392,666.3721614,0.046000137,0.253211827
37.57111,665.610643,0.045947569,0.252922461
37.60834,664.8371542,0.045894174,0.252628546
37.64561,664.063659,0.045840779,0.252334629
37.68291,663.2902253,0.045787389,0.252040735
37.72026,662.5168293,0.045734001,0.251746856
37.75763,661.7434358,0.045680613,0.251452978
37.79505,660.9701078,0.045627229,0.251159124
37.8325,660.1967936,0.045573847,0.250865276
37.86999,659.4235024,0.045520466,0.250571436
37.90752,658.6502838,0.04546709,0.250277624
37.94508,657.8770838,0.045413716,0.249983819
37.98268,657.1039502,0.045360346,0.24969004
38.02032,656.3308265,0.045306977,0.249396264
38.058,655.5578383,0.045253617,0.24910254
38.09571,654.7848045,0.045200254,0.248808798
38.13346,654.0119175,0.045146901,0.248515112
38.17125,653.2390741,0.045093551,0.248221443
38.20907,652.4663167,0.045040207,0.247927806
38.24694,651.6936242,0.044986867,0.247634194
38.28484,650.9209094,0.044933526,0.247340573
38.32278,650.1484198,0.044880201,0.247047038
38.36075,649.3758701,0.044826871,0.246753481
38.39876,648.6034843,0.044773553,0.246459985
38.43682,647.831227,0.044720243,0.246166539
38.4749,647.0589132,0.04466693,0.24587307
38.51303,646.2867023,0.044613624,0.245579641
38.55119,645.5145737,0.044560323,0.245286244
38.5894,644.7426312,0.044507035,0.244992917
38.62764,643.9707016,0.044453748,0.244699594
38.66591,643.1988882,0.04440047,0.244406316
38.70423,642.4271806,0.044347198,0.244113079
38.74258,641.655662,0.04429394,0.243819913
38.78097,640.8842198,0.044240686,0.243526776
38.8194,640.1129879,0.044187448,0.243233719
38.85787,639.3418069,0.044134213,0.242940681
38.89638,638.5708282,0.044080991,0.24264772
38.93492,637.8000838,0.044027786,0.242354849
38.9735,637.0295127,0.043974593,0.242062043
39.01212,636.2591119,0.043921412,0.241769301
39.05078,635.4888331,0.043868239,0.241476607
39.08948,634.7188194,0.043815085,0.241184012
39.12821,633.9489282,0.043761938,0.240891465
39.16699,633.1791836,0.043708802,0.240598973
39.2058,632.4096485,0.043655681,0.240306561
39.24465,631.6403154,0.043602573,0.240014225
39.28354,630.871149,0.043549477,0.239721953
39.32247,630.1022531,0.0434964,0.239429784
39.36143,629.333458,0.043443329,0.239137653
39.40044,628.5648693,0.043390273,0.2388456
39.43948,627.7964641,0.04333723,0.238553617
39.47856,627.02838,0.043284208,0.238261756
39.51768,626.2604441,0.043231197,0.237969952
39.55684,625.4928111,0.043178207,0.237678262
39.59604,624.7252843,0.043125224,0.237386613
39.63528,623.9580869,0.043072264,0.237095089
39.67456,623.1911802,0.043019324,0.236803676
39.71387,622.4244898,0.042966398,0.236512344
39.75322,621.6580715,0.042913492,0.236221116
39.79262,620.8919281,0.042860605,0.235929993
39.83205,620.1260491,0.042807735,0.23563897
39.87152,619.360564,0.042754893,0.235348096
39.91103,618.5952971,0.042702067,0.235057306
39.95058,617.8273716,0.042649056,0.234765505
39.99017,617.0570597,0.042595881,0.234472798
40.0298,616.2870504,0.042542727,0.234180206
40.06946,615.5173104,0.042489591,0.233887715
40.10917,614.74801,0.042436486,0.233595392
40.14892,613.9789999,0.0423834,0.23330318
40.1887,613.21038,0.042330342,0.233011115
40.22853,612.4420737,0.042277305,0.23271917
40.26839,611.6740864,0.042224291,0.232427346
40.30829,610.9064831,0.042171302,0.232135667
40.34824,610.1391962,0.042118336,0.23184411
40.38822,609.3722546,0.042065393,0.231552683
40.42824,608.605748,0.042012481,0.231261421
40.4683,607.8395683,0.041959591,0.230970284
40.5084,607.0737678,0.041906727,0.230679291
40.54855,606.3084134,0.041853894,0.230388467
40.58873,605.5433391,0.041801081,0.23009775
40.62895,604.778768,0.041748302,0.229807224
40.66921,604.0145015,0.041695544,0.229516814
40.70951,603.2506806,0.041642817,0.229226573
40.74985,602.4872237,0.041590115,0.22893647
40.79023,601.7242669,0.041537448,0.228646558
40.83065,600.9617299,0.041484809,0.228356804
40.87111,600.1995393,0.041432194,0.228067183
40.91161,599.4378266,0.041379613,0.227777743
40.95215,598.6764486,0.041327054,0.22748843
40.99273,597.9155483,0.041274529,0.227199299
41.03336,597.1550773,0.041222033,0.226910331
41.07402,596.3950059,0.041169565,0.226621515
41.11472,595.635394,0.041117128,0.226332874
41.15546,594.876222,0.041064722,0.226044399
41.19624,594.1174852,0.041012346,0.22575609
41.23707,593.3591071,0.040959995,0.225467917
41.27793,592.6011855,0.040907675,0.225179918
41.31883,591.843734,0.040855387,0.224892097
41.35978,591.0841381,0.040802952,0.224603462
41.40076,590.3243623,0.040750504,0.224314758
41.44179,589.5650077,0.040698085,0.224026214
41.48286,588.8061381,0.0406457,0.223737855
41.52396,588.0476862,0.040593344,0.223449654
41.56511,587.2896838,0.040541018,0.223161624
41.6063,586.5321721,0.040488727,0.22287378
41.64753,585.7750714,0.040436463,0.222586093
41.6888,585.0184658,0.040384234,0.222298594
41.73011,584.262267,0.040332033,0.222011249
41.77146,583.5065716,0.040279867,0.221724096
41.81285,582.7512628,0.040227728,0.221437089
41.85429,581.9964638,0.040175623,0.221150276
41.89576,581.2421516,0.040123553,0.220863649
41.93728,580.4882702,0.040071512,0.220577185
41.97884,579.7348654,0.040019504,0.220290902
42.02043,578.981894,0.039967526,0.220004783
42.06207,578.2295126,0.039915588,0.219718889
42.10376,577.4774766,0.039863675,0.219433126
42.14548,576.7259532,0.039811796,0.219147558
42.18724,575.9749417,0.039759954,0.218862185
42.22905,575.2243994,0.039708143,0.218576989
42.27089,574.4743713,0.039656368,0.21829199
42.31278,573.7247795,0.039604623,0.218007155
42.35471,572.9756899,0.039552913,0.217722512
42.39668,572.2270303,0.039501233,0.217438032
42.43869,571.4787972,0.039449582,0.217153715
42.48075,570.7310726,0.039397966,0.21686959
42.52284,569.9837848,0.03934638,0.216585631
42.56498,569.237034,0.039294831,0.216301877
42.60716,568.4907086,0.039243312,0.216018284
42.64938,567.7447691,0.039191819,0.215734838
42.69164,566.9993404,0.039140362,0.215451585
42.73395,566.2544226,0.039088939,0.215168527
42.7763,565.5099356,0.039037547,0.214885633
42.81868,564.7659,0.038986186,0.21460291
42.86111,564.0222912,0.038934854,0.21432035
42.90359,563.2791156,0.038883552,0.214037954
42.9461,562.5364742,0.038832287,0.213755761
42.98866,561.7942396,0.03878105,0.213473722
43.03126,561.05241,0.038729841,0.213191838
43.0739,560.3110522,0.038678664,0.212910132
43.11658,559.5701419,0.038627519,0.212628597
43.15931,558.829693,0.038576405,0.212347237
43.20208,558.0896954,0.038525322,0.212066049
43.24489,557.3500712,0.038474266,0.211785002
43.28774,556.6109535,0.038423244,0.211504148
43.33064,555.872198,0.038372247,0.211223432
43.37357,555.1339184,0.038321283,0.210942896
43.41655,554.3960657,0.038270349,0.210662523
43.45958,553.6585949,0.038219441,0.210382294
43.50264,552.9216117,0.038168566,0.210102251
43.54575,552.1850148,0.038117718,0.209822355
43.5889,551.4548686,0.038067316,0.20954491
43.6321,550.7298899,0.03801727,0.209269429
43.67533,550.0036436,0.037967137,0.208993465
43.71861,549.2795035,0.037917149,0.208718303
43.76194,548.5558533,0.037867195,0.208443326
43.8053,547.8326708,0.037817273,0.208168527
43.84871,547.1099101,0.03776738,0.207893888
43.89216,546.38756,0.037717516,0.207619406
43.93566,545.6657379,0.037667688,0.207345124
43.97919,544.9442525,0.037617883,0.20707097
44.02277,544.2231977,0.037568108,0.206796979
44.0664,543.5024842,0.037518357,0.206523118
44.11006,542.7822813,0.037468641,0.206249452
44.15378,542.0624946,0.037418954,0.205975943
44.19753,541.343059,0.03736929,0.205702568
44.24133,540.6240525,0.037319657,0.205429356
44.28517,539.9054709,0.037270053,0.205156305
44.32905,539.1872234,0.037220472,0.204883381
44.37298,538.4694245,0.037170921,0.204610628
44.41695,537.7520226,0.037121399,0.204338026
44.46096,537.0349799,0.037071901,0.20406556
44.50502,536.3183276,0.03702243,0.203793242
44.54912,535.6020606,0.036972985,0.203521071
44.59327,534.8861834,0.036923568,0.203249048
44.63746,534.1706432,0.036874174,0.202977153
44.68169,533.4555443,0.03682481,0.202705426
44.72597,532.7407732,0.036775469,0.202433823
44.77029,532.0263943,0.036726155,0.202162369
44.81465,531.3123525,0.036676864,0.201891044
44.85906,530.5987259,0.036627602,0.201619876
44.90351,529.8853822,0.036578359,0.201348816
44.94801,529.1723549,0.036529138,0.201077876
44.99255,528.4597352,0.036479946,0.20080709
45.03714,527.7473831,0.036430771,0.200536407
45.08176,527.0353819,0.036381621,0.200265857
45.12644,526.3242564,0.036332532,0.199995639
45.17116,525.6135024,0.036283468,0.199725563
45.21592,524.9030733,0.036234427,0.19945561
45.26072,524.1929273,0.036185405,0.199185765
45.30557,523.4830909,0.036136404,0.198916037
45.35047,522.7735341,0.036087423,0.198646416
45.39541,522.0642781,0.036038463,0.198376909
45.44039,521.3552968,0.035989521,0.198107506
45.48542,520.6465749,0.035940598,0.197838202
45.53049,519.9381625,0.035891695,0.197569015
45.57561,519.2300057,0.035842811,0.197299926
45.62078,518.5221039,0.035793944,0.197030934
45.66598,517.8144594,0.035745095,0.196762039
45.71123,517.1070769,0.035696264,0.196493244
45.75653,516.4000812,0.035647459,0.196224596
45.80187,515.6932666,0.035598667,0.195956016
45.84726,514.986704,0.035549893,0.195687533
45.89269,514.2803177,0.03550113,0.195419116
45.93817,513.5742187,0.035452388,0.195150808
45.98369,512.8683319,0.03540366,0.194882582
46.02926,512.1627083,0.03535495,0.194614455
46.07487,511.4572825,0.035306254,0.194346403
46.12053,510.752039,0.035257571,0.194078421
46.16623,510.0469795,0.0352089,0.193810508
46.21198,509.3421579,0.035160246,0.193542686
46.25777,508.637525,0.035111605,0.193274936
46.30361,507.9330709,0.035062976,0.193007254
46.34949,507.2288025,0.035014359,0.192739642
46.39542,506.5247105,0.034965755,0.192472097
46.4414,505.8208046,0.034917164,0.192204623
46.48742,505.1170984,0.034868587,0.191937224
46.53349,504.4134837,0.034820016,0.191669861
46.5796,503.7100873,0.03477146,0.191402581
46.62575,503.0068766,0.034722917,0.191135371
46.67196,502.3037873,0.034674382,0.190868207
46.71821,501.6008357,0.034625857,0.190601095
46.7645,500.8980671,0.034577344,0.190334053
46.81084,500.1954265,0.034528841,0.19006706
46.85723,499.492975,0.03448035,0.189800139
46.90366,498.7906364,0.034431867,0.18953326
46.95014,498.0884368,0.034383394,0.189266434
46.99666,497.3864207,0.034334933,0.188999678
47.04324,496.6844873,0.034286478,0.188732954
47.08985,495.9826298,0.034238028,0.188466258
47.13652,495.2809436,0.03418959,0.188199627
47.18323,494.5793766,0.034141161,0.187933042
47.22998,493.8778469,0.034092734,0.187666471
47.27678,493.1764787,0.034044318,0.187399961
47.32363,492.4752484,0.033995911,0.187133504
47.37053,491.7740813,0.033947509,0.18686707
47.41747,491.0730575,0.033899117,0.186600691
47.46446,490.3721174,0.033850731,0.186334344
47.51149,489.6712721,0.033802351,0.186068033
47.55857,488.9649314,0.033753592,0.185799634
47.6057,488.2570734,0.033704728,0.185530658
47.65287,487.549236,0.033655865,0.18526169
47.70009,486.8414828,0.033607008,0.184992754
47.74736,486.1337685,0.033558154,0.184723832
47.79468,485.4260337,0.033509299,0.184454903
47.84204,484.7183865,0.03346045,0.184186008
47.88945,484.0107444,0.033411601,0.183917114
47.9369,483.3031458,0.033362755,0.183648237
47.9844,482.5956252,0.033313914,0.183379389
48.03195,481.8880731,0.033265071,0.183110529
48.07955,481.1805783,0.033216232,0.182841692
48.12719,480.4731103,0.033167395,0.182572864
48.17489,479.7656052,0.033118556,0.182304022
48.22262,479.0582273,0.033069725,0.182035229
48.27041,478.3507603,0.033020888,0.181766401
48.31824,477.6434171,0.03297206,0.181497621
48.36612,476.936008,0.032923227,0.181228816
48.41405,476.2287003,0.032874401,0.180960049
48.46203,475.5213491,0.032825572,0.180691266
48.51005,474.8140512,0.032776746,0.180422503
48.55812,474.1067762,0.032727923,0.180153749
48.60624,473.3995009,0.032679099,0.179884994
48.6544,472.6922439,0.032630277,0.179616247
48.70262,471.9850317,0.032581457,0.179347516
48.75088,471.2778256,0.032532638,0.179078788
48.79919,470.5706144,0.032483819,0.178810058
48.84754,469.8634846,0.032435005,0.178541359
48.89595,469.1563434,0.032386191,0.178272655
48.9444,468.4492559,0.03233738,0.178003972
48.9929,467.7422357,0.032288574,0.177735315
49.04145,467.0352527,0.032239771,0.177466671
49.09005,466.3282461,0.032190965,0.177198019
49.13869,465.6213851,0.03214217,0.176929422
49.18739,464.9144573,0.032093371,0.1766608
49.23613,464.2076241,0.032044577,0.176392213
49.28492,463.5008061,0.031995785,0.176123633
49.33376,462.7940209,0.031946995,0.175855064
49.38264,462.0873365,0.031898212,0.175586535
49.43158,461.3806736,0.031849431,0.175318013
49.48056,460.6740179,0.03180065,0.175049494
49.5296,459.9674442,0.031751875,0.174781006
49.57868,459.2609754,0.031703107,0.174512558
49.62781,458.5545792,0.031654344,0.174244138
49.67698,457.8482528,0.031605586,0.173975744
49.72621,457.1419348,0.031556828,0.173707353
49.77549,456.4357565,0.03150808,0.173439016
49.82481,455.7296053,0.031459334,0.173170688
49.87418,455.023532,0.031410593,0.172902391
49.92361,454.3174988,0.031361855,0.172634108
49.97308,453.6116549,0.03131313,0.172365898
50.0226,452.906519,0.031264454,0.172097956
50.07217,452.2019852,0.03121582,0.171830243
50.12179,451.4975182,0.03116719,0.171562556
50.17145,450.7933159,0.031118578,0.171294969
50.22117,450.0891811,0.031069971,0.171027408
50.27094,449.3851903,0.031021374,0.170759902
50.32075,448.6811951,0.030972777,0.170492394
50.37062,447.9774072,0.030924194,0.170224965
50.42053,447.2737219,0.030875618,0.169957574
50.47049,446.5701822,0.030827052,0.169690239
50.52051,445.8667539,0.030778494,0.169422947
50.57057,445.1634955,0.030729948,0.169155719
50.62068,444.4602762,0.030681404,0.168888505
50.67084,443.7572524,0.030632874,0.168621367
50.72106,443.0544175,0.030584357,0.168354299
50.77132,442.3517335,0.03053585,0.16808729
50.82163,441.6491621,0.030487351,0.167820323
50.87199,440.9467543,0.030438863,0.167553418
50.9224,440.2445233,0.030390388,0.16728658
50.97286,439.5424711,0.030341925,0.16701981
51.02337,438.8406062,0.030293474,0.166753112
51.07393,438.1389187,0.030245036,0.166486481
51.12454,437.4374281,0.030196612,0.166219924
51.17521,436.7361272,0.030148201,0.16595344
51.22592,436.0350156,0.030099802,0.165687028
51.27668,435.3341318,0.03005142,0.165420702
51.32749,434.6334961,0.030003055,0.16515447
51.37835,433.9330785,0.029954704,0.164888322
51.42927,433.2328841,0.029906369,0.164622258
51.48023,432.5329461,0.029858052,0.164356292
51.53124,431.833215,0.029809749,0.164090404
51.58231,431.1337494,0.029761465,0.163824617
51.63342,430.4345351,0.029713197,0.163558926
51.68459,429.7358367,0.029664966,0.16329343
51.7358,429.037639,0.029616769,0.163028125
51.78707,428.3397396,0.029568592,0.162762934
51.83839,427.6422818,0.029520446,0.16249791
51.88976,426.9468081,0.029472437,0.16223364
51.94118,426.2516925,0.029424453,0.161969506
51.99265,425.5568861,0.02937649,0.161705489
52.04417,424.862374,0.029328547,0.161441585
52.09574,424.168174,0.029280626,0.161177799
52.14737,423.4742819,0.029232726,0.16091413
52.19904,422.7807338,0.02918485,0.160650591
52.25077,422.087504,0.029136996,0.160387174
52.30254,421.394624,0.029089166,0.16012389
52.35437,420.7020905,0.02904136,0.159860737
52.40625,420.0098863,0.028993577,0.159597709
52.45818,419.3180723,0.02894582,0.15933483
52.51017,418.626577,0.028898086,0.159072072
52.5622,417.9354664,0.028850378,0.15880946
52.61429,417.2447223,0.028802695,0.158546987
52.66642,416.5543778,0.02875504,0.158284666
52.71861,415.8643879,0.02870741,0.15802248
52.77085,415.1748048,0.028659808,0.157760448
52.82315,414.4856449,0.028612234,0.157498577
52.87549,413.7957067,0.028564607,0.157236411
52.92789,413.1073546,0.02851709,0.156974847
52.98034,412.4194293,0.028469602,0.156713445
53.03284,411.7319148,0.028422142,0.156452199
53.08539,411.0448338,0.028374713,0.156191118
53.13799,410.358243,0.028327317,0.155930224
53.19065,409.6720737,0.02827995,0.155669489
53.24336,408.9863775,0.028232616,0.155408935
53.29612,408.3011212,0.028185312,0.155148547
53.34893,407.6163299,0.028138041,0.154888336
53.4018,406.9319942,0.028090801,0.154628299
53.45472,406.248162,0.028043595,0.154368452
53.50769,405.5647847,0.027996421,0.154108779
53.56071,404.8819085,0.027949282,0.153849296
53.61378,404.1994852,0.027902174,0.153589985
53.66691,403.5175985,0.027855102,0.153330877
53.72009,402.8361991,0.027808065,0.153071955
53.77333,402.1553053,0.027761062,0.152813226
53.82661,401.4749384,0.027714096,0.152554696
53.87995,400.7950918,0.027667166,0.152296364
53.93334,400.1154348,0.027620249,0.152038104
53.98679,399.4360102,0.027573347,0.151779933
54.04028,398.757113,0.027526483,0.151521961
54.09384,398.0787514,0.027479655,0.151264194
54.14744,397.4009508,0.027432866,0.151006639
54.2011,396.7236766,0.027386113,0.150749285
54.25481,396.0469863,0.027339401,0.150492152
54.30857,395.3708415,0.027292726,0.150235227
54.36239,394.6952679,0.027246091,0.149978519
54.41626,394.0202995,0.027199497,0.149722041
54.47018,393.3458855,0.027152942,0.149465773
54.52415,392.6720596,0.027106427,0.149209729
54.57818,391.9987957,0.027059951,0.148953898
54.63227,391.3261456,0.027013518,0.148698301
54.68641,390.6540918,0.026967126,0.14844293
54.7406,389.9826099,0.026920773,0.148187777
54.79484,389.3117306,0.026874461,0.147932852
54.84914,388.6414647,0.026828192,0.147678161
54.90349,387.9718007,0.026781965,0.147423698
54.9579,387.3027352,0.026735779,0.147169463
55.01236,386.6343228,0.026689638,0.146915476
55.06687,385.9665154,0.026643539,0.146661719
55.12144,385.2993205,0.026597482,0.146408194
55.17606,384.6327702,0.026551469,0.146154915
55.23074,383.9668423,0.0265055,0.145901872
55.28547,383.3015569,0.026459575,0.145649073
55.34025,382.6368939,0.026413693,0.14539651
55.39509,381.9728563,0.026367854,0.145144186
55.44998,381.3094892,0.026322061,0.144892116
55.50493,380.6467484,0.026276312,0.144640284
55.55993,379.9846656,0.026230608,0.144388702
55.61499,379.3232415,0.026184949,0.14413737
55.6701,378.6624954,0.026139337,0.143886296
55.72527,378.0023995,0.02609377,0.143635469
55.78049,377.3429567,0.026048249,0.14338489
55.83576,376.6841768,0.026002773,0.143134564
55.89109,376.0260657,0.025957343,0.142884491
55.94648,375.3686193,0.025911959,0.142634671
56.00192,374.7118445,0.025866621,0.142385106
56.05741,374.0557172,0.025821328,0.142135787
56.11296,373.4002875,0.025776083,0.141886733
56.16856,372.7455177,0.025730884,0.14163793
56.22422,372.0914161,0.025685731,0.141389381
56.27994,371.4380411,0.025640628,0.141141108
56.33571,370.7853506,0.025595572,0.140893095
56.39153,370.1338083,0.025550596,0.140645518
56.44741,369.4832299,0.025505686,0.140398307
56.50335,368.8333515,0.025460825,0.140151363
56.55934,368.1837667,0.025415983,0.13990453
56.61539,367.534337,0.025371153,0.139657756
56.67149,366.8855981,0.02532637,0.139411245
56.72765,366.2375476,0.025281634,0.139164995
56.78386,365.5901744,0.025236946,0.138919002
56.84013,364.9434953,0.025192305,0.138673274
56.89646,364.2974827,0.02514771,0.138427798
56.95284,363.6521947,0.025103166,0.138182598
57.00927,363.0075913,0.025058668,0.137937658
57.06577,362.3636601,0.025014217,0.137692973
57.12232,361.7204108,0.024969813,0.137448548
57.17892,361.0778663,0.024925458,0.13720439
57.23558,360.4359939,0.024881149,0.136960488
57.2923,359.794802,0.024836887,0.136716844
57.34907,359.1543056,0.024792673,0.136473465
57.4059,358.5144905,0.024748506,0.136230344
57.46279,357.8753531,0.024704386,0.135987481
57.51973,357.2369005,0.024660313,0.135744879
57.57673,356.5991334,0.024616288,0.135502536
57.63378,355.9620549,0.02457231,0.135260456
57.69089,355.3256546,0.024528379,0.135018633
57.74806,354.6899459,0.024484495,0.134777072
57.80529,354.0548881,0.024440657,0.13453576
57.86257,353.4205294,0.024396867,0.134294712
57.91991,352.7868288,0.024353122,0.134053915
57.9773,352.1538305,0.024309426,0.133813385
58.03475,351.5215005,0.024265775,0.133573109
58.09226,350.8898097,0.024222169,0.133333075
58.14983,350.2588171,0.024178611,0.133093307
58.20745,349.6284731,0.024135098,0.132853786
58.26513,348.9988614,0.024091636,0.132614542
58.32287,348.3698842,0.024048217,0.13237554
58.38066,347.7415883,0.024004845,0.132136797
58.43851,347.1139411,0.023961518,0.1318983
58.49642,346.4869596,0.023918237,0.131660056
58.55439,345.860649,0.023875003,0.131422067
58.61241,345.2349849,0.023831813,0.131184323
58.67049,344.6099672,0.023788667,0.130946826
58.72863,343.9856062,0.023745567,0.130709577
58.78683,343.361898,0.023702512,0.130472577
58.84508,342.7388339,0.023659502,0.130235822
58.9034,342.1164325,0.023616537,0.129999318
58.96177,341.4947019,0.023573618,0.12976307
59.02019,340.8736088,0.023530744,0.129527063
59.07868,340.2539022,0.023487965,0.129291584
59.13722,339.6352375,0.023445258,0.1290565
59.19582,339.017212,0.023402596,0.128821659
59.25448,338.3998103,0.023359976,0.128587055
59.3132,337.7830402,0.0233174,0.128352692
59.37198,337.1668703,0.023274865,0.128118556
59.43081,336.5513328,0.023232374,0.127884661
59.4897,335.9363908,0.023189924,0.127650992
59.54865,335.3220879,0.023147519,0.127417565
59.60766,334.7083754,0.023105154,0.127184363
59.66673,334.0952694,0.02306283,0.126951392
59.72585,333.4827647,0.023020549,0.126718649
59.78504,332.870864,0.022978309,0.126486135
59.84428,332.2595642,0.02293611,0.12625385
59.90358,331.6488705,0.022893954,0.126021796
59.96295,331.0387533,0.022851837,0.12578996
60.02237,330.4292369,0.022809762,0.125558352
60.08184,329.8202946,0.022767726,0.125326963
60.14138,329.2119525,0.022725732,0.125095802
60.20098,328.6041899,0.022683777,0.124864861
60.26063,327.9970013,0.022641863,0.124634138
60.32035,327.3903999,0.022599989,0.124403638
60.38012,326.7843765,0.022558154,0.124173358
60.43995,326.1789228,0.022516359,0.123943294
60.49985,325.5740434,0.022474604,0.123713449
60.5598,324.9697158,0.022432887,0.123483813
60.61981,324.3659553,0.022391209,0.123254393
60.67988,323.7627482,0.022349569,0.123025183
60.74001,323.1601047,0.022307968,0.122796187
60.8002,322.5580051,0.022266405,0.122567398
60.86045,321.9564688,0.02222488,0.122338822
60.92076,321.3554767,0.022183394,0.122110454
60.98113,320.7550495,0.022141946,0.1218823
61.04155,320.1551753,0.022100536,0.121654357
61.10204,319.5558376,0.022059163,0.121426617
61.16259,318.9570524,0.022017829,0.121199087
61.2232,318.3587783,0.021976529,0.120971752
61.28387,317.7610525,0.021935268,0.120744625
61.3446,317.1638472,0.021894042,0.120517695
61.40539,316.5671657,0.021852853,0.120290965
61.46623,315.9710131,0.0218117,0.120064435
61.52714,315.3753764,0.021770583,0.119838102
61.58811,314.7802566,0.021729502,0.119611965
61.64914,314.1856628,0.021688456,0.119386028
61.71023,313.591584,0.021647447,0.119160287
61.77139,312.9980377,0.021606474,0.118934748
61.8326,312.4049712,0.021565534,0.118709391
61.89387,311.8124258,0.02152463,0.118484232
61.9552,311.2203795,0.021483761,0.118259263
62.0166,310.628713,0.021442918,0.118034438
62.07805,310.0373788,0.021402097,0.11780974
62.13957,309.4465406,0.021361311,0.11758523
62.20114,308.8561871,0.021320559,0.117360904
62.26278,308.2663142,0.02127984,0.117136761
62.32448,307.6769351,0.021239154,0.116912805
62.38624,307.0880485,0.021198503,0.116689037
62.44806,306.4996731,0.021157887,0.116465463
62.50994,305.9117546,0.021117303,0.116242062
62.57188,305.3243282,0.021076752,0.116018849
62.63389,304.7373578,0.021036233,0.115795808
62.69596,304.1508624,0.020995747,0.115572948
62.75808,303.5648393,0.020955293,0.115350268
62.82027,302.9792905,0.020914873,0.115127768
62.88252,302.3942056,0.020874484,0.114905444
62.94484,301.8095833,0.020834127,0.114683296
63.00721,301.2254188,0.020793802,0.114461322
63.06965,300.6417186,0.020753508,0.114239524
63.13215,300.0584635,0.020713246,0.114017896
63.19471,299.4756782,0.020673016,0.113796446
63.25733,298.8933588,0.020632818,0.113575173
63.32001,298.3114791,0.02059265,0.113354067
63.38276,297.7300557,0.020552514,0.113133134
63.44557,297.1490832,0.020512409,0.112912373
63.50844,296.568565,0.020472336,0.112691785
63.57137,295.9884954,0.020432293,0.112471366
63.63437,295.4100304,0.020392361,0.112251558
63.69742,294.8322477,0.020352477,0.112032009
63.76054,294.2549085,0.020312622,0.111812628
63.82373,293.677999,0.020272798,0.111593411
63.88697,293.1015337,0.020233004,0.111374363
63.95028,292.5247792,0.02019319,0.111155204
64.01365,291.9492064,0.020153458,0.110936495
64.07708,291.3740655,0.020113756,0.11071795
64.14058,290.7993696,0.020074084,0.110499573
64.20414,290.2251174,0.020034443,0.110281366
64.26776,289.651289,0.019994831,0.110063319
64.33145,289.0778916,0.019955249,0.109845437
64.3952,288.5049377,0.019915698,0.109627722
64.45901,287.9324136,0.019876176,0.109410171
64.52288,287.3603293,0.019836685,0.109192788
64.58682,286.7886782,0.019797223,0.108975568
64.65082,286.2174802,0.019757793,0.108758521
64.71489,285.646717,0.019718393,0.10854164
64.77902,285.0763826,0.019679022,0.108324921
64.84321,284.5064898,0.019639682,0.10810837
64.90746,283.9370314,0.019600372,0.107891984
64.97178,283.3680043,0.019561092,0.107675762
65.03617,282.7994127,0.019521841,0.107459705
65.10061,282.2312622,0.019482622,0.107243816
65.16512,281.6635533,0.019443432,0.107028095
65.2297,281.096286,0.019404273,0.106812541
65.29434,280.5293388,0.019365137,0.10659711
65.35904,279.9627883,0.019326027,0.106381829
65.42381,279.3966857,0.019286949,0.106166718
65.48864,278.8310251,0.019247901,0.105951775
65.55353,278.2658118,0.019208884,0.105737002
65.61849,277.7010399,0.019169897,0.105522397
65.68352,277.136706,0.019130941,0.105307958
65.7486,276.5728384,0.019092017,0.105093696
65.81376,276.0094044,0.019053122,0.1048796
65.87897,275.4464213,0.019014259,0.104665674
65.94426,274.8838876,0.018975427,0.104451919
66.0096,274.321817,0.018936627,0.104238341
66.07501,273.7601919,0.018897858,0.104024931
66.14049,273.1990422,0.018859121,0.103811702
66.20603,272.6383457,0.018820416,0.103598646
66.27164,272.0781117,0.018781743,0.103385765
66.33731,271.5183418,0.018743101,0.10317306
66.40305,270.959041,0.018704492,0.102960534
66.46885,270.4001973,0.018665915,0.102748182
66.53471,269.841827,0.01862737,0.102536009
66.60065,269.2839144,0.018588857,0.10232401
66.66664,268.7264805,0.018550377,0.102112193
66.7327,268.1695273,0.01851193,0.101900559
66.79883,267.6130428,0.018473516,0.101689103
66.86503,267.057044,0.018435135,0.101477832
66.93129,266.5015461,0.018396788,0.10126675
66.99761,265.9465036,0.018358473,0.101055842
67.064,265.3918459,0.018320185,0.10084508
67.13046,264.8376166,0.018281926,0.100634481
67.19698,264.2838825,0.018243701,0.10042407
67.26357,263.7306408,0.018205511,0.100213846
67.33022,263.1747407,0.018167137,0.100002612
67.39694,262.618804,0.01812876,0.099791364
67.46373,262.0633488,0.018090416,0.099580299
67.53058,261.5084006,0.018052108,0.099369427
67.5975,260.9539436,0.018013833,0.099158741
67.66448,260.399979,0.017975593,0.098948243
67.73154,259.8465219,0.017937387,0.098737937
67.79865,259.2935609,0.017899216,0.09852782
67.86584,258.7411127,0.01786108,0.098317897
67.93309,258.1891921,0.017822981,0.098108175
68.00041,257.6377607,0.017784915,0.097898639
68.06779,257.0868569,0.017746886,0.097689304
68.13524,256.5364825,0.017708893,0.09748017
68.20276,255.9866354,0.017670937,0.097271236
68.27034,255.4373042,0.017633016,0.097062498
68.338,254.8885213,0.017595133,0.096853968
68.40571,254.3402789,0.017557288,0.096645644
68.4735,253.7925959,0.017519481,0.096437532
68.54135,253.245448,0.017481711,0.096229624
68.60927,252.6988535,0.017443979,0.096021926
68.67726,252.1528207,0.017406286,0.095814441
68.74532,251.607337,0.017368631,0.095607165
68.81344,251.0624202,0.017331015,0.095400105
68.88163,250.518124,0.017293442,0.09519328
68.94989,249.9764695,0.017256051,0.094987459
69.01821,249.4353945,0.0172187,0.094781858
69.0866,248.8948841,0.017181388,0.094576472
69.15506,248.3549522,0.017144116,0.094371306
69.22359,247.815619,0.017106886,0.094166367
69.29219,247.2768704,0.017069696,0.09396165
69.36085,246.7387082,0.017032546,0.093757156
69.42959,246.2011558,0.016995438,0.093552894
69.49839,245.6641879,0.016958371,0.093348854
69.56725,245.1278035,0.016921344,0.093145036
69.63619,244.5920359,0.01688436,0.092941452
69.7052,244.0568627,0.016847416,0.092738094
69.77427,243.5223149,0.016810516,0.092534973
69.84341,242.9883802,0.016773658,0.092332086
69.91262,242.4550631,0.016736843,0.092129433
69.9819,241.922369,0.016700071,0.091927017
70.05125,241.3886286,0.016663226,0.091724203
70.12067,240.854525,0.016626357,0.091521252
70.19015,240.3210664,0.016589531,0.091318545
70.2597,239.7882746,0.016552753,0.091116092
70.32933,239.2561229,0.016516018,0.090913882
70.39902,238.724636,0.016479329,0.090711924
70.46878,238.1938032,0.016442685,0.090510216
70.53861,237.6636612,0.016406089,0.090308769
70.60851,237.1341884,0.016369539,0.090107577
70.67848,236.6053771,0.016333035,0.089906637
70.74852,236.0772548,0.016296578,0.089705958
70.81862,235.5498392,0.01626017,0.089505547
70.8888,235.0245981,0.016223913,0.089305963
70.95905,234.5010975,0.016187775,0.089107041
71.02936,233.9782762,0.016151684,0.088908376
71.09975,233.4561626,0.016115642,0.08870998
71.17021,232.9347496,0.016079649,0.088511851
71.24073,232.414023,0.016043703,0.088313982
71.31133,231.8940034,0.016007805,0.088116382
71.38199,231.3746883,0.015971957,0.08791905
71.45273,230.8560988,0.015936158,0.087721994
71.52353,230.3382156,0.015900408,0.087525205
71.59441,229.8210595,0.015864709,0.087328694
71.66535,229.3046364,0.01582906,0.08713246
71.73637,228.7889351,0.01579346,0.086936501
71.80745,228.2739757,0.015757912,0.086740824
71.87861,227.7597615,0.015722416,0.08654543
71.94984,227.2462709,0.015686969,0.086350311
72.02114,226.7335318,0.015651574,0.086155477
72.09251,226.221541,0.015616231,0.085960928
72.16394,225.7102936,0.01558094,0.085766662
72.23545,225.1997964,0.0155457,0.08557268
72.30704,224.6900691,0.015510513,0.085378991
72.37869,224.1811015,0.015475378,0.085185591
72.45041,223.6729027,0.015440297,0.084992482
72.5222,223.1654675,0.015405268,0.084799664
72.59407,222.6588012,0.015370293,0.084607139
72.66601,222.1529071,0.015335371,0.084414906
72.73801,221.6477974,0.015300503,0.084222972
72.81009,221.1434671,0.015265688,0.084031333
72.88224,220.6399345,0.015230929,0.083839998
72.95446,220.1371514,0.015196222,0.083648948
73.02676,219.6351144,0.015161566,0.083458181
73.09912,219.1338578,0.015126964,0.083267711
73.17156,218.6334026,0.015092417,0.083077545
73.24407,218.1337471,0.015057925,0.082887683
73.31665,217.6349103,0.01502349,0.082698132
73.3893,217.1368812,0.014989111,0.082508888
73.46202,216.6401429,0.014954821,0.082320135
73.53482,216.1443735,0.014920597,0.08213175
73.60769,215.6494562,0.014886433,0.081943688
73.68063,215.1553853,0.014852327,0.081755949
73.75364,214.6621577,0.014818279,0.081568529
73.82673,214.1697789,0.01478429,0.081381432
73.89989,213.6782605,0.01475036,0.081194662
73.97312,213.1875957,0.014716489,0.081008217
74.04642,212.6977829,0.014682677,0.080822095
74.11979,212.2088354,0.014648925,0.080636302
74.19324,211.7207577,0.014615232,0.080450839
74.26676,211.2335496,0.0145816,0.080265707
74.34036,210.747195,0.014548026,0.0800809
74.41402,210.2617191,0.014514514,0.079896426
74.48776,209.7771036,0.01448106,0.079712279
74.56158,209.2933589,0.014447667,0.079528463
74.63546,208.810481,0.014414334,0.079344976
74.70942,208.3284832,0.014381061,0.079161824
74.78345,207.8473577,0.014347849,0.078979003
74.85756,207.3670931,0.014314696,0.07879651
74.93174,206.88772,0.014281604,0.078614355
75.00599,206.4092219,0.014248573,0.078432532
75.08032,205.9315689,0.0142156,0.078251031
75.15472,205.4548082,0.014182689,0.078069869
75.22919,204.9788545,0.014149834,0.077889013
75.30374,204.5037829,0.014117039,0.077708493
75.37836,204.0295903,0.014084305,0.077528307
75.45306,203.5562843,0.014051633,0.077348457
75.52783,203.0838645,0.014019021,0.077168944
75.60267,202.6123267,0.013986471,0.076989767
75.67759,202.141674,0.013953981,0.076810926
75.75258,201.6719086,0.013921553,0.076632422
75.82764,201.2030286,0.013889186,0.076454254
75.90278,200.735046,0.013856881,0.076276427
75.978,200.2679566,0.013824637,0.07609894
76.05329,199.8017567,0.013792455,0.075921791
76.12865,199.3364452,0.013760334,0.075744979
76.20409,198.8720147,0.013728274,0.075568502
76.27961,198.408476,0.013696276,0.075392364
76.35519,197.9458328,0.013664339,0.075216566
76.43086,197.4840745,0.013632464,0.075041105
76.5066,197.0232066,0.01360065,0.074865982
76.58241,196.563226,0.013568897,0.074691196
76.6583,196.1041259,0.013537205,0.074516744
76.73426,195.6459214,0.013505575,0.074342633
76.8103,195.188606,0.013474006,0.07416886
76.88641,194.7321911,0.0134425,0.073995429
76.9626,194.276654,0.013411053,0.073822331
77.03887,193.8220013,0.013379668,0.07364957
77.11521,193.3682548,0.013348346,0.073477153
77.19163,192.9153686,0.013317083,0.073305062
77.26812,192.4633793,0.013285882,0.073133313
77.34469,192.0118954,0.013254716,0.072961756
77.42133,191.5616811,0.013223637,0.072790681
77.49805,191.112429,0.013192625,0.072619971
77.57485,190.6648367,0.013161727,0.072449893
77.65172,190.218148,0.013130892,0.072280157
77.72867,189.7723297,0.013100117,0.072110753
77.80569,189.3273972,0.013069403,0.071941685
77.88279,188.8833466,0.01303875,0.071772952
77.95997,188.440174,0.013008157,0.071604553
78.03722,187.9978594,0.012977624,0.07143648
78.11455,187.5564239,0.012947151,0.071268741
78.19196,187.1158637,0.012916739,0.071101334
78.26944,186.6761753,0.012886387,0.070934259
78.347,186.2373463,0.012856094,0.07076751
78.42464,185.799394,0.012825862,0.070601095
78.50235,185.3622936,0.012795689,0.070435003
78.58014,184.9260828,0.012765577,0.070269249
78.65801,184.490723,0.012735524,0.070103818
78.73596,184.0562234,0.01270553,0.069938715
78.81398,183.6225936,0.012675596,0.069773942
78.89208,183.1898248,0.012645722,0.069609496
78.97026,182.7579024,0.012615906,0.069445371
79.04851,182.326842,0.01258615,0.069281575
79.12684,181.8966394,0.012556452,0.069118104
79.20525,181.4672903,0.012526814,0.068954957
79.28374,181.0387877,0.012497234,0.068792133
79.36231,180.6111471,0.012467714,0.068629635
79.44095,180.1843498,0.012438252,0.068467459
79.51967,179.7584371,0.012408851,0.068305618
79.59847,179.3333491,0.012379507,0.068144091
79.67735,178.9091292,0.012350222,0.067982893
79.7563,178.4857251,0.012320995,0.067822006
79.83534,178.0631793,0.012291826,0.067661444
79.91445,177.6414702,0.012262715,0.067501201
79.99364,177.2206029,0.012233662,0.067341277
80.07291,176.8025351,0.012204803,0.067182418
80.15225,176.3882954,0.012176208,0.067025013
80.23168,175.9748812,0.012147669,0.066867921
80.31118,175.5622995,0.012119188,0.066711146
80.39077,175.1505503,0.012090765,0.066554687
80.47043,174.7396252,0.012062399,0.066398542
80.55017,174.3295261,0.012034089,0.06624271
80.62999,173.9202524,0.012005837,0.066087192
80.70989,173.5117875,0.01197764,0.065931981
80.78987,173.1041325,0.011949499,0.065777078
80.86993,172.6973026,0.011921416,0.065622488
80.95006,172.2912721,0.011893387,0.065468203
81.03028,171.8860558,0.011865415,0.065314226
81.11058,171.481635,0.011837497,0.065160552
81.19095,171.0780326,0.011809636,0.065007189
81.27141,170.6752007,0.011781829,0.064854119
81.35194,170.2732168,0.011754079,0.064701371
81.43256,169.8720185,0.011726384,0.064548921
81.51325,169.471625,0.011698745,0.064396777
81.59403,169.0720227,0.01167116,0.064244934
81.67488,168.6732195,0.01164363,0.064093395
81.75582,168.2751994,0.011616155,0.063942153
81.83683,167.8779687,0.011588734,0.063791211
81.91793,167.4815352,0.011561368,0.063640572
81.9991,167.0858757,0.011534055,0.063490227
82.08036,166.6910091,0.011506797,0.063340183
82.1617,166.2969056,0.011479592,0.06319043
82.24311,165.9035933,0.011452441,0.063040977
82.32461,165.5110771,0.011425346,0.062891826
82.40619,165.1193196,0.011398302,0.062742964
82.48785,164.7283509,0.011371313,0.062594401
82.56959,164.3381507,0.011344378,0.062446131
82.65141,163.9486981,0.011317493,0.062298145
82.73331,163.5605228,0.011290697,0.062150644
82.8153,163.1731394,0.011263956,0.062003444
82.89736,162.7865115,0.011237267,0.061856531
82.97951,162.4006509,0.011210631,0.061709909
83.06173,162.0155328,0.011184046,0.06156357
83.14404,161.631178,0.011157513,0.06141752
83.22643,161.2475987,0.011131035,0.061271766
83.30891,160.8647786,0.011104608,0.0611263
83.39146,160.4827068,0.011078234,0.060981118
83.4741,160.1013801,0.01105191,0.060836219
83.55681,159.7208049,0.011025639,0.060691606
83.63961,159.3409718,0.010999419,0.060547275
83.7225,158.9618768,0.01097325,0.060403224
83.80546,158.5835213,0.010947132,0.060259455
83.88851,158.2059134,0.010921065,0.060115969
83.97163,157.8290385,0.010895049,0.059972762
84.05484,157.4528908,0.010869083,0.059829831
84.13814,157.0774815,0.010843169,0.059687181
84.22151,156.702803,0.010817304,0.059544809
84.30497,156.3288634,0.010791491,0.059402717
84.38851,155.955643,0.010765727,0.059260899
84.47214,155.5831539,0.010740014,0.059119358
84.55584,155.2113949,0.010714351,0.058978095
84.63963,154.8403499,0.010688738,0.058837103
84.72351,154.4700276,0.010663174,0.058696386
84.80746,154.1004195,0.01063766,0.058555941
84.8915,153.7315423,0.010612196,0.058415773
84.97562,153.3633684,0.010586781,0.058275872
85.05983,152.9959086,0.010561415,0.058136242
85.14412,152.6291801,0.010536099,0.057996891
85.22849,152.2631736,0.010510833,0.057857814
85.31295,151.8978797,0.010485617,0.057719007
85.39749,151.5332951,0.010460449,0.05758047
85.48211,151.1694103,0.01043533,0.057442199
85.56682,150.8063117,0.010410265,0.057304227
85.65161,150.4439433,0.010385251,0.057166532
85.73648,150.0822776,0.010360285,0.057029105
85.82144,149.7213163,0.010335367,0.056891944
85.90649,149.3610529,0.010310498,0.05675505
85.99162,149.0014771,0.010285676,0.056618416
86.07683,148.6425926,0.010260902,0.056482045
86.16212,148.2844432,0.010236179,0.056345953
86.24751,147.9269937,0.010211504,0.056210128
86.33297,147.5702309,0.010186876,0.056074563
86.41852,147.2141535,0.010162296,0.055939259
86.50416,146.8587779,0.010137764,0.055804221
86.58988,146.5040778,0.010113279,0.05566944
86.67568,146.1500636,0.010088841,0.05553492
86.76157,145.7967382,0.010064451,0.055400661
86.84755,145.4441022,0.010040108,0.055266665
86.93361,145.0921334,0.010015812,0.055132922
87.01976,144.7408492,0.009991562,0.054999439
87.10599,144.3902479,0.00996736,0.054866215
87.1923,144.0403247,0.009943204,0.054733249
87.27871,143.6910828,0.009919096,0.054600543
87.36519,143.3453235,0.009895228,0.054469159
87.45177,143.0020652,0.009871533,0.054338726
87.53843,142.659462,0.009847883,0.054208541
87.62517,142.3175197,0.009824278,0.054078608
87.712,141.976228,0.009800718,0.053948922
87.79892,141.6355893,0.009777204,0.053819485
87.88592,141.295604,0.009753734,0.053690295
87.97301,140.9562688,0.00973031,0.053561353
88.06019,140.6175768,0.00970693,0.053432655
88.14745,140.2795456,0.009683595,0.053304208
88.2348,139.9421579,0.009660305,0.053176005
88.32224,139.6054172,0.00963706,0.053048048
88.40976,139.2693305,0.009613859,0.05292034
88.49737,138.9338793,0.009590703,0.052792874
88.58506,138.5992532,0.009567604,0.052665721
88.67284,138.2657058,0.009544578,0.052538977
88.76071,137.9327986,0.009521598,0.052412477
88.84867,137.6005379,0.009498661,0.052286223
88.93671,137.2689039,0.009475769,0.052160207
89.02484,136.9379122,0.00945292,0.052034435
89.11306,136.6075552,0.009430115,0.051908904
89.20137,136.2778417,0.009407355,0.051783618
89.28976,135.9487603,0.009384638,0.051658571
89.37824,135.6203245,0.009361966,0.051533771
89.46681,135.2925074,0.009339337,0.051409205
89.55547,134.9653257,0.009316751,0.05128488
89.64421,134.6387671,0.009294208,0.051160793
89.73304,134.3128417,0.00927171,0.051036946
89.82196,133.9875505,0.009249254,0.05091334
89.91097,133.6628834,0.009226842,0.050789971
90.00007,133.3388397,0.009204473,0.050666839
90.08925,133.0154094,0.009182147,0.05054394
90.17852,132.6926206,0.009159865,0.050421285
90.26788,132.3704571,0.009137625,0.050298868
90.35733,132.0489126,0.009115429,0.050176685
90.44687,131.7279943,0.009093276,0.050054741
90.5365,131.4076934,0.009071165,0.049933031
90.62622,131.0880174,0.009049098,0.049811559
90.71602,130.7689537,0.009027072,0.04969032
90.80592,130.4505178,0.009005091,0.049569318
90.8959,130.1326971,0.008983151,0.049448551
90.98597,129.8154944,0.008961254,0.049328019
91.07613,129.4989053,0.0089394,0.049207719
91.16638,129.1829455,0.008917589,0.049087659
91.25672,128.8675879,0.00889582,0.048967828
91.34715,128.5528559,0.008874094,0.048848234
91.43767,128.2387322,0.008852409,0.048728872
91.52828,127.9252294,0.008830768,0.048609745
91.61898,127.6123331,0.008809169,0.048490849
91.70977,127.3000493,0.008787612,0.048372186
91.80065,126.9883777,0.008766097,0.048253755
91.89162,126.6772938,0.008744622,0.048135548
91.98268,126.3667899,0.008723188,0.048017561
92.07382,126.0569071,0.008701797,0.04789981
92.16506,125.7476316,0.008680447,0.047782289
92.25639,125.4389701,0.00865914,0.047665003
92.34781,125.1309206,0.008637875,0.047547948
92.43933,124.8234815,0.008616652,0.047431126
92.53093,124.5166506,0.008595472,0.047314534
92.62262,124.2104385,0.008574334,0.047198178
92.7144,123.9048267,0.008553237,0.04708205
92.80628,123.5998187,0.008532182,0.046966151
92.89824,123.2954169,0.008511169,0.046850483
92.9903,122.9916309,0.008490198,0.046735049
93.08245,122.6884379,0.008469269,0.04661984
93.17469,122.3858584,0.008448382,0.046504864
93.26702,122.0838849,0.008427536,0.046390118
93.35944,121.7825086,0.008406732,0.0462756
93.45195,121.4815994,0.00838596,0.046161259
93.54456,121.1814584,0.008365241,0.046047209
93.63725,120.8819034,0.008344562,0.045933383
93.73004,120.5829536,0.008323926,0.045819786
93.82292,120.2846152,0.008303331,0.045706422
93.9159,119.9868737,0.008282778,0.045593284
94.00896,119.6897324,0.008262266,0.045480375
94.10212,119.3931913,0.008241796,0.045367694
94.19537,119.0972578,0.008221367,0.045255243
94.28871,118.8019322,0.008200981,0.045143024
94.38214,118.5071972,0.008180635,0.045031029
94.47567,118.2130604,0.00816033,0.044919261
94.56929,117.9195211,0.008140067,0.04480772
94.663,117.6265882,0.008119846,0.04469641
94.75681,117.3342542,0.008099666,0.044585327
94.85071,117.0425156,0.008079527,0.044474471
94.9447,116.7513702,0.008059429,0.04436384
95.03878,116.4608393,0.008039373,0.044253442
95.13296,116.1708978,0.008019358,0.044143268
95.22723,115.8812477,0.007999364,0.044033206
95.32159,115.5698952,0.007977871,0.043914896
95.41605,115.2592929,0.00795643,0.043796872
95.5106,114.9495579,0.007935048,0.043679177
95.60525,114.6404645,0.007913712,0.043561726
95.69999,114.3319785,0.007892417,0.043444506
95.79482,114.02411,0.007871164,0.04332752
95.88975,113.7168611,0.007849955,0.04321077
95.98477,113.4102393,0.007828788,0.043094258
96.07988,113.1042228,0.007807664,0.042977976
96.17509,112.7988402,0.007786583,0.042861935
96.2704,112.4940802,0.007765545,0.042746131
96.36579,112.1899432,0.00774455,0.042630563
96.46129,111.8864305,0.007723599,0.042515233
96.55687,111.5835448,0.00770269,0.04240014
96.65255,111.2812887,0.007681825,0.042285287
96.74833,110.9796581,0.007661004,0.042170672
96.8442,110.6786752,0.007640226,0.042056303
96.94017,110.3783069,0.007619492,0.041942167
97.03623,110.0785749,0.007598801,0.041828274
97.13239,109.7794774,0.007578154,0.041714621
97.22864,109.4810112,0.007557551,0.041601208
97.32499,109.1831742,0.007536991,0.041488034
97.42143,108.8859826,0.007516476,0.041375106
97.51797,108.5894255,0.007496004,0.041262418
97.6146,108.2934884,0.007475575,0.041149966
97.71133,107.9982044,0.007455192,0.041037763
97.80816,107.7035698,0.007434853,0.040925806
97.90508,107.4095768,0.007414558,0.040814093
98.0021,107.11623,0.007394308,0.040702625
98.09921,106.8235269,0.007374103,0.040591402
98.19642,106.5314542,0.007353941,0.040480419
98.29373,106.2400291,0.007333824,0.040369681
98.39113,105.9492525,0.007313751,0.04025919
98.48863,105.6591226,0.007293723,0.040148945
98.58623,105.3696277,0.007273739,0.040038941
98.68392,105.0807947,0.007253801,0.039929189
98.78171,104.7926074,0.007233907,0.039819682
98.8796,104.5050605,0.007214058,0.039710418
98.97758,104.2181755,0.007194254,0.039601406
99.07566,103.9319434,0.007174495,0.039492642
99.17384,103.6463696,0.007154781,0.039384128
99.27212,103.3614373,0.007135112,0.039275858
99.37049,103.0771629,0.007115489,0.039167838
99.46896,102.7935428,0.00709591,0.039060066
99.56753,102.5105798,0.007076377,0.038952544
99.66619,102.2282709,0.007056889,0.038845271
99.76495,101.9466265,0.007037447,0.03873825
99.86382,101.6656298,0.00701805,0.038631475
99.96277,101.3853009,0.006998698,0.038524955
100.0618,101.1058739,0.006979409,0.038418776
100.161,100.8271983,0.006960172,0.038312884
100.2602,100.5491945,0.006940981,0.038207246
100.3596,100.2718376,0.006921835,0.038101855
100.459,99.99514697,0.006902735,0.037996716
100.5586,99.71911277,0.00688368,0.037891827
100.6582,99.44375116,0.006864672,0.037787194
100.758,99.16904423,0.006845709,0.037682809
100.8578,98.89500047,0.006826791,0.037578676
100.9578,98.62162249,0.00680792,0.037474797
101.0578,98.34891486,0.006789094,0.037371172
101.158,98.07686801,0.006770315,0.037267798
101.2582,97.80552046,0.006751584,0.03716469
101.3585,97.53486015,0.0067329,0.037061843
101.459,97.26487143,0.006714262,0.036959251
101.5595,96.99554945,0.006695671,0.036856912
101.6602,96.72689022,0.006677125,0.036754826
101.7609,96.45890641,0.006658626,0.036652996
101.8617,96.19158318,0.006640172,0.036551417
101.9627,95.92493984,0.006621766,0.036450096
102.0637,95.65896376,0.006603405,0.036349029
102.1649,95.39364305,0.00658509,0.036248211
102.2661,95.12900117,0.006566822,0.036147651
102.3674,94.86504046,0.0065486,0.036047349
102.4689,94.6017549,0.006530425,0.035947305
102.5704,94.33914199,0.006512297,0.035847516
102.6721,94.07719409,0.006494215,0.035747979
102.7738,93.81592656,0.006476179,0.035648701
102.8756,93.55532303,0.006458189,0.035549676
102.9776,93.29539307,0.006440246,0.035450906
103.0796,93.03612644,0.006422349,0.035352388
103.1818,92.77753561,0.006404498,0.035254128
103.284,92.51961154,0.006386694,0.03515612
103.3864,92.26253881,0.006368948,0.035058436
103.4888,92.006246,0.006351256,0.034961049
103.5914,91.75064533,0.006333611,0.034863924
103.694,91.49573029,0.006316014,0.03476706
103.7968,91.24147568,0.006298463,0.034670447
103.8996,90.9878956,0.006280958,0.03457409
104.0026,90.75423764,0.006264829,0.034485304
104.1056,90.52775144,0.006249194,0.034399242
104.2088,90.30179223,0.006233596,0.034313381
104.3121,90.07634222,0.006218033,0.034227713
104.4154,89.85140951,0.006202506,0.034142242
104.5189,89.62699991,0.006187015,0.034056969
104.6225,89.40310026,0.006171559,0.033971891
104.7262,89.17973179,0.006156139,0.033887014
104.8299,88.95688595,0.006140756,0.033802336
104.9338,88.73456939,0.006125409,0.033717859
105.0378,88.51275906,0.006110098,0.033633574
105.1419,88.29145845,0.006094821,0.033549483
105.2461,88.07067829,0.006079581,0.03346559
105.3504,87.85040371,0.006064375,0.033381889
105.4548,87.6306355,0.006049204,0.03329838
105.5593,87.41137192,0.006034068,0.033215063
105.6639,87.19263165,0.006018968,0.033131945
105.7686,86.97438275,0.006003903,0.033049013
105.8734,86.75665611,0.005988873,0.03296628
105.9783,86.53945128,0.005973879,0.032883745
106.0833,86.32276456,0.005958921,0.032801408
106.1884,86.10658182,0.005943998,0.032719261
106.2937,85.89090812,0.00592911,0.032637308
106.399,85.67573108,0.005914256,0.032555544
106.5044,85.46105026,0.005899436,0.032473969
106.61,85.24686928,0.005884651,0.032392583
106.7156,85.03320561,0.005869902,0.032311394
106.8214,84.82003186,0.005855186,0.032230391
106.9272,84.60735764,0.005840505,0.032149578
107.0332,84.39517746,0.005825858,0.032068952
107.1392,84.1834952,0.005811246,0.031988516
107.2454,83.9723374,0.005796669,0.031908279
107.3517,83.76169466,0.005782128,0.031828238
107.4581,83.551555,0.005767622,0.031748388
107.5645,83.34190269,0.00575315,0.031668723
107.6711,83.13274557,0.005738712,0.031589246
107.7778,82.92408262,0.005724307,0.031509957
107.8846,82.71590394,0.005709937,0.031430853
107.9915,82.50822691,0.005695601,0.031351938
108.0985,82.30103007,0.005681298,0.031273206
108.2057,82.09432684,0.005667029,0.031194662
108.3129,81.88811225,0.005652794,0.031116304
108.4202,81.68240484,0.005638594,0.031038138
108.5277,81.47723303,0.00562443,0.030960175
108.6352,81.27254027,0.0056103,0.030882395
108.7429,81.06834087,0.005596204,0.030804802
108.8506,80.86462953,0.005582142,0.030727395
108.9585,80.66139494,0.005568113,0.030650169
109.0664,80.45864639,0.005554117,0.030573127
109.1745,80.25638121,0.005540154,0.030496269
109.2827,80.05458994,0.005526224,0.030419592
109.391,79.85328622,0.005512328,0.030343099
109.4994,79.65245909,0.005498465,0.030266788
109.6079,79.45210969,0.005484635,0.030190658
109.7165,79.25224095,0.005470838,0.03011471
109.8252,79.05284247,0.005457073,0.030038942
109.9341,78.85392765,0.005443342,0.029963357
110.043,78.65548363,0.005429643,0.029887951
110.1521,78.45751522,0.005415977,0.029812726
110.2612,78.26002166,0.005402344,0.029737681
110.3705,78.06299036,0.005388743,0.029662812
110.4798,77.86643575,0.005375175,0.029588124
110.5893,77.67035454,0.005361639,0.029513616
110.6989,77.47473455,0.005348135,0.029439284
110.8086,77.27958829,0.005334664,0.029365131
110.9184,77.08491801,0.005321226,0.029291159
111.0283,76.89075542,0.005307823,0.02921738
111.1383,76.69704321,0.005294451,0.029143772
111.2485,76.50380435,0.005281111,0.029070344
111.3587,76.31102337,0.005267803,0.02899709
111.4691,76.11872363,0.005254529,0.028924019
111.5795,75.92687063,0.005241285,0.028851118
111.6901,75.73548042,0.005228073,0.028778392
111.8008,75.54455407,0.005214893,0.028705843
111.9116,75.3540849,0.005201745,0.028633467
112.0225,75.16406707,0.005188628,0.028561263
112.1335,74.9745145,0.005175543,0.028489236
112.2446,74.78544021,0.005162491,0.02841739
112.3558,74.59686293,0.005149474,0.028345734
112.4671,74.40874104,0.005136488,0.02827425
112.5786,74.22106694,0.005123532,0.028202937
112.6902,74.03385001,0.005110609,0.028131797
112.8018,73.8471229,0.005097719,0.028060843
112.9136,73.6607979,0.005084856,0.027990043
113.0255,73.47497678,0.005072029,0.027919433
113.1375,73.2895976,0.005059232,0.027848992
113.2496,73.10467214,0.005046467,0.027778723
113.3618,72.91671543,0.005033492,0.027707302
113.4742,72.72009591,0.005019919,0.027632589
113.5866,72.52403524,0.005006385,0.027558089
113.6992,72.32851148,0.004992888,0.027483793
113.8118,72.13351674,0.004979427,0.027409698
113.9246,71.93904177,0.004966002,0.0273358
114.0375,71.74510822,0.004952615,0.027262108
114.1505,71.55168318,0.004939263,0.027188609
114.2636,71.35878777,0.004925947,0.027115312
114.3769,71.16641814,0.004912668,0.027042214
114.4902,70.97456999,0.004899424,0.026969315
114.6037,70.78323502,0.004886216,0.02689661
114.7172,70.59242347,0.004873044,0.026824104
114.8309,70.40214106,0.004859909,0.0267518
114.9447,70.21244058,0.004846814,0.026679716
115.0586,70.02324304,0.004833754,0.026607824
115.1726,69.8345605,0.004820729,0.026536127
115.2867,69.64638343,0.004807739,0.026464623
115.401,69.45872737,0.004794785,0.026393316
115.5153,69.27157126,0.004781865,0.0263222
115.6298,69.08492593,0.004768981,0.026251277
115.7444,68.89878881,0.004756132,0.026180548
115.8591,68.71315954,0.004743318,0.026110011
115.9739,68.52802386,0.004730537,0.026039662
116.0888,68.34339531,0.004717792,0.025969506
116.2038,68.15926765,0.004705082,0.02589954
116.319,67.97563107,0.004692405,0.025829761
116.4343,67.79249475,0.004679763,0.025760172
116.5496,67.60985884,0.004667156,0.025690773
116.6651,67.42771689,0.004654583,0.025621562
116.7807,67.24606469,0.004642043,0.025552536
116.8965,67.06491081,0.004629538,0.0254837
117.0123,66.88424737,0.004617066,0.025415051
117.1283,66.70406616,0.004604628,0.025346585
117.2443,66.52437758,0.004592224,0.025278306
117.3605,66.34517127,0.004579854,0.02521021
117.4768,66.16645839,0.004567517,0.025142301
117.5932,65.9882651,0.004555216,0.025074591
117.7097,65.81056558,0.004542949,0.025007067
117.8264,65.6333523,0.004530716,0.024939729
117.9431,65.45661174,0.004518516,0.02487257
118.06,65.28035152,0.004506348,0.024805594
118.177,65.10480235,0.00449423,0.024738887
118.2941,64.92977888,0.004482148,0.024672381
118.4113,64.7552271,0.004470099,0.024606054
118.5287,64.58114463,0.004458082,0.024539905
118.6461,64.40753588,0.004446097,0.024473936
118.7637,64.23439592,0.004434145,0.024408146
118.8814,64.06172219,0.004422226,0.024342532
118.9992,63.88960949,0.004410344,0.024277132
119.1171,63.71799396,0.004398498,0.02421192
119.2351,63.54683124,0.004386682,0.024146881
119.3533,63.37614006,0.004374899,0.024082021
119.4716,63.20590345,0.004363148,0.024017333
119.59,63.03612927,0.004351428,0.023952822
119.7085,62.86680863,0.00433974,0.023888482
119.8271,62.69795462,0.004328084,0.02382432
119.9458,62.52955988,0.004316459,0.023760332
120.0647,62.36160858,0.004304866,0.023696513
120.1837,62.19412033,0.004293304,0.02363287
120.3028,62.02705595,0.004281771,0.023569388
120.422,61.86043542,0.004270269,0.023506075
120.5413,61.69426844,0.004258799,0.023442934
120.6608,61.52854773,0.004247359,0.023379962
120.7803,61.36326985,0.004235949,0.023317159
120.9,61.19844326,0.004224571,0.023254527
121.0198,61.03406788,0.004213224,0.023192067
121.1397,60.87013229,0.004201908,0.023129774
121.2598,60.70658962,0.004190618,0.02306763
121.3799,60.54353009,0.004179362,0.02300567
121.5002,60.38091679,0.004168137,0.022943879
121.6206,60.21875174,0.004156943,0.022882259
121.7411,60.0570725,0.004145782,0.022820823
121.8618,59.89582577,0.004134651,0.022759551
121.9825,59.73501921,0.00412355,0.022698447
122.1034,59.57463789,0.004112479,0.022637505
122.2244,59.41469388,0.004101438,0.022576728
122.3455,59.25518015,0.004090427,0.022516115
122.4668,59.09609871,0.004079445,0.022455667
122.5881,58.93744938,0.004068493,0.022395382
122.7096,58.77921844,0.004057571,0.022335257
122.8312,58.62141824,0.004046678,0.022275295
122.9529,58.46404209,0.004035814,0.022215494
123.0748,58.30707659,0.004024978,0.02215585
123.1967,58.15051917,0.004014171,0.02209636
123.3188,57.99438334,0.004003393,0.022037031
123.441,57.83867295,0.003992644,0.021977863
123.5633,57.68337637,0.003981924,0.021918852
123.6858,57.52963443,0.003971311,0.021860433
123.8083,57.37708755,0.003960781,0.021802467
123.931,57.22495458,0.003950279,0.021744659
124.0538,57.07325495,0.003939807,0.021687015
124.1767,56.92200035,0.003929366,0.021629541
124.2998,56.77114197,0.003918952,0.021572217
124.423,56.62069667,0.003908566,0.021515049
124.5463,56.47070481,0.003898212,0.021458055
124.6697,56.32119557,0.003887892,0.021401243
124.7932,56.17208651,0.003877598,0.021344584
124.9169,56.02339036,0.003867334,0.021288082
125.0407,55.87507739,0.003857096,0.021231725
125.1646,55.72717099,0.003846886,0.021175523
125.2886,55.57966262,0.003836703,0.021119472
125.4128,55.43254551,0.003826547,0.021063569
125.537,55.28582829,0.003816419,0.021007819
125.6614,55.1394997,0.003806318,0.020952216
125.786,54.9935631,0.003796244,0.020896762
125.9106,54.84801977,0.003786197,0.020841458
126.0354,54.70282453,0.003776174,0.020786286
126.1603,54.55802339,0.003766179,0.020731263
126.2853,54.41361297,0.00375621,0.020676389
126.4104,54.26958306,0.003746267,0.02062166
126.5357,54.12594536,0.003736352,0.02056708
126.6611,53.98268514,0.003726463,0.020512643
126.7866,53.8398175,0.0037166,0.020458355
126.9122,53.69733432,0.003706765,0.020404214
127.038,53.55522776,0.003696955,0.020350215
127.1639,53.41350464,0.003687172,0.020296363
127.2899,53.27216707,0.003677415,0.020242656
127.416,53.13121338,0.003667685,0.020189096
127.5423,52.99074366,0.003657988,0.02013572
127.6687,52.85064565,0.003648317,0.020082484
127.7952,52.71092952,0.003638672,0.020029394
127.9218,52.57158858,0.003629054,0.019976447
128.0486,52.43261412,0.00361946,0.019923638
128.1755,52.2940225,0.003609893,0.019870976
128.3025,52.15579781,0.003600351,0.019818452
128.4296,52.01794157,0.003590835,0.019766069
128.5569,51.88046074,0.003581345,0.019713828
128.6843,51.74334484,0.003571879,0.019661726
128.8118,51.60659327,0.003562439,0.019609762
128.9395,51.47015628,0.003553021,0.019557918
129.0672,51.33408456,0.003543628,0.019506213
129.1951,51.19837554,0.00353426,0.019454646
129.3231,51.06303281,0.003524917,0.019403217
129.4513,50.92806149,0.0035156,0.01935193
129.5796,50.79344262,0.003506307,0.019300777
129.708,50.65919063,0.003497039,0.019249763
129.8365,50.5253046,0.003487797,0.019198888
129.9652,50.39176628,0.003478579,0.019148146
130.094,50.25859733,0.003469386,0.019097543
130.2229,50.12578378,0.003460218,0.019047076
130.3519,49.99334529,0.003451076,0.018996751
130.4811,49.86128116,0.003441959,0.018946569
130.6104,49.72957646,0.003432867,0.018896523
130.7398,49.59822028,0.0034238,0.01884661
130.8694,49.46721675,0.003414757,0.01879683
130.9991,49.33657137,0.003405738,0.018747187
131.1289,49.20628168,0.003396744,0.018697679
131.2588,49.07633781,0.003387774,0.018648302
131.3889,48.94674364,0.003378828,0.018599058
131.5191,48.81750214,0.003369906,0.018549948
131.6494,48.68860538,0.003361009,0.018500969
131.7799,48.56006336,0.003352135,0.018452125
131.9104,48.43180823,0.003343282,0.01840339
132.0412,48.30389519,0.003334452,0.018354785
132.172,48.17632573,0.003325646,0.01830631
132.303,48.04910842,0.003316864,0.018257969
132.4341,47.92222616,0.003308105,0.018209756
132.5653,47.79568923,0.00329937,0.018161674
132.6967,47.66949565,0.003290659,0.018113722
132.8282,47.5436391,0.003281971,0.018065898
132.9598,47.41812771,0.003273307,0.018018206
133.0916,47.29296034,0.003264666,0.017970644
133.2234,47.16812906,0.003256049,0.01792321
133.3555,47.04363409,0.003247455,0.017875904
133.4876,46.91951045,0.003238887,0.017828738
133.6199,46.7957499,0.003230343,0.017781711
133.7523,46.67231042,0.003221822,0.017734806
133.8848,46.54921086,0.003213325,0.01768803
134.0175,46.42644065,0.00320485,0.017641379
134.1503,46.30400542,0.003196398,0.017594855
134.2832,46.18190162,0.003187969,0.017548458
134.4163,46.06012776,0.003179563,0.017502185
134.5495,45.93867889,0.003171179,0.017456037
134.6828,45.81756337,0.003162818,0.017410014
134.8163,45.69677229,0.00315448,0.017364116
134.9499,45.57539051,0.003146101,0.017317992
135.0836,45.45354889,0.00313769,0.017271694
135.2175,45.33212674,0.003129308,0.017225555
135.3515,45.21103219,0.003120949,0.017179541
135.4856,45.09027378,0.003112613,0.017133655
135.6199,44.96984245,0.0031043,0.017087893
135.7542,44.84974268,0.003096009,0.017042256
135.8888,44.72996847,0.003087741,0.016996744
136.0234,44.61052411,0.003079496,0.016951357
136.1582,44.4913964,0.003071272,0.01690609
136.2931,44.37260279,0.003063072,0.01686095
136.4282,44.25413374,0.003054894,0.016815934
136.5634,44.13600549,0.003046739,0.016771047
136.6987,44.01821307,0.003038608,0.016726287
136.8342,43.90074095,0.003030499,0.016681649
136.9698,43.78358715,0.003022412,0.016637133
137.1055,43.66675546,0.003014347,0.016592738
137.2414,43.55023987,0.003006304,0.016548464
137.3774,43.43404653,0.002998283,0.016504312
137.5135,43.31817172,0.002990284,0.016460282
137.6498,43.20260846,0.002982306,0.016416369
137.7862,43.08736665,0.002974351,0.016372579
137.9227,42.97243773,0.002966417,0.016328908
138.0594,42.85779442,0.002958504,0.016285345
138.1962,42.74342949,0.002950609,0.016241888
138.3331,42.62938514,0.002942736,0.016198553
138.4702,42.51564702,0.002934885,0.016155334
138.6074,42.4022268,0.002927055,0.016112236
138.7448,42.2891159,0.002919247,0.016069255
138.8823,42.17632034,0.002911461,0.016026394
139.0199,42.06383619,0.002903696,0.015983652
139.1576,41.95165658,0.002895952,0.015941025
139.2955,41.83979497,0.00288823,0.01589852
139.4336,41.72823311,0.002880529,0.015856128
139.5717,41.61698918,0.00287285,0.015813857
139.7101,41.50601156,0.002865189,0.015771687
139.8485,41.3953398,0.002857549,0.015729633
139.9871,41.28497352,0.002849931,0.015687695
140.1258,41.17491404,0.002842333,0.015645874
140.2647,41.06516158,0.002834757,0.01560417
140.4036,40.95571634,0.002827202,0.015562583
140.5428,40.84657499,0.002819668,0.01552111
140.682,40.73773825,0.002812155,0.015479754
140.8215,40.62920512,0.002804662,0.015438513
140.961,40.52097536,0.002797191,0.015397387
141.1007,40.41304907,0.002789741,0.015356377
141.2405,40.3054243,0.002782312,0.015315481
141.3805,40.19809009,0.002774902,0.015274695
141.5206,40.09105382,0.002767514,0.015234023
141.6608,39.98431538,0.002760145,0.015193464
141.8012,39.87787791,0.002752798,0.015153019
141.9417,39.77173283,0.002745471,0.015112686
142.0824,39.66588527,0.002738164,0.015072465
142.2231,39.56033791,0.002730878,0.015032359
142.3641,39.45508369,0.002723612,0.014992364
142.5052,39.35012319,0.002716367,0.01495248
142.6464,39.24545949,0.002709142,0.01491271
142.7877,39.14108477,0.002701936,0.014873049
142.9292,39.03699572,0.002694751,0.014833496
143.0709,38.93315834,0.002687583,0.01479404
143.2126,38.82961512,0.002680436,0.014754695
143.3545,38.72636052,0.002673308,0.014715459
143.4966,38.62340033,0.0026662,0.014676336
143.6388,38.52072451,0.002659113,0.014637321
143.7811,38.41834164,0.002652045,0.014598417
143.9236,38.31624622,0.002644997,0.014559622
144.0662,38.21443244,0.002637969,0.014520934
144.209,38.11291478,0.002630961,0.014482359
144.3519,38.01167864,0.002623973,0.014443891
144.4949,37.91072984,0.002617004,0.014405531
144.6381,37.81005542,0.002610055,0.014367277
144.7814,37.70966499,0.002603125,0.01432913
144.9249,37.60956471,0.002596215,0.014291093
145.0685,37.50975177,0.002589324,0.014253166
145.2123,37.41021712,0.002582453,0.014215344
145.3562,37.31097164,0.002575603,0.014177632
145.5002,37.21200614,0.002568771,0.014140027
145.6444,37.11332995,0.002561959,0.014102531
145.7887,37.01493207,0.002555167,0.014065141
145.9332,36.91681335,0.002548393,0.014027858
146.0778,36.81898155,0.00254164,0.013990683
146.2226,36.72142364,0.002534906,0.013953612
146.3675,36.62412101,0.002528189,0.013916639
146.5125,36.52709462,0.002521491,0.01387977
146.6577,36.43034779,0.002514812,0.013843008
146.803,36.33388409,0.002508153,0.013806353
146.9485,36.2376953,0.002501513,0.013769802
147.0941,36.14178343,0.002494893,0.013733357
147.2399,36.05039735,0.002488584,0.013698632
147.3858,35.96051016,0.002482379,0.013664476
147.5318,35.87088539,0.002476192,0.01363042
147.678,35.78151337,0.002470023,0.01359646
147.8244,35.69239483,0.002463871,0.013562596
147.9708,35.60353169,0.002457737,0.013528829
148.1175,35.51492202,0.00245162,0.013495159
148.2642,35.42656765,0.002445521,0.013461586
148.4112,35.33846076,0.002439439,0.013428106
148.5582,35.25061834,0.002433375,0.013394727
148.7054,35.16302255,0.002427328,0.013361442
148.8528,35.07568114,0.002421299,0.013328254
149.0003,34.98859225,0.002415287,0.013295161
149.148,34.90175546,0.002409293,0.013262165
149.2957,34.81516937,0.002403316,0.013229263
149.4437,34.72883605,0.002397356,0.013196458
149.5918,34.64274766,0.002391413,0.013163745
149.74,34.55692013,0.002385488,0.013131132
149.8884,34.47133773,0.002379581,0.013098612
150.0369,34.38605162,0.002373693,0.013066205
150.1856,34.30111958,0.00236783,0.013033932
150.3344,34.2164307,0.002361984,0.013001751
150.4834,34.13198859,0.002356155,0.012969664
150.6325,34.0477901,0.002350343,0.01293767
150.7818,33.96383436,0.002344547,0.012905768
150.9312,33.88012937,0.002338769,0.012873961
151.0808,33.79666498,0.002333007,0.012842246
151.2305,33.7134396,0.002327262,0.012810622
151.3803,33.63046138,0.002321534,0.012779091
151.5304,33.54767649,0.00231582,0.012747634
151.6805,33.46513044,0.002310121,0.012716268
151.8308,33.38282552,0.00230444,0.012684993
151.9813,33.30076171,0.002298775,0.01265381
152.1319,33.21893326,0.002293126,0.012622716
152.2826,33.13734029,0.002287494,0.012591712
152.4335,33.05598675,0.002281878,0.012560799
152.5846,32.97487349,0.002276279,0.012529977
152.7358,32.89399676,0.002270696,0.012499245
152.8871,32.81335171,0.002265129,0.012468601
153.0386,32.73294608,0.002259578,0.012438048
153.1903,32.65279866,0.002254046,0.012407593
153.3421,32.57291125,0.002248531,0.012377237
153.494,32.49325854,0.002243032,0.01234697
153.6461,32.41383893,0.00223755,0.012316792
153.7984,32.33464836,0.002232083,0.012286701
153.9508,32.25565977,0.002226631,0.012256686
154.1034,32.17693191,0.002221196,0.012226771
154.2561,32.09843425,0.002215777,0.012196943
154.4089,32.02016816,0.002210375,0.012167203
154.5619,31.94213263,0.002204988,0.01213755
154.7151,31.86432247,0.002199616,0.012107984
154.8684,31.78674134,0.002194261,0.012078504
155.0219,31.70938522,0.002188921,0.01204911
155.1755,31.63224923,0.002183596,0.012019799
155.3293,31.55533868,0.002178287,0.011990574
155.4832,31.47865848,0.002172994,0.011961437
155.6373,31.4022017,0.002167716,0.011932385
155.7915,31.32596851,0.002162454,0.011903417
155.9459,31.24995763,0.002157206,0.011874534
156.1004,31.17416897,0.002151975,0.011845735
156.2551,31.09860183,0.002146758,0.011817021
156.4099,31.02325647,0.002141557,0.011788391
156.5649,30.94813183,0.002136371,0.011759844
156.7201,30.87323324,0.002131201,0.011731384
156.8754,30.79855038,0.002126045,0.011703006
157.0308,30.72409144,0.002120906,0.011674712
157.1864,30.64985276,0.002115781,0.011646503
157.3422,30.57582901,0.002110671,0.011618375
157.4981,30.50201935,0.002105576,0.011590328
157.6542,30.42843221,0.002100496,0.011562366
157.8104,30.35505321,0.002095431,0.011534483
157.9668,30.28189803,0.002090381,0.011506685
158.1233,30.20894985,0.002085345,0.011478966
158.28,30.13621849,0.002080324,0.011451329
158.4369,30.06370425,0.002075319,0.011423775
158.5939,29.9914046,0.002070328,0.011396302
158.751,29.91931148,0.002065351,0.011368908
158.9083,29.84743715,0.002060389,0.011341596
159.0658,29.77577536,0.002055443,0.011314366
159.2234,29.70431899,0.00205051,0.011287214
159.3812,29.63307477,0.002045592,0.011260142
159.5391,29.56203669,0.002040688,0.011233148
159.6972,29.49120829,0.002035799,0.011206235
159.8555,29.42058834,0.002030924,0.0111794
160.0139,29.35017643,0.002026063,0.011152644
160.1724,29.27997176,0.002021217,0.011125968
160.3312,29.20997567,0.002016385,0.01109937
160.49,29.14021701,0.00201157,0.011072863
160.6491,29.06514321,0.002006387,0.011044336
160.8083,28.99004617,0.002001203,0.0110158
160.9676,28.91517006,0.001996034,0.010987348
161.1271,28.84051873,0.001990881,0.010958982
161.2868,28.76609089,0.001985743,0.0109307
161.4466,28.6918841,0.001980621,0.010902503
161.6066,28.61789841,0.001975514,0.010874389
161.7668,28.54413446,0.001970422,0.01084636
161.9271,28.47059047,0.001965345,0.010818414
162.0875,28.39726712,0.001960283,0.010790553
162.2481,28.3241687,0.001955237,0.010762776
162.4089,28.25130677,0.001950207,0.01073509
162.5698,28.17866152,0.001945193,0.010707486
162.7309,28.10623305,0.001940193,0.010679964
162.8922,28.03402283,0.001935208,0.010652525
163.0536,27.96202537,0.001930238,0.010625167
163.2152,27.89024457,0.001925283,0.010597891
163.3769,27.81868174,0.001920343,0.010570699
163.5388,27.74732895,0.001915418,0.010543585
163.7009,27.67618911,0.001910507,0.010516553
163.8631,27.6052638,0.001905611,0.010489603
164.0255,27.53454944,0.001900729,0.010462732
164.188,27.46405341,0.001895863,0.010435945
164.3507,27.39376769,0.001891011,0.010409237
164.5136,27.32369467,0.001886174,0.010382611
164.6766,27.2538296,0.001881351,0.010356063
164.8398,27.18417323,0.001876543,0.010329594
165.0031,27.11472561,0.001871748,0.010303205
165.1666,27.04548785,0.001866969,0.010276896
165.3303,26.97645516,0.001862204,0.010250665
165.4941,26.90762983,0.001857453,0.010224512
165.6581,26.83900855,0.001852716,0.010198437
165.8223,26.77059502,0.001847993,0.010172441
165.9866,26.70238473,0.001843284,0.010146522
166.1511,26.63439384,0.001838591,0.010120686
166.3157,26.56660725,0.001833912,0.010094928
166.4805,26.49902555,0.001829246,0.010069248
166.6455,26.43164291,0.001824595,0.010043644
166.8107,26.36446344,0.001819957,0.010018116
166.976,26.29748501,0.001815334,0.009992666
167.1414,26.2307063,0.001810724,0.009967291
167.307,26.16412767,0.001806128,0.009941992
167.4728,26.09774866,0.001801546,0.009916769
167.6388,26.03156797,0.001796977,0.009891621
167.8049,25.96558461,0.001792422,0.009866548
167.9712,25.89979838,0.001787881,0.00984155
168.1376,25.83420637,0.001783353,0.009816626
168.3043,25.76881243,0.001778839,0.009791778
168.471,25.70361266,0.001774338,0.009767003
168.638,25.63860819,0.001769851,0.009742302
168.8051,25.57379842,0.001765377,0.009717675
168.9724,25.50918238,0.001760917,0.009693122
169.1398,25.44475843,0.001756469,0.009668642
169.3074,25.38052607,0.001752035,0.009644234
169.4752,25.31648919,0.001747615,0.009619901
169.6431,25.25264108,0.001743207,0.00959564
169.8112,25.1889872,0.001738813,0.009571452
169.9795,25.12556875,0.001734436,0.009547354
170.1479,25.06233753,0.001730071,0.009523327
170.3166,24.99929658,0.001725719,0.009499373
170.4853,24.93644061,0.00172138,0.009475488
170.6543,24.873776,0.001717054,0.009451677
170.8234,24.81129679,0.001712741,0.009427936
170.9926,24.74900254,0.001708441,0.009404265
171.1621,24.68689528,0.001704154,0.009380665
171.3317,24.62497304,0.001699879,0.009357135
171.5015,24.56323416,0.001695617,0.009333675
171.6714,24.50168157,0.001691368,0.009310286
171.8415,24.44030965,0.001687132,0.009286966
172.0118,24.37911938,0.001682908,0.009263714
172.1823,24.31810931,0.001678696,0.009240531
172.3529,24.25728287,0.001674497,0.009217418
172.5237,24.1966364,0.001670311,0.009194373
172.6947,24.1361694,0.001666137,0.009171397
172.8658,24.07588431,0.001661975,0.009148489
173.0371,24.01576519,0.001657825,0.009125645
173.2086,23.95583756,0.001653688,0.009102873
173.3802,23.89608874,0.001649564,0.00908017
173.552,23.83651575,0.001645451,0.009057533
173.724,23.77711917,0.001641351,0.009034963
173.8961,23.71791153,0.001637264,0.009012465
174.0685,23.65888264,0.001633189,0.008990035
174.2409,23.60002944,0.001629127,0.008967671
174.4136,23.54135261,0.001625076,0.008945375
174.5864,23.48284928,0.001621038,0.008923145
174.7594,23.42451858,0.001617011,0.00890098
174.9326,23.36636214,0.001612996,0.008878881
175.106,23.30945659,0.001609068,0.008857258
175.2795,23.25671131,0.001605427,0.008837215
175.4532,23.20411576,0.001601796,0.00881723
175.627,23.15166773,0.001598176,0.0087973
175.8011,23.09937057,0.001594566,0.008777428
175.9753,23.04723452,0.001590967,0.008757617
176.1497,22.99524572,0.001587378,0.008737862
176.3242,22.94340343,0.001583799,0.008718163
176.4989,22.89170764,0.001580231,0.008698519
176.6738,22.84015804,0.001576672,0.008678931
176.8489,22.78875451,0.001573124,0.008659399
177.0242,22.73749627,0.001569585,0.008639921
177.1996,22.68638055,0.001566057,0.008620498
177.3752,22.63540955,0.001562538,0.00860113
177.5509,22.58458158,0.001559029,0.008581816
177.7269,22.5338964,0.001555531,0.008562556
177.903,22.48336672,0.001552043,0.008543356
178.0793,22.43298427,0.001548565,0.008524211
178.2558,22.38274351,0.001545096,0.00850512
178.4324,22.33264362,0.001541638,0.008486083
178.6092,22.2826848,0.001538189,0.008467099
178.7862,22.232865,0.00153475,0.008448169
178.9634,22.18318551,0.001531321,0.008429291
179.1407,22.1336451,0.001527901,0.008410466
179.3182,22.08424347,0.001524491,0.008391695
179.4959,22.03497852,0.00152109,0.008372975
179.6738,21.98585215,0.001517699,0.008354307
179.8518,21.93686439,0.001514317,0.008335693
180.0301,21.8880216,0.001510945,0.008317133
180.2085,21.83932021,0.001507584,0.008298627
180.387,21.7907524,0.001504231,0.008280172
180.5658,21.7423227,0.001500888,0.00826177
180.7447,21.69402586,0.001497554,0.008243417
180.9238,21.64586397,0.001494229,0.008225117
181.1031,21.59783534,0.001490914,0.008206866
181.2826,21.54994079,0.001487608,0.008188667
181.4622,21.50217996,0.001484311,0.008170519
181.642,21.45455103,0.001481023,0.00815242
181.822,21.40705483,0.001477744,0.008134373
182.0022,21.35968953,0.001474474,0.008116374
182.1826,21.31245798,0.001471214,0.008098427
182.3631,21.26535924,0.001467963,0.00808053
182.5438,21.21838903,0.00146472,0.008062682
182.7247,21.17154857,0.001461487,0.008044884
182.9058,21.12483953,0.001458262,0.008027135
183.087,21.07825863,0.001455047,0.008009435
183.2684,21.0318058,0.00145184,0.007991783
183.45,20.98548251,0.001448643,0.007974181
183.6318,20.93928706,0.001445454,0.007956628
183.8138,20.89321811,0.001442273,0.007939122
183.9959,20.84727678,0.001439102,0.007921665
184.1783,20.80146418,0.00143594,0.007904257
184.3608,20.75577952,0.001432786,0.007886897
184.5435,20.71022251,0.001429641,0.007869586
184.7263,20.66479085,0.001426505,0.007852323
184.9094,20.61948344,0.001423377,0.007835107
185.0926,20.57430066,0.001420258,0.007817938
185.276,20.52924177,0.001417148,0.007800816
185.4596,20.48430574,0.001414046,0.007783741
185.6434,20.43949523,0.001410953,0.007766714
185.8274,20.39480525,0.001407868,0.007749732
186.0115,20.35023775,0.001404791,0.007732797
186.1959,20.30579351,0.001401723,0.007715909
186.3804,20.26148876,0.001398665,0.007699074
186.5651,20.21730367,0.001395615,0.007682284
186.7499,20.17324116,0.001392573,0.007665541
186.935,20.12929706,0.001389539,0.007648843
187.1202,20.08547399,0.001386514,0.007632191
187.3056,20.04176858,0.001383497,0.007615583
187.4913,19.99818518,0.001380489,0.007599022
187.677,19.95471849,0.001377488,0.007582506
187.863,19.91137177,0.001374496,0.007566035
188.0492,19.86814179,0.001371512,0.007549608
188.2355,19.82502816,0.001368536,0.007533225
188.4221,19.78203314,0.001365568,0.007516888
188.6088,19.73914939,0.001362607,0.007500593
188.7957,19.69638462,0.001359655,0.007484343
188.9828,19.65373466,0.001356711,0.007468136
189.17,19.61120029,0.001353775,0.007451974
189.3575,19.56878212,0.001350847,0.007435855
189.5451,19.52647698,0.001347926,0.00741978
189.733,19.48428801,0.001345014,0.007403749
189.921,19.44221262,0.00134211,0.007387761
190.1092,19.4002504,0.001339213,0.007371816
190.2976,19.35840187,0.001336324,0.007355914
190.4861,19.31666623,0.001333443,0.007340055
190.6749,19.27507078,0.001330572,0.007324249
190.8638,19.23358657,0.001327708,0.007308486
191.053,19.19095883,0.001324765,0.007292288
191.2423,19.14644666,0.001321693,0.007275374
191.4318,19.10205431,0.001318628,0.007258506
191.6215,19.05778087,0.001315572,0.007241682
191.8114,19.01362797,0.001312524,0.007224905
192.0015,18.96959306,0.001309484,0.007208172
192.1917,18.92567782,0.001306453,0.007191485
192.3822,18.88187892,0.001303429,0.007174842
192.5728,18.83819973,0.001300414,0.007158245
192.7636,18.79463613,0.001297407,0.007141691
192.9547,18.75118519,0.001294407,0.00712518
193.1459,18.70784818,0.001291416,0.007108713
193.3373,18.66462746,0.001288432,0.00709229
193.5288,18.6215223,0.001285457,0.00707591
193.7206,18.57853284,0.001282489,0.007059575
193.9126,18.53566107,0.00127953,0.007043284
194.1047,18.49290256,0.001276578,0.007027037
194.2971,18.45025807,0.001273634,0.007010832
194.4896,18.40772916,0.001270698,0.006994672
194.6823,18.36531398,0.00126777,0.006978555
194.8753,18.32301308,0.00126485,0.006962481
195.0684,18.28082528,0.001261938,0.00694645
195.2617,18.23875197,0.001259034,0.006930463
195.4552,18.1967921,0.001256137,0.006914519
195.6489,18.15492438,0.001253247,0.00689861
195.8427,18.11318862,0.001250366,0.006882751
196.0368,18.07156335,0.001247493,0.006866934
196.2311,18.03005008,0.001244627,0.006851159
196.4255,17.98864768,0.001241769,0.006835427
196.6202,17.94735601,0.001238919,0.006819737
196.815,17.9061753,0.001236076,0.006804089
197.01,17.86510374,0.001233241,0.006788482
197.2052,17.82414124,0.001230413,0.006772917
197.4007,17.78330277,0.001227594,0.006757399
197.5963,17.74257347,0.001224782,0.006741922
197.7921,17.70195343,0.001221978,0.006726487
197.9881,17.66143914,0.001219182,0.006711093
198.1843,17.62103456,0.001216392,0.006695739
198.3807,17.58073686,0.001213611,0.006680427
198.5772,17.54054653,0.001210836,0.006665155
198.774,17.50046281,0.001208069,0.006649924
198.971,17.46048586,0.00120531,0.006634733
199.1682,17.42061463,0.001202557,0.006619583
199.3655,17.38084957,0.001199812,0.006604473
199.5631,17.34119123,0.001197075,0.006589403
199.7608,17.30164382,0.001194345,0.006574376
199.9588,17.2621998,0.001191622,0.006559387
200.1569,17.2228673,0.001188907,0.006544442
200.3553,17.18364216,0.001186199,0.006529537
200.5538,17.14452047,0.001183498,0.006514671
200.7526,17.10550334,0.001180805,0.006499845
200.9515,17.06658746,0.001178118,0.006485058
201.1506,17.02777643,0.001175439,0.00647031
201.35,16.989067,0.001172767,0.006455601
201.5495,16.95046088,0.001170102,0.006440931
201.7492,16.91195583,0.001167444,0.0064263
201.9491,16.87355928,0.001164794,0.00641171
202.1492,16.83526759,0.00116215,0.006397159
202.3496,16.79707603,0.001159514,0.006382647
202.5501,16.75898623,0.001156885,0.006368173
202.7508,16.72099462,0.001154262,0.006353737
202.9517,16.68310544,0.001151646,0.00633934
203.1528,16.64531445,0.001149038,0.00632498
203.3541,16.60762385,0.001146436,0.006310658
203.5556,16.57003229,0.001143841,0.006296374
203.7574,16.53253899,0.001141253,0.006282127
203.9593,16.49514523,0.001138671,0.006267918
204.1614,16.45784897,0.001136097,0.006253746
204.3637,16.42064573,0.001133529,0.006239609
204.5662,16.38354011,0.001130967,0.006225509
204.7689,16.34653179,0.001128413,0.006211447
204.9718,16.30961998,0.001125864,0.006197421
205.1749,16.27280444,0.001123323,0.006183431
205.3783,16.23608733,0.001120788,0.006169479
205.5818,16.19946522,0.00111826,0.006155564
205.7855,16.1629395,0.001115739,0.006141684
205.9894,16.12650994,0.001113224,0.006127842
206.1935,16.09017548,0.001110716,0.006114035
206.3979,16.05393554,0.001108214,0.006100264
206.6024,16.01779534,0.00110572,0.006086532
206.8071,15.9817549,0.001103232,0.006072837
207.012,15.94580825,0.00110075,0.006059178
207.2172,15.90995606,0.001098275,0.006045554
207.4225,15.87419661,0.001095807,0.006031966
207.6281,15.83853153,0.001093345,0.006018414
207.8338,15.80295854,0.001090889,0.006004897
208.0398,15.76747872,0.00108844,0.005991415
208.2459,15.73209118,0.001085997,0.005977968
208.4523,15.69763389,0.001083619,0.005964875
208.6588,15.66361927,0.001081271,0.00595195
208.8656,15.6296943,0.001078929,0.005939059
209.0726,15.59585934,0.001076593,0.005926202
209.2798,15.5621155,0.001074264,0.00591338
209.4871,15.52845961,0.00107194,0.005900591
209.6947,15.49489285,0.001069623,0.005887836
209.9025,15.4614152,0.001067312,0.005875115
210.1105,15.42802441,0.001065007,0.005862427
210.3187,15.39472282,0.001062708,0.005849773
210.5271,15.36150861,0.001060416,0.005837152
210.7358,15.32838119,0.001058129,0.005824564
210.9446,15.29534118,0.001055848,0.005812009
211.1536,15.26238844,0.001053573,0.005799488
211.3629,15.22952431,0.001051305,0.005787
211.5723,15.196751,0.001049042,0.005774547
211.782,15.16406403,0.001046786,0.005762126
211.9918,15.13146376,0.001044536,0.005749738
212.2019,15.09894793,0.001042291,0.005737383
212.4122,15.06651666,0.001040052,0.005725059
212.6227,15.03417204,0.001037819,0.005712769
212.8334,15.00190995,0.001035592,0.00570051
213.0443,14.96973323,0.001033371,0.005688283
213.2554,14.93763988,0.001031156,0.005676088
213.4667,14.90563106,0.001028946,0.005663925
213.6782,14.87370553,0.001026742,0.005651794
213.89,14.8418632,0.001024544,0.005639694
214.1019,14.8101051,0.001022352,0.005627627
214.3141,14.77842852,0.001020165,0.00561559
214.5265,14.74683443,0.001017984,0.005603585
214.739,14.71532318,0.001015809,0.005591611
214.9518,14.68389361,0.001013639,0.005579668
215.1648,14.65254535,0.001011475,0.005567756
215.3781,14.62127927,0.001009317,0.005555876
215.5915,14.59009397,0.001007164,0.005544026
215.8051,14.5589901,0.001005017,0.005532207
216.019,14.52796558,0.001002876,0.005520418
216.233,14.49702238,0.00100074,0.00550866
216.4473,14.46616298,0.000998609,0.005496934
216.6618,14.43538368,0.000996485,0.005485238
216.8765,14.4046849,0.000994365,0.005473573
217.0914,14.37406456,0.000992252,0.005461938
217.3065,14.34352373,0.000990143,0.005450332
217.5219,14.31306192,0.000988041,0.005438757
217.7374,14.28267853,0.000985943,0.005427212
217.9532,14.2523741,0.000983851,0.005415697
218.1692,14.22214736,0.000981765,0.005404211
218.3854,14.19199776,0.000979684,0.005392755
218.6018,14.16192673,0.000977608,0.005381328
218.8184,14.13193306,0.000975537,0.005369931
219.0352,14.10201475,0.000973472,0.005358563
219.2523,14.0721737,0.000971412,0.005347223
219.4695,14.04240979,0.000969357,0.005335914
219.687,14.01272147,0.000967308,0.005324632
219.9047,13.98310967,0.000965264,0.00531338
220.1226,13.95355879,0.000963224,0.005302151
220.3407,13.92409791,0.00096119,0.005290957
220.5591,13.89471364,0.000959162,0.005279791
220.7777,13.86540504,0.000957139,0.005268654
220.9964,13.83617076,0.000955121,0.005257546
221.2154,13.80701047,0.000953108,0.005246465
221.4346,13.77793121,0.0009511,0.005235415
221.6541,13.74892806,0.000949098,0.005224395
221.8737,13.71999935,0.000947101,0.005213402
222.0936,13.69114389,0.000945109,0.005202438
222.3137,13.66236249,0.000943122,0.005191501
222.534,13.63365407,0.000941141,0.005180592
222.7545,13.60501939,0.000939164,0.005169711
222.9752,13.57645758,0.000937192,0.005158858
223.1962,13.54796769,0.000935226,0.005148033
223.4173,13.51955103,0.000933264,0.005137235
223.6387,13.49120669,0.000931307,0.005126464
223.8603,13.46293331,0.000929356,0.005115721
224.0822,13.43473385,0.000927409,0.005105005
224.3042,13.40660499,0.000925467,0.005094317
224.5265,13.37854856,0.000923531,0.005083656
224.749,13.35056251,0.000921599,0.005073022
224.9717,13.32264817,0.000919672,0.005062414
225.1946,13.29485175,0.000917753,0.005051852
225.4178,13.2671375,0.00091584,0.005041321
225.6412,13.23949327,0.000913931,0.005030817
225.8648,13.21191968,0.000912028,0.005020339
226.0886,13.18441463,0.000910129,0.005009888
226.3126,13.1569797,0.000908236,0.004999463
226.5369,13.12961271,0.000906346,0.004989064
226.7614,13.10231408,0.000904462,0.004978691
226.9861,13.07508228,0.000902582,0.004968343
227.211,13.04792124,0.000900707,0.004958022
227.4361,13.01959193,0.000898752,0.004947257
227.6615,12.99112051,0.000896786,0.004936439
227.8871,12.96272123,0.000894826,0.004925647
228.1129,12.93439216,0.00089287,0.004914883
228.339,12.90613405,0.000890919,0.004904145
228.5653,12.8779457,0.000888974,0.004893434
228.7918,12.84982754,0.000887033,0.004882749
229.0185,12.82177902,0.000885096,0.004872091
229.2454,12.79380254,0.000883165,0.004861461
229.4726,12.76589803,0.000881239,0.004850857
229.7,12.73806173,0.000879317,0.00484028
229.9276,12.71029465,0.000877401,0.004829729
230.1554,12.68259575,0.000875488,0.004819204
230.3835,12.65496724,0.000873581,0.004808705
230.6118,12.62740492,0.000871679,0.004798232
230.8403,12.59991274,0.000869781,0.004787785
231.0691,12.57248788,0.000867888,0.004777364
231.2981,12.54513103,0.000865999,0.004766969
231.5273,12.51784188,0.000864115,0.0047566
231.7567,12.49062106,0.000862236,0.004746256
231.9863,12.46347043,0.000860362,0.004735939
232.2162,12.43638723,0.000858493,0.004725648
232.4463,12.40937112,0.000856628,0.004715382
232.6767,12.38242136,0.000854767,0.004705142
232.9072,12.35553744,0.000852911,0.004694926
233.138,12.32872128,0.00085106,0.004684737
233.3691,12.30197045,0.000849214,0.004674572
233.6003,12.27528538,0.000847372,0.004664432
233.8318,12.24866627,0.000845534,0.004654317
234.0635,12.22211254,0.000843701,0.004644227
234.2955,12.19562491,0.000841873,0.004634162
234.5276,12.16920187,0.000840049,0.004624121
234.76,12.14284332,0.000838229,0.004614106
234.9927,12.11654986,0.000836414,0.004604114
235.2255,12.09032144,0.000834603,0.004594148
235.4586,12.06415639,0.000832797,0.004584206
235.692,12.03805656,0.000830995,0.004574288
235.9255,12.01201999,0.000829198,0.004564395
236.1593,11.98604786,0.000827405,0.004554526
236.3933,11.96013977,0.000825617,0.004544681
236.6276,11.93429474,0.000823833,0.00453486
236.862,11.90851367,0.000822053,0.004525064
237.0968,11.88279528,0.000820278,0.004515291
237.3317,11.85714379,0.000818507,0.004505544
237.5669,11.83155549,0.000816741,0.004495821
237.8023,11.80602928,0.000814978,0.004486121
238.038,11.7805661,0.000813221,0.004476445
238.2738,11.75516573,0.000811467,0.004466794
238.51,11.72982619,0.000809718,0.004457165
238.7463,11.70454884,0.000807973,0.00444756
238.9829,11.6793344,0.000806233,0.004437979
239.2197,11.65418012,0.000804496,0.004428421
239.4568,11.62908731,0.000802764,0.004418886
239.694,11.60405674,0.000801036,0.004409374
239.9316,11.57908677,0.000799312,0.004399886
240.1693,11.55393331,0.000797576,0.004390328
240.4073,11.52874323,0.000795837,0.004380756
240.6455,11.50361416,0.000794103,0.004371208
240.884,11.47854799,0.000792372,0.004361683
241.1227,11.45354331,0.000790646,0.004352182
241.3616,11.42859938,0.000788924,0.004342703
241.6008,11.40371699,0.000787207,0.004333248
241.8402,11.37889518,0.000785493,0.004323816
242.0799,11.35413472,0.000783784,0.004314408
242.3198,11.3294351,0.000782079,0.004305022
242.5599,11.30479558,0.000780378,0.00429566
242.8003,11.28021669,0.000778681,0.00428632
243.0409,11.25569821,0.000776989,0.004277003
243.2817,11.23123917,0.0007753,0.004267709
243.5228,11.20684091,0.000773616,0.004258438
243.7641,11.18250231,0.000771936,0.00424919
244.0056,11.1582224,0.00077026,0.004239964
244.2474,11.1340027,0.000768588,0.004230761
244.4895,11.10984055,0.00076692,0.004221579
244.7317,11.08573947,0.000765256,0.004212421
244.9743,11.06169592,0.000763597,0.004203285
245.217,11.03771098,0.000761941,0.004194171
245.46,11.01378509,0.000760289,0.00418508
245.7032,10.98991723,0.000758642,0.00417601
245.9467,10.96610672,0.000756998,0.004166963
246.1904,10.94235377,0.000755358,0.004157937
246.4344,10.91865974,0.000753723,0.004148933
246.6786,10.89502387,0.000752091,0.004139952
246.923,10.87144377,0.000750463,0.004130992
247.1677,10.84792207,0.00074884,0.004122054
247.4127,10.82445799,0.00074722,0.004113138
247.6578,10.80105001,0.000745604,0.004104243
247.9032,10.77771381,0.000743993,0.004095376
248.1489,10.75431493,0.000742378,0.004086485
248.3948,10.73090262,0.000740762,0.004077588
248.6409,10.70754753,0.00073915,0.004068714
248.8873,10.68425641,0.000737542,0.004059864
249.134,10.6610249,0.000735938,0.004051036
249.3808,10.63785184,0.000734338,0.004042231
249.628,10.61473819,0.000732743,0.004033448
249.8753,10.59168179,0.000731151,0.004024687
250.1229,10.5684758,0.000729549,0.004015869
250.3708,10.54504585,0.000727932,0.004006966
250.6189,10.52167613,0.000726319,0.003998085
250.8672,10.49836681,0.00072471,0.003989228
251.1158,10.47511561,0.000723105,0.003980393
251.3647,10.45192577,0.000721504,0.003971581
251.6138,10.42879638,0.000719907,0.003962792
251.8631,10.40572489,0.000718314,0.003954026
252.1127,10.38271388,0.000716726,0.003945282
252.3625,10.35976236,0.000715142,0.003936561
252.6126,10.33686779,0.000713561,0.003927861
252.8629,10.314032,0.000711985,0.003919184
253.1135,10.29125603,0.000710413,0.003910529
253.3643,10.26853742,0.000708844,0.003901896
253.6154,10.2458773,0.00070728,0.003893286
253.8667,10.22327514,0.00070572,0.003884697
254.1182,10.20073087,0.000704164,0.003876131
254.3701,10.17824334,0.000702611,0.003867586
254.6221,10.15581339,0.000701063,0.003859063
254.8744,10.13344192,0.000699519,0.003850562
255.127,10.11112604,0.000697978,0.003842082
255.3798,10.08886884,0.000696442,0.003833625
255.6329,10.06666725,0.000694909,0.003825189
255.8862,10.04452157,0.00069338,0.003816774
256.1398,10.02243382,0.000691856,0.003808381
256.3936,10.00040102,0.000690335,0.003800008
256.6477,9.978425674,0.000688818,0.003791658
256.902,9.956504825,0.000687305,0.003783328
257.1566,9.934641855,0.000685795,0.003775021
257.4114,9.912834459,0.00068429,0.003766734
257.6665,9.891083776,0.000682788,0.003758469
257.9218,9.869387123,0.000681291,0.003750225
258.1774,9.847745973,0.000679797,0.003742002
258.4332,9.826159777,0.000678307,0.003733799
258.6893,9.804627188,0.00067682,0.003725617
258.9457,9.783151795,0.000675338,0.003717457
259.2023,9.761729334,0.000673859,0.003709317
259.4591,9.740360368,0.000672384,0.003701197
259.7162,9.719046706,0.000670913,0.003693098
259.9736,9.697785907,0.000669445,0.003685019
260.2312,9.676588595,0.000667982,0.003676964
260.4891,9.655445165,0.000666522,0.00366893
260.7472,9.634355205,0.000665066,0.003660916
261.0056,9.613317322,0.000663614,0.003652922
261.2642,9.592333794,0.000662166,0.003644949
261.5231,9.571402355,0.000660721,0.003636995
261.7823,9.55052486,0.000659279,0.003629062
262.0417,9.529698681,0.000657842,0.003621148
262.3013,9.508926366,0.000656408,0.003613255
262.5613,9.488205503,0.000654977,0.003605381
262.8215,9.467536364,0.000653551,0.003597528
263.0819,9.446921569,0.000652128,0.003589694
263.3426,9.426358059,0.000650708,0.00358188
263.6035,9.405848059,0.000649292,0.003574087
263.8648,9.385388364,0.00064788,0.003566312
264.1262,9.364980613,0.000646471,0.003558558
264.388,9.34462423,0.000645066,0.003550823
264.65,9.324318743,0.000643664,0.003543107
264.9122,9.304063925,0.000642266,0.00353541
265.1747,9.283859721,0.000640871,0.003527733
265.4375,9.263707035,0.00063948,0.003520075
265.7005,9.243604152,0.000638092,0.003512436
265.9638,9.223551533,0.000636708,0.003504817
266.2274,9.20355069,0.000635328,0.003497217
266.4912,9.183598619,0.00063395,0.003489635
266.7553,9.163695246,0.000632576,0.003482072
267.0196,9.143843214,0.000631206,0.003474529
267.2842,9.124040837,0.000629839,0.003467004
267.5491,9.104287129,0.000628475,0.003459498
267.8142,9.084583882,0.000627115,0.003452011
268.0796,9.06492886,0.000625758,0.003444542
268.3452,9.045323862,0.000624405,0.003437093
268.6111,9.025766957,0.000623055,0.003429661
268.8773,9.006258468,0.000621708,0.003422249
269.1438,8.986799261,0.000620365,0.003414854
269.4105,8.96738848,0.000619025,0.003407479
269.6774,8.948026378,0.000617689,0.003400121
269.9447,8.928712211,0.000616355,0.003392782
270.2122,8.909445523,0.000615025,0.003385461
270.4799,8.890352226,0.000613707,0.003378206
270.748,8.871679046,0.000612418,0.00337111
271.0163,8.853049937,0.000611132,0.003364032
271.2848,8.834465642,0.000609849,0.00335697
271.5536,8.815926524,0.00060857,0.003349925
271.8227,8.797429583,0.000607293,0.003342897
272.0921,8.778979317,0.000606019,0.003335886
272.3617,8.760571334,0.000604748,0.003328891
272.6316,8.742208199,0.000603481,0.003321913
272.9018,8.723888906,0.000602216,0.003314952
273.1722,8.705611983,0.000600954,0.003308007
273.4429,8.68738015,0.000599696,0.003301079
273.7139,8.669190726,0.00059844,0.003294168
273.9851,8.651045027,0.000597188,0.003287273
274.2566,8.63294165,0.000595938,0.003280394
274.5284,8.614882759,0.000594691,0.003273531
274.8004,8.596865722,0.000593448,0.003266685
275.0727,8.578957493,0.000592211,0.00325988
275.3453,8.5611996,0.000590986,0.003253133
275.6182,8.543484288,0.000589763,0.003246401
275.8913,8.525811644,0.000588543,0.003239686
276.1647,8.508180733,0.000587326,0.003232986
276.4383,8.490590641,0.000586111,0.003226302
276.7123,8.47304164,0.0005849,0.003219634
276.9865,8.455534488,0.000583691,0.003212981
277.2609,8.43806786,0.000582486,0.003206344
277.5357,8.420642641,0.000581283,0.003199723
277.8107,8.403257554,0.000580083,0.003193117
278.086,8.38591482,0.000578886,0.003186527
278.3616,8.368610998,0.000577691,0.003179952
278.6374,8.351348725,0.000576499,0.003173392
278.9135,8.334125895,0.000575311,0.003166848
279.1899,8.316944363,0.000574124,0.003160319
279.4666,8.29980214,0.000572941,0.003153805
279.7435,8.28270015,0.000571761,0.003147307
280.0207,8.26561927,0.000570581,0.003140816
280.2982,8.24859765,0.000569406,0.003134348
280.576,8.231614899,0.000568234,0.003127895
280.854,8.214673064,0.000567065,0.003121457
281.1323,8.19776981,0.000565898,0.003115034
281.4109,8.180906109,0.000564734,0.003108627
281.6897,8.164082004,0.000563572,0.003102234
281.9689,8.147297719,0.000562414,0.003095856
282.2483,8.130552611,0.000561258,0.003089493
282.528,8.113847531,0.000560105,0.003083145
282.808,8.09718016,0.000558954,0.003076812
283.0882,8.080552681,0.000557806,0.003070494
283.3687,8.063962248,0.000556661,0.00306419
283.6495,8.047412133,0.000555518,0.003057901
283.9306,8.030898743,0.000554379,0.003051626
284.212,8.014424902,0.000553241,0.003045366
284.4936,7.997989312,0.000552107,0.003039121
284.7755,7.981591887,0.000550975,0.00303289
285.0577,7.965232674,0.000549846,0.003026674
285.3402,7.948910244,0.000548719,0.003020471
285.6229,7.932628307,0.000547595,0.003014285
285.906,7.916381684,0.000546473,0.003008111
286.1893,7.900173257,0.000545354,0.003001952
286.4729,7.884002275,0.000544238,0.002995807
286.7568,7.867869893,0.000543125,0.002989677
287.0409,7.851774478,0.000542013,0.002983561
287.3254,7.835715386,0.000540905,0.002977459
287.6101,7.819694339,0.000539799,0.002971371
287.8951,7.803709656,0.000538696,0.002965297
288.1804,7.787762927,0.000537595,0.002959238
288.4659,7.771852429,0.000536496,0.002953192
288.7518,7.755979308,0.000535401,0.00294716
289.0379,7.740142532,0.000534307,0.002941143
289.3243,7.724342352,0.000533217,0.002935139
289.611,7.708578744,0.000532129,0.002929149
289.898,7.692851798,0.000531043,0.002923173
290.1853,7.677161023,0.00052996,0.002917211
290.4729,7.661505241,0.000528879,0.002911262
290.7607,7.645886923,0.000527801,0.002905327
291.0488,7.630304146,0.000526725,0.002899406
291.3372,7.61475737,0.000525652,0.002893498
291.6259,7.599246455,0.000524581,0.002887604
291.9149,7.583771497,0.000523513,0.002881724
292.2042,7.568332135,0.000522447,0.002875857
292.4937,7.552929306,0.000521384,0.002870004
292.7836,7.53756105,0.000520323,0.002864165
293.0737,7.522227529,0.000519265,0.002858338
293.3641,7.506930743,0.000518209,0.002852526
293.6548,7.491668361,0.000517155,0.002846726
293.9458,7.476440677,0.000516104,0.00284094
294.2371,7.461248919,0.000515055,0.002835167
294.5287,7.446090618,0.000514009,0.002829407
294.8205,7.430968276,0.000512965,0.002823661
295.1127,7.415656674,0.000511908,0.002817843
295.4051,7.400072294,0.000510832,0.002811921
295.6979,7.384525307,0.000509759,0.002806013
295.9909,7.369013893,0.000508688,0.002800119
296.2842,7.353539639,0.00050762,0.002794239
296.5778,7.338101693,0.000506554,0.002788373
296.8717,7.322701081,0.000505491,0.002782521
297.1659,7.307335185,0.00050443,0.002776682
297.4603,7.292006249,0.000503372,0.002770857
297.7551,7.276713905,0.000502317,0.002765047
298.0502,7.261456254,0.000501263,0.002759249
298.3455,7.246236422,0.000500213,0.002753466
298.6411,7.23105177,0.000499165,0.002747696
298.9371,7.215903686,0.000498119,0.00274194
299.2333,7.20079082,0.000497076,0.002736197
299.5298,7.185713163,0.000496035,0.002730468
299.8267,7.170671746,0.000494996,0.002724752
300.1238,7.155755234,0.000493967,0.002719084
300.4212,7.140977585,0.000492947,0.002713469
300.7189,7.126234443,0.000491929,0.002707866
301.0169,7.111525288,0.000490914,0.002702277
301.3151,7.09684923,0.0004899,0.002696701
301.6137,7.082208795,0.00048889,0.002691137
301.9126,7.06760225,0.000487882,0.002685587
302.2118,7.053029338,0.000486876,0.00268005
302.5113,7.038489123,0.000485872,0.002674525
302.811,7.023982756,0.00048487,0.002669012
303.1111,7.009510641,0.000483871,0.002663513
303.4115,6.995071538,0.000482875,0.002658026
303.7121,6.980665856,0.00048188,0.002652553
304.0131,6.966293776,0.000480888,0.002647091
304.3143,6.951954764,0.000479898,0.002641643
304.6159,6.937649518,0.000478911,0.002636207
304.9178,6.923375668,0.000477925,0.002630783
305.2199,6.909135498,0.000476942,0.002625372
305.5224,6.894928538,0.000475962,0.002619974
305.8251,6.880753371,0.000474983,0.002614587
306.1282,6.86661087,0.000474007,0.002609213
306.4315,6.852502241,0.000473033,0.002603852
306.7352,6.838425033,0.000472061,0.002598503
307.0391,6.824379764,0.000471092,0.002593166
307.3434,6.810367437,0.000470124,0.002587842
307.648,6.79638692,0.000469159,0.002582529
307.9528,6.782439454,0.000468197,0.002577229
308.258,6.768523062,0.000467236,0.002571941
308.5634,6.754639134,0.000466277,0.002566666
308.8692,6.740787288,0.000465321,0.002561402
309.1753,6.726967397,0.000464367,0.002556151
309.4817,6.713180834,0.000463416,0.002550912
309.7883,6.699425421,0.000462466,0.002545685
310.0953,6.685701259,0.000461519,0.00254047
310.4026,6.672008768,0.000460573,0.002535267
310.7102,6.658348102,0.00045963,0.002530076
311.0181,6.644718477,0.00045869,0.002524897
311.3263,6.631119953,0.000457751,0.00251973
311.6348,6.617552473,0.000456814,0.002514575
311.9436,6.604016211,0.00045588,0.002509431
312.2527,6.590511521,0.000454948,0.002504299
312.5621,6.577037358,0.000454017,0.002499179
312.8719,6.563593957,0.000453089,0.002494071
313.1819,6.550181568,0.000452164,0.002488975
313.4922,6.536799806,0.00045124,0.00248389
313.8029,6.523448298,0.000450318,0.002478816
314.1139,6.510127346,0.000449399,0.002473755
314.4251,6.496836319,0.000448481,0.002468704
314.7367,6.483577066,0.000447566,0.002463666
315.0486,6.470347417,0.000446653,0.002458639
315.3608,6.457147847,0.000445741,0.002453623
315.6733,6.443978459,0.000444832,0.002448619
315.9861,6.430838616,0.000443925,0.002443626
316.2992,6.417729522,0.00044302,0.002438645
316.6127,6.404650081,0.000442117,0.002433675
316.9264,6.391601122,0.000441217,0.002428716
317.2404,6.378582085,0.000440318,0.002423769
317.5548,6.36559165,0.000439421,0.002418833
317.8695,6.352631755,0.000438527,0.002413909
318.1845,6.339699965,0.000437634,0.002408995
318.4998,6.326799835,0.000436743,0.002404093
318.8154,6.313927465,0.000435855,0.002399202
319.1313,6.301084852,0.000434968,0.002394322
319.4476,6.288271469,0.000434084,0.002389453
319.7641,6.275486578,0.000433201,0.002384595
320.081,6.262730105,0.000432321,0.002379747
320.3982,6.250003604,0.000431442,0.002374911
320.7157,6.23730612,0.000430566,0.002370087
321.0335,6.224637519,0.000429691,0.002365273
321.3516,6.211997075,0.000428819,0.002360469
321.67,6.199385181,0.000427948,0.002355677
321.9888,6.029301871,0.000416207,0.002291048
322.3079,6.017590381,0.000415398,0.002286598
322.6272,6.005906171,0.000414592,0.002282158
322.9469,5.994250912,0.000413787,0.002277729
323.267,5.982623603,0.000412985,0.002273311
323.5873,5.971023598,0.000412184,0.002268903
323.908,5.959452036,0.000411385,0.002264506
324.2289,5.947908476,0.000410588,0.00226012
324.5502,5.936391886,0.000409793,0.002255743
324.8718,5.924902694,0.000409,0.002251378
325.1938,5.913441193,0.000408209,0.002247023
325.516,5.90200736,0.00040742,0.002242678
325.8386,5.890600313,0.000406632,0.002238343
326.1615,5.879221944,0.000405847,0.00223402
326.4847,5.867869398,0.000405063,0.002229706
326.8082,5.856544867,0.000404281,0.002225403
327.132,5.845246973,0.000403501,0.00222111
327.4562,5.833976107,0.000402723,0.002216827
327.7807,5.822731853,0.000401947,0.002212554
328.1055,5.811515525,0.000401173,0.002208292
328.4306,5.800324219,0.0004004,0.00220404
328.7561,5.789162039,0.00039963,0.002199798
329.0819,5.778025164,0.000398861,0.002195566
329.408,5.766914947,0.000398094,0.002191345
329.7344,5.755830409,0.000397329,0.002187133
330.0611,5.744772583,0.000396566,0.002182931
330.3882,5.733740828,0.000395804,0.002178739
330.7156,5.722735483,0.000395044,0.002174557
331.0433,5.711756184,0.000394287,0.002170385
331.3714,5.700802732,0.00039353,0.002166223
331.6997,5.689875035,0.000392776,0.002162071
332.0284,5.678973696,0.000392024,0.002157928
332.3574,5.668097236,0.000391273,0.002153795
332.6868,5.657246917,0.000390524,0.002149672
333.0165,5.646422792,0.000389777,0.002145559
333.3465,5.635623293,0.000389031,0.002141456
333.6768,5.624849582,0.000388287,0.002137362
334.0074,5.614101774,0.000387545,0.002133278
334.3384,5.603379672,0.000386805,0.002129204
334.6697,5.592681369,0.000386067,0.002125138
335.0014,5.582008988,0.00038533,0.002121083
335.3333,5.571362348,0.000384595,0.002117037
335.6656,5.560739827,0.000383862,0.002113001
335.9983,5.550142684,0.00038313,0.002108974
336.3312,5.539570592,0.0003824,0.002104957
336.6645,5.529023533,0.000381672,0.002100949
336.9981,5.518501047,0.000380946,0.002096951
337.3321,5.508002403,0.000380221,0.002092962
337.6663,5.497529132,0.000379498,0.002088982
338.0009,5.487080243,0.000378777,0.002085011
338.3359,5.476656074,0.000378057,0.00208105
338.6711,5.466255531,0.000377339,0.002077098
339.0067,5.45588042,0.000376623,0.002073156
339.3427,5.445530437,0.000375909,0.002069223
339.6789,5.435203914,0.000375196,0.002065299
340.0155,5.424901138,0.000374485,0.002061384
340.3525,5.414623857,0.000373775,0.002057479
340.6898,5.404369061,0.000373067,0.002053582
341.0274,5.394138911,0.000372361,0.002049695
341.3653,5.383932033,0.000371657,0.002045817
341.7036,5.373749404,0.000370954,0.002041947
342.0422,5.363590121,0.000370252,0.002038087
342.3811,5.353455152,0.000369553,0.002034236
342.7204,5.34334269,0.000368855,0.002030393
343.06,5.333253856,0.000368158,0.00202656
343.4,5.323188753,0.000367463,0.002022735
343.7402,5.313147048,0.00036677,0.002018919
344.0809,5.303128034,0.000366079,0.002015112
344.4218,5.293132271,0.000365389,0.002011314
344.7631,5.28316029,0.0003647,0.002007525
345.1048,5.273210744,0.000364013,0.002003744
345.4468,5.26328475,0.000363328,0.001999972
345.7891,5.253381498,0.000362645,0.001996209
346.1317,5.243501552,0.000361963,0.001992455
346.4747,5.233644208,0.000361282,0.001988709
346.8181,5.22380945,0.000360603,0.001984972
347.1617,5.213998485,0.000359926,0.001981244
347.5057,5.204210141,0.00035925,0.001977525
347.8501,5.194444093,0.000358576,0.001973814
348.1948,5.184700657,0.000357904,0.001970112
348.5398,5.174980008,0.000357232,0.001966418
348.8852,5.165294899,0.000356564,0.001962738
349.2309,5.155788033,0.000355908,0.001959125
349.577,5.146302767,0.000355253,0.001955521
349.9234,5.13683911,0.0003546,0.001951925
350.2702,5.12739716,0.000353948,0.001948337
350.6173,5.117975842,0.000353297,0.001944757
350.9647,5.108575566,0.000352649,0.001941185
351.3125,5.099196178,0.000352001,0.001937621
351.6606,5.089837961,0.000351355,0.001934065
352.0091,5.080501135,0.000350711,0.001930517
352.3579,5.071185155,0.000350067,0.001926977
352.7071,5.06189013,0.000349426,0.001923445
353.0566,5.052616369,0.000348786,0.001919921
353.4064,5.043363529,0.000348147,0.001916406
353.7567,5.034131159,0.00034751,0.001912897
354.1072,5.024919762,0.000346874,0.001909397
354.4581,5.015729486,0.000346239,0.001905905
354.8093,5.006558648,0.000345606,0.00190242
355.1609,4.997410942,0.000344975,0.001898944
355.5129,4.988282099,0.000344345,0.001895475
355.8652,4.979152114,0.000343714,0.001892006
356.2178,4.970065686,0.000343087,0.001888553
356.5708,4.960998798,0.000342461,0.001885108
356.9241,4.951952108,0.000341837,0.001881671
357.2778,4.942925795,0.000341214,0.001878241
357.6319,4.933920355,0.000340592,0.001874819
357.9863,4.924934199,0.000339972,0.001871404
358.341,4.915968233,0.000339353,0.001867997
358.6961,4.907022234,0.000338735,0.001864598
359.0516,4.898096631,0.000338119,0.001861206
359.4073,4.889191186,0.000337504,0.001857822
359.7635,4.880305434,0.000336891,0.001854446
360.12,4.871439971,0.000336279,0.001851077
360.4769,4.862594149,0.000335668,0.001847716
360.8341,4.853767472,0.000335059,0.001844362
361.1916,4.844960674,0.000334451,0.001841015
361.5496,4.836173191,0.000333844,0.001837676
361.9078,4.827405883,0.000333239,0.001834345
362.2665,4.818657402,0.000332635,0.00183102
362.6254,4.809929314,0.000332033,0.001827704
362.9848,4.801219844,0.000331432,0.001824394
363.3445,4.792530254,0.000330832,0.001821092
363.7045,4.783859554,0.000330233,0.001817798
364.0649,4.775207673,0.000329636,0.00181451
364.4257,4.766575424,0.00032904,0.00181123
364.7868,4.757962408,0.000328445,0.001807957
365.1483,4.749367686,0.000327852,0.001804691
365.5101,4.740792813,0.00032726,0.001801433
365.8723,4.732236961,0.00032667,0.001798182
366.2349,4.723699195,0.00032608,0.001794938
366.5978,4.715180605,0.000325492,0.001791701
366.9611,4.706680875,0.000324905,0.001788471
367.3247,4.698200211,0.00032432,0.001785248
367.6887,4.689737892,0.000323736,0.001782033
368.0531,4.681293764,0.000323153,0.001778824
368.4178,4.672868726,0.000322571,0.001775623
368.7829,4.664462161,0.000321991,0.001772428
369.1483,4.656074663,0.000321412,0.001769241
369.5141,4.64770494,0.000320834,0.001766061
369.8803,4.639353606,0.000320258,0.001762888
370.2468,4.631020645,0.000319683,0.001759721
370.6137,4.622705749,0.000319109,0.001756562
370.981,4.61440969,0.000318536,0.001753409
371.3486,4.606131766,0.000317965,0.001750264
371.7166,4.597872407,0.000317394,0.001747125
372.0849,4.589630339,0.000316825,0.001743993
372.4536,4.581407568,0.000316258,0.001740869
372.8227,4.573202602,0.000315691,0.001737751
373.1922,4.565014745,0.000315126,0.00173464
373.562,4.556845414,0.000314562,0.001731536
373.9321,4.548694319,0.000314,0.001728438
374.3027,4.540560791,0.000313438,0.001725348
374.6736,4.53244468,0.000312878,0.001722264
375.0449,4.524346038,0.000312319,0.001719186
375.4165,4.516266108,0.000311761,0.001716116
375.7885,4.508202682,0.000311204,0.001713052
376.1609,4.500157653,0.000310649,0.001709995
376.5337,4.492130226,0.000310095,0.001706945
376.9068,4.484120357,0.000309542,0.001703901
377.2803,4.476127246,0.00030899,0.001700864
377.6541,4.468152474,0.00030844,0.001697834
378.0284,4.460194876,0.00030789,0.00169481
378.403,4.452253426,0.000307342,0.001691792
378.778,4.444330685,0.000306795,0.001688782
379.1533,4.436424627,0.000306249,0.001685777
379.529,4.428535362,0.000305705,0.00168278
379.9051,4.42066327,0.000305161,0.001679788
380.2816,4.412808493,0.000304619,0.001676804
380.6584,4.404970341,0.000304078,0.001673825
381.0356,4.397150041,0.000303538,0.001670854
381.4132,4.389346062,0.000303,0.001667888
381.7912,4.381559082,0.000302462,0.001664929
382.1695,4.373788784,0.000301926,0.001661977
382.5482,4.366035663,0.00030139,0.001659031
382.9273,4.358285271,0.000300855,0.001656086
383.3067,4.350348068,0.000300308,0.00165307
383.6866,4.342426611,0.000299761,0.00165006
384.0668,4.334521729,0.000299215,0.001647056
384.4474,4.326632619,0.00029867,0.001644058
384.8283,4.318760649,0.000298127,0.001641067
385.2097,4.310903838,0.000297585,0.001638081
385.5914,4.303063551,0.000297043,0.001635102
385.9735,4.295239334,0.000296503,0.001632129
386.356,4.287431241,0.000295964,0.001629162
386.7388,4.279638882,0.000295426,0.001626201
387.122,4.271862408,0.00029489,0.001623246
387.5057,4.264101926,0.000294354,0.001620297
387.8897,4.256357224,0.000293819,0.001617354
388.274,4.248629103,0.000293286,0.001614418
388.6588,4.240915935,0.000292753,0.001611487
389.0439,4.23321874,0.000292222,0.001608562
389.4294,4.225537818,0.000291692,0.001605644
389.8153,4.217872287,0.000291163,0.001602731
390.2016,4.210222855,0.000290635,0.001599824
390.5883,4.202588512,0.000290108,0.001596923
390.9753,4.194969736,0.000289582,0.001594028
391.3628,4.18736657,0.000289057,0.001591139
391.7506,4.179779012,0.000288533,0.001588256
392.1388,4.172207507,0.00028801,0.001585379
392.5274,4.164650388,0.000287489,0.001582507
392.9163,4.157109292,0.000286968,0.001579642
393.3057,4.149583583,0.000286449,0.001576782
393.6954,4.142072745,0.00028593,0.001573928
394.0856,4.13457786,0.000285413,0.00157108
394.4761,4.127097696,0.000284896,0.001568238
394.867,4.119632982,0.000284381,0.001565401
395.2583,4.112183365,0.000283867,0.00156257
395.65,4.104749174,0.000283354,0.001559746
396.042,4.097329621,0.000282842,0.001556926
396.4345,4.089925184,0.00028233,0.001554113
396.8273,4.082536062,0.00028182,0.001551305
397.2205,4.075161934,0.000281311,0.001548503
397.6142,4.067802599,0.000280803,0.001545706
398.0082,4.060458133,0.000280296,0.001542916
398.4026,4.053128836,0.00027979,0.001540131
398.7974,4.045854185,0.000279288,0.001537366
399.1926,4.038671329,0.000278792,0.001534637
399.5881,4.0315019,0.000278297,0.001531913
399.9841,4.024347541,0.000277804,0.001529194
400.3805,4.017207083,0.000277311,0.001526481
400.7772,4.010080842,0.000276819,0.001523773
401.1744,4.002968742,0.000276328,0.00152107
401.5719,3.995870887,0.000275838,0.001518373
401.9698,3.988787315,0.000275349,0.001515682
402.3682,3.981717551,0.000274861,0.001512995
402.7669,3.974662234,0.000274374,0.001510314
403.166,3.96762074,0.000273888,0.001507639
403.5655,3.960593609,0.000273403,0.001504969
403.9654,3.953579958,0.000272918,0.001502303
404.3657,3.946580595,0.000272435,0.001499644
404.7664,3.939594986,0.000271953,0.001496989
405.1675,3.932623285,0.000271472,0.00149434
405.569,3.925665275,0.000270991,0.001491696
405.9709,3.918721451,0.000270512,0.001489058
406.3732,3.911790996,0.000270034,0.001486424
406.7759,3.904874762,0.000269556,0.001483796
407.179,3.897971738,0.00026908,0.001481173
407.5825,3.891082939,0.000268604,0.001478555
407.9864,3.884207466,0.00026813,0.001475943
408.3906,3.877345503,0.000267656,0.001473335
408.7953,3.870497222,0.000267183,0.001470733
409.2004,3.863662416,0.000266711,0.001468136
409.6059,3.856840957,0.00026624,0.001465544
410.0118,3.850033384,0.000265771,0.001462957
410.4181,3.843239084,0.000265301,0.001460376
410.8248,3.836458624,0.000264833,0.001457799
411.2319,3.829690693,0.000264366,0.001455227
411.6394,3.822937051,0.0002639,0.001452661
412.0473,3.816196235,0.000263435,0.0014501
412.4556,3.809468846,0.00026297,0.001447543
412.8644,3.802754764,0.000262507,0.001444992
413.2735,3.796053772,0.000262044,0.001442446
413.683,3.789365793,0.000261583,0.001439904
414.0929,3.782691556,0.000261122,0.001437368
414.5033,3.776030269,0.000260662,0.001434837
414.914,3.769381738,0.000260203,0.001432311
415.3252,3.762746648,0.000259745,0.00142979
415.7368,3.756124839,0.000259288,0.001427273
416.1487,3.749515869,0.000258832,0.001424762
416.5611,3.74291943,0.000258376,0.001422255
416.9739,3.736336494,0.000257922,0.001419754
417.3871,3.729766941,0.000257468,0.001417258
417.8007,3.722868021,0.000256992,0.001414636
418.2147,3.715635603,0.000256493,0.001411888
418.6291,3.708417696,0.000255995,0.001409145
419.044,3.70121532,0.000255497,0.001406409
419.4592,3.694027551,0.000255001,0.001403677
419.8749,3.686854733,0.000254506,0.001400952
420.2909,3.679697378,0.000254012,0.001398232
420.7074,3.672554429,0.000253519,0.001395518
421.1243,3.66542659,0.000253027,0.001392809
421.5416,3.658313685,0.000252536,0.001390107
421.9593,3.651215539,0.000252046,0.001387409
422.3775,3.644132169,0.000251557,0.001384718
422.796,3.637063823,0.000251069,0.001382032
423.215,3.630010127,0.000250582,0.001379352
423.6344,3.622970977,0.000250096,0.001376677
424.0542,3.615946535,0.000249611,0.001374008
424.4744,3.608936699,0.000249127,0.001371344
424.895,3.601941488,0.000248645,0.001368686
425.3161,3.59496089,0.000248163,0.001366033
425.7375,3.587994465,0.000247682,0.001363386
426.1594,3.581042892,0.000247202,0.001360745
426.5817,3.574105643,0.000246723,0.001358109
427.0044,3.567182603,0.000246245,0.001355478
427.4275,3.560274114,0.000245768,0.001352853
427.8511,3.553379945,0.000245292,0.001350233
428.2751,3.54649996,0.000244817,0.001347619
428.6995,3.539634461,0.000244343,0.00134501
429.1243,3.532783078,0.00024387,0.001342407
429.5495,3.525945809,0.000243399,0.001339809
429.9752,3.519122934,0.000242928,0.001337216
430.4013,3.512313984,0.000242457,0.001334629
430.8278,3.505519321,0.000241988,0.001332047
431.2547,3.498738717,0.00024152,0.00132947
431.682,3.491972073,0.000241053,0.001326899
432.1098,3.485219757,0.000240587,0.001324333
432.538,3.478481176,0.000240122,0.001321773
432.9666,3.471756789,0.000239658,0.001319218
433.3957,3.465046223,0.000239195,0.001316668
433.8251,3.458349457,0.000238732,0.001314123
434.255,3.451666688,0.000238271,0.001311584
434.6853,3.444997596,0.000237811,0.001309049
435.1161,3.438342507,0.000237351,0.001306521
435.5473,3.431701097,0.000236893,0.001303997
435.9789,3.425073227,0.000236435,0.001301479
436.4109,3.418459308,0.000235979,0.001298965
436.8433,3.411859022,0.000235523,0.001296457
437.2762,3.405272577,0.000235068,0.001293955
437.7095,3.39869961,0.000234615,0.001291457
438.1433,3.392140134,0.000234162,0.001288964
438.5775,3.385594298,0.00023371,0.001286477
439.0121,3.379061854,0.000233259,0.001283995
439.4471,3.372543141,0.000232809,0.001281518
439.8826,3.366037672,0.00023236,0.001279046
440.3185,3.359545737,0.000231912,0.001276579
440.7548,3.353067126,0.000231465,0.001274117
441.1915,3.346601773,0.000231018,0.00127166
441.6287,3.340150159,0.000230573,0.001269209
442.0664,3.333711229,0.000230128,0.001266762
442.5044,3.327285618,0.000229685,0.001264321
442.9429,3.320873391,0.000229242,0.001261884
443.3818,3.314474408,0.0002288,0.001259453
443.8212,3.308088419,0.00022836,0.001257026
444.261,3.301715636,0.00022792,0.001254604
444.7012,3.295355967,0.000227481,0.001252188
445.1419,3.289009462,0.000227043,0.001249776
445.583,3.282676006,0.000226605,0.00124737
446.0246,3.276355574,0.000226169,0.001244968
446.4666,3.270048059,0.000225734,0.001242571
446.909,3.263753695,0.000225299,0.001240179
447.3518,3.257472359,0.000224866,0.001237793
447.7951,3.251204072,0.000224433,0.001235411
448.2389,3.244948585,0.000224001,0.001233034
448.683,3.238725605,0.000223571,0.001230669
449.1277,3.232571297,0.000223147,0.001228331
449.5727,3.226429403,0.000222723,0.001225997
450.0182,3.220299914,0.0002223,0.001223668
450.4642,3.214182956,0.000221877,0.001221343
450.9105,3.208078504,0.000221456,0.001219024
451.3574,3.201986354,0.000221035,0.001216709
451.8046,3.195906506,0.000220616,0.001214398
452.2523,3.189813827,0.000220195,0.001212083
452.7005,3.183758639,0.000219777,0.001209782
453.1491,3.177715741,0.00021936,0.001207486
453.5981,3.171685295,0.000218944,0.001205195
454.0476,3.165667065,0.000218528,0.001202908
454.4976,3.159660798,0.000218114,0.001200626
454.9479,3.153666893,0.0002177,0.001198348
455.3988,3.147685174,0.000217287,0.001196075
455.85,3.141748437,0.000216877,0.001193819
456.3018,3.135867602,0.000216471,0.001191585
456.7539,3.129998899,0.000216066,0.001189355
457.2065,3.124142202,0.000215662,0.001187129
457.6596,3.118297622,0.000215258,0.001184908
458.1131,3.112464895,0.000214856,0.001182692
458.5671,3.106644182,0.000214454,0.00118048
459.0215,3.100835289,0.000214053,0.001178273
459.4764,3.095038336,0.000213653,0.00117607
459.9317,3.089253078,0.000213253,0.001173872
460.3874,3.08347965,0.000212855,0.001171678
460.8436,3.077718043,0.000212457,0.001169489
461.3003,3.071968143,0.00021206,0.001167304
461.7574,3.066230036,0.000211664,0.001165123
462.215,3.060503438,0.000211269,0.001162947
462.673,3.05478876,0.000210874,0.001160776
463.1315,3.049085415,0.000210481,0.001158609
463.5904,3.043393815,0.000210088,0.001156446
464.0498,3.037713732,0.000209696,0.001154287
464.5097,3.032045287,0.000209304,0.001152134
464.97,3.026388337,0.000208914,0.001149984
465.4307,3.020742949,0.000208524,0.001147839
465.892,3.01510887,0.000208135,0.001145698
466.3536,3.009486414,0.000207747,0.001143562
466.8158,3.003875319,0.00020736,0.001141429
467.2783,2.998275661,0.000206973,0.001139302
467.7414,2.992687315,0.000206587,0.001137178
468.2049,2.987110564,0.000206202,0.001135059
468.6688,2.981545081,0.000205818,0.001132944
469.1333,2.97599092,0.000205435,0.001130834
469.5981,2.970448047,0.000205052,0.001128727
470.0635,2.964916437,0.00020467,0.001126626
470.5293,2.959395981,0.000204289,0.001124528
470.9956,2.953886754,0.000203909,0.001122434
471.4623,2.948388738,0.000203529,0.001120345
471.9295,2.942901686,0.000203151,0.00111826
472.3971,2.937425835,0.000202773,0.00111618
472.8652,2.931961105,0.000202395,0.001114103
473.3338,2.926507396,0.000202019,0.001112031
473.8029,2.921064658,0.000201643,0.001109963
474.2724,2.915632789,0.000201268,0.001107898
474.7424,2.910211994,0.000200894,0.001105839
475.2128,2.904802221,0.000200521,0.001103783
475.6837,2.899403352,0.000200148,0.001101732
476.1551,2.894015375,0.000199776,0.001099684
476.6269,2.888638132,0.000199405,0.001097641
477.0992,2.883271886,0.000199034,0.001095602
477.572,2.87791652,0.000198665,0.001093567
478.0452,2.872571896,0.000198296,0.001091536
478.519,2.867238072,0.000197927,0.001089509
478.9931,2.861915181,0.00019756,0.001087487
479.4678,2.856603078,0.000197193,0.001085468
479.9429,2.851301525,0.000196827,0.001083454
480.4185,2.846010899,0.000196462,0.001081443
480.8946,2.840730824,0.000196098,0.001079437
481.3711,2.835461283,0.000195734,0.001077434
481.8481,2.830202399,0.000195371,0.001075436
482.3256,2.824954292,0.000195009,0.001073442
482.8036,2.819716617,0.000194647,0.001071452
483.282,2.814489509,0.000194286,0.001069465
483.7609,2.80927293,0.000193926,0.001067483
484.2403,2.804066648,0.000193567,0.001065505
484.7201,2.798871008,0.000193208,0.001063531
485.2005,2.793685834,0.00019285,0.00106156
485.6813,2.788511105,0.000192493,0.001059594
486.1625,2.783346626,0.000192136,0.001057632
486.6443,2.778192471,0.000191781,0.001055673
487.1265,2.773048878,0.000191426,0.001053719
487.6092,2.767915534,0.000191071,0.001051768
488.0924,2.762792377,0.000190717,0.001049821
488.5761,2.757679571,0.000190365,0.001047879
489.0602,2.752577121,0.000190012,0.00104594
489.5449,2.747484758,0.000189661,0.001044005
490.03,2.742402774,0.00018931,0.001042074
490.5156,2.737330992,0.00018896,0.001040146
491.0016,2.732269349,0.00018861,0.001038223
491.4882,2.727217738,0.000188262,0.001036303
491.9752,2.722176408,0.000187914,0.001034388
492.4627,2.717145184,0.000187566,0.001032476
492.9507,2.712123841,0.00018722,0.001030568
493.4392,2.707112624,0.000186874,0.001028664
493.9282,2.702111494,0.000186529,0.001026763
494.4177,2.69712038,0.000186184,0.001024867
494.9076,2.692139246,0.00018584,0.001022974
495.398,2.687168057,0.000185497,0.001021085
495.8889,2.68220672,0.000185155,0.0010192
496.3803,2.677255303,0.000184813,0.001017318
496.8722,2.672313946,0.000184472,0.001015441
497.3646,2.667701306,0.000184153,0.001013688
497.8574,2.663140538,0.000183838,0.001011955
498.3508,2.658588689,0.000183524,0.001010225
498.8446,2.654045404,0.000183211,0.001008499
499.3389,2.649510987,0.000182898,0.001006776
499.8337,2.644985116,0.000182585,0.001005056
500.3291,2.64050946,0.000182276,0.001003356
500.8248,2.636052976,0.000181969,0.001001662
501.3211,2.631604896,0.000181662,0.000999972
501.8179,2.62716537,0.000181355,0.000998285
502.3152,2.622734107,0.000181049,0.000996601
502.8129,2.618311295,0.000180744,0.000994921
503.3112,2.613896676,0.000180439,0.000993243
503.81,2.609490626,0.000180135,0.000991569
504.3092,2.60509287,0.000179831,0.000989898
504.8089,2.600703275,0.000179528,0.00098823
505.3092,2.596321981,0.000179226,0.000986565
505.8099,2.591949081,0.000178924,0.000984903
506.3111,2.587584436,0.000178623,0.000983245
506.8129,2.583227951,0.000178322,0.000981589
507.3151,2.578879563,0.000178022,0.000979937
507.8178,2.574539624,0.000177722,0.000978288
508.321,2.570207791,0.000177423,0.000976642
508.8247,2.565884183,0.000177125,0.000974999
509.3289,2.561568646,0.000176827,0.000973359
509.8336,2.557261279,0.00017653,0.000971722
510.3389,2.552961949,0.000176233,0.000970089
510.8446,2.548670755,0.000175937,0.000968458
511.3508,2.544387568,0.000175641,0.000966831
511.8575,2.540112399,0.000175346,0.000965206
512.3647,2.535845478,0.000175051,0.000963585
512.8725,2.531586343,0.000174757,0.000961966
513.3807,2.527335293,0.000174464,0.000960351
513.8894,2.52309224,0.000174171,0.000958739
514.3986,2.518857034,0.000173878,0.000957129
514.9084,2.514629875,0.000173587,0.000955523
515.4186,2.510410698,0.000173295,0.00095392
515.9294,2.50619932,0.000173005,0.00095232
516.4406,2.501995776,0.000172715,0.000950722
516.9524,2.497800208,0.000172425,0.000949128
517.4646,2.493612571,0.000172136,0.000947537
517.9774,2.489432692,0.000171847,0.000945949
518.4907,2.485260605,0.000171559,0.000944363
519.0045,2.481096434,0.000171272,0.000942781
519.5188,2.476939948,0.000170985,0.000941202
520.0336,2.472791357,0.000170699,0.000939625
520.5489,2.468650426,0.000170413,0.000938052
521.0648,2.464517382,0.000170127,0.000936481
521.5811,2.46039189,0.000169843,0.000934913
522.098,2.456274328,0.000169558,0.000933349
522.6153,2.452164194,0.000169275,0.000931787
523.1332,2.448061995,0.000168991,0.000930228
523.6516,2.443967271,0.000168709,0.000928672
524.1705,2.439880167,0.000168427,0.000927119
524.6899,2.43580074,0.000168145,0.000925569
525.2099,2.431728928,0.000167864,0.000924022
525.7303,2.42766484,0.000167583,0.000922478
526.2513,2.423608205,0.000167303,0.000920936
526.7728,2.419559068,0.000167024,0.000919398
527.2948,2.415517709,0.000166745,0.000917862
527.8173,2.411483685,0.000166466,0.000916329
528.3403,2.407457294,0.000166188,0.000914799
528.8639,2.403438413,0.000165911,0.000913272
529.3879,2.399426742,0.000165634,0.000911748
529.9125,2.395422766,0.000165358,0.000910226
530.4376,2.391426203,0.000165082,0.000908708
530.9633,2.387437137,0.000164806,0.000907192
531.4894,2.38345521,0.000164532,0.000905679
532.0161,2.379480847,0.000164257,0.000904168
532.5433,2.37551385,0.000163983,0.000902661
533.071,2.371554023,0.00016371,0.000901156
533.5993,2.367601727,0.000163437,0.000899655
534.128,2.363656844,0.000163165,0.000898156
534.6573,2.359719124,0.000162893,0.000896659
535.1871,2.355788749,0.000162622,0.000895166
535.7175,2.351865655,0.000162351,0.000893675
536.2483,2.347949843,0.000162081,0.000892187
536.7797,2.344041289,0.000161811,0.000890702
537.3116,2.340139992,0.000161542,0.00088922
537.8441,2.336246064,0.000161273,0.00088774
538.377,2.332359343,0.000161004,0.000886263
538.9105,2.328479736,0.000160737,0.000884789
539.4446,2.324607357,0.000160469,0.000883317
539.9791,2.320742152,0.000160202,0.000881849
540.5142,2.316884024,0.000159936,0.000880383
541.0498,2.31303304,0.00015967,0.000878919
541.586,2.309189283,0.000159405,0.000877459
542.1226,2.30535253,0.00015914,0.000876001
542.6599,2.301719566,0.000158889,0.00087462
543.1976,2.298094308,0.000158639,0.000873243
543.7359,2.294475339,0.000158389,0.000871868
544.2747,2.290862781,0.00015814,0.000870495
544.814,2.287256486,0.000157891,0.000869125
545.3539,2.283656533,0.000157642,0.000867757
545.8943,2.280063129,0.000157394,0.000866391
546.4353,2.276475902,0.000157147,0.000865028
546.9767,2.272894962,0.0001569,0.000863667
547.5188,2.269320321,0.000156653,0.000862309
548.0613,2.265752093,0.000156406,0.000860953
548.6044,2.262227361,0.000156163,0.000859614
549.1481,2.258713008,0.000155921,0.000858278
549.6922,2.255204802,0.000155678,0.000856945
550.2369,2.2517027,0.000155437,0.000855615
550.7822,2.248206764,0.000155195,0.000854286
551.328,2.244716874,0.000154954,0.00085296
551.8743,2.241233057,0.000154714,0.000851636
552.4212,2.237755207,0.000154474,0.000850315
552.9686,2.234283468,0.000154234,0.000848996
553.5166,2.230817692,0.000153995,0.000847679
554.0651,2.227357816,0.000153756,0.000846364
554.6141,2.223904109,0.000153518,0.000845052
555.1637,2.220456361,0.00015328,0.000843741
555.7138,2.217014517,0.000153042,0.000842434
556.2645,2.21357856,0.000152805,0.000841128
556.8157,2.210148688,0.000152568,0.000839825
557.3675,2.206724759,0.000152332,0.000838524
557.9198,2.203306611,0.000152096,0.000837225
558.4727,2.199894452,0.00015186,0.000835928
559.0261,2.196488188,0.000151625,0.000834634
559.58,2.193087792,0.00015139,0.000833342
560.1346,2.18969332,0.000151156,0.000832052
560.6896,2.186304623,0.000150922,0.000830764
561.2452,2.182921808,0.000150689,0.000829479
561.8014,2.179544847,0.000150456,0.000828196
562.3581,2.176173744,0.000150223,0.000826915
562.9154,2.172808474,0.00014999,0.000825636
563.4732,2.169449058,0.000149759,0.000824359
564.0315,2.166095482,0.000149527,0.000823085
564.5905,2.162747533,0.000149296,0.000821813
565.1499,2.159405543,0.000149065,0.000820543
565.71,2.156069187,0.000148835,0.000819275
566.2705,2.152738585,0.000148605,0.00081801
566.8317,2.149413694,0.000148376,0.000816746
567.3934,2.146094578,0.000148146,0.000815485
567.9556,2.142781184,0.000147918,0.000814226
568.5184,2.139473393,0.000147689,0.000812969
569.0818,2.136171312,0.000147461,0.000811714
569.6457,2.132874893,0.000147234,0.000810462
570.2102,2.129584121,0.000147007,0.000809211
570.7753,2.1262991,0.00014678,0.000807963
571.3409,2.123019601,0.000146554,0.000806717
571.907,2.119745734,0.000146328,0.000805473
572.4738,2.116477596,0.000146102,0.000804231
573.041,2.113214966,0.000145877,0.000802991
573.6089,2.109957875,0.000145652,0.000801754
574.1773,2.106678599,0.000145425,0.000800508
574.7463,2.103432735,0.000145201,0.000799274
575.3158,2.100192564,0.000144978,0.000798043
575.8859,2.096957953,0.000144754,0.000796814
576.4566,2.093728854,0.000144532,0.000795587
577.0278,2.090505335,0.000144309,0.000794362
577.5996,2.087287335,0.000144087,0.000793139
578.172,2.084074774,0.000143865,0.000791918
578.7449,2.0808678,0.000143644,0.0007907
579.3184,2.077666193,0.000143423,0.000789483
579.8925,2.0744702,0.000143202,0.000788269
580.4671,2.071279543,0.000142982,0.000787056
581.0423,2.068094426,0.000142762,0.000785846
581.6181,2.064914742,0.000142543,0.000784638
582.1945,2.061740434,0.000142323,0.000783432
582.7714,2.058571692,0.000142105,0.000782228
583.3489,2.055408342,0.000141886,0.000781026
583.9269,2.052250348,0.000141668,0.000779826
584.5056,2.049097743,0.000141451,0.000778628
585.0848,2.045950621,0.000141233,0.000777432
585.6646,2.04280877,0.000141017,0.000776238
586.2449,2.039672236,0.0001408,0.000775046
586.8258,2.036541134,0.000140584,0.000773856
587.4073,2.033415379,0.000140368,0.000772669
587.9894,2.030294853,0.000140153,0.000771483
588.5721,2.027179763,0.000139938,0.000770299
589.1553,2.024069985,0.000139723,0.000769117
589.7392,2.02096558,0.000139509,0.000767938
590.3235,2.017866311,0.000139295,0.00076676
590.9085,2.014772477,0.000139081,0.000765585
591.4941,2.011603014,0.000138862,0.00076438
592.0802,2.008328984,0.000138636,0.000763136
592.6669,2.005060825,0.000138411,0.000761894
593.2542,2.001798214,0.000138186,0.000760654
593.8421,1.99854137,0.000137961,0.000759417
594.4306,1.99529014,0.000137736,0.000758182
595.0196,1.992044625,0.000137512,0.000756948
595.6092,1.988804782,0.000137289,0.000755717
596.1994,1.985570481,0.000137065,0.000754488
596.7902,1.982341918,0.000136842,0.000753261
597.3816,1.979119016,0.00013662,0.000752037
597.9736,1.975901596,0.000136398,0.000750814
598.5661,1.972704964,0.000136177,0.000749599
599.1593,1.969517625,0.000135957,0.000748388
599.753,1.966335731,0.000135738,0.000747179
600.3473,1.963159364,0.000135518,0.000745972
600.9422,1.959988471,0.000135299,0.000744767
601.5377,1.956823129,0.000135081,0.000743565
602.1338,1.9536632,0.000134863,0.000742364
602.7305,1.950508728,0.000134645,0.000741165
603.3278,1.947359717,0.000134428,0.000739969
603.9256,1.944216129,0.000134211,0.000738774
604.5241,1.941077971,0.000133994,0.000737582
605.1231,1.937945201,0.000133778,0.000736391
605.7228,1.934817946,0.000133562,0.000735203
606.323,1.931696097,0.000133346,0.000734017
606.9238,1.928579456,0.000133131,0.000732832
607.5253,1.925468367,0.000132916,0.00073165
608.1273,1.922362594,0.000132702,0.00073047
608.7299,1.919262213,0.000132488,0.000729292
609.3331,1.916167127,0.000132274,0.000728116
609.9369,1.913077503,0.000132061,0.000726942
610.5413,1.90999322,0.000131848,0.00072577
611.1463,1.906914252,0.000131636,0.0007246
611.752,1.903840535,0.000131423,0.000723432
612.3582,1.900772233,0.000131212,0.000722266
612.965,1.897709166,0.000131,0.000721102
613.5724,1.894651317,0.000130789,0.00071994
614.1804,1.891598849,0.000130578,0.00071878
614.789,1.888551511,0.000130368,0.000717622
615.3982,1.885509484,0.000130158,0.000716466
616.008,1.882472695,0.000129948,0.000715313
616.6185,1.879441178,0.000129739,0.000714161
617.2295,1.876414834,0.00012953,0.000713011
617.8411,1.873393626,0.000129322,0.000711863
618.4534,1.870377666,0.000129113,0.000710717
619.0662,1.867366858,0.000128906,0.000709573
619.6797,1.86436134,0.000128698,0.00070843
620.2938,1.861367708,0.000128492,0.000707293
620.9084,1.858383643,0.000128286,0.000706159
621.5237,1.855404614,0.00012808,0.000705027
622.1396,1.852430637,0.000127875,0.000703897
622.7561,1.84946196,0.00012767,0.000702769
623.3732,1.846498182,0.000127465,0.000701643
623.9909,1.843539566,0.000127261,0.000700518
624.6093,1.840586005,0.000127057,0.000699396
625.2282,1.837637657,0.000126853,0.000698276
625.8478,1.834694105,0.00012665,0.000697157
626.468,1.831755732,0.000126447,0.000696041
627.0888,1.828822406,0.000126245,0.000694926
627.7102,1.825894009,0.000126043,0.000693813
628.3322,1.822970713,0.000125841,0.000692703
628.9548,1.820052392,0.000125639,0.000691594
629.5781,1.817139012,0.000125438,0.000690487
630.202,1.814230589,0.000125238,0.000689382
630.8264,1.811327145,0.000125037,0.000688278
631.4516,1.808428681,0.000124837,0.000687177
632.0773,1.805535251,0.000124637,0.000686077
632.7036,1.802646732,0.000124438,0.00068498
633.3306,1.799763012,0.000124239,0.000683884
633.9582,1.796884295,0.00012404,0.00068279
634.5864,1.794010462,0.000123842,0.000681698
635.2152,1.79114161,0.000123644,0.000680608
635.8447,1.788277554,0.000123446,0.00067952
636.4748,1.785418388,0.000123249,0.000678433
637.1055,1.782564207,0.000123052,0.000677349
637.7368,1.779714753,0.000122855,0.000676266
638.3688,1.776880854,0.000122659,0.000675189
639.0014,1.774052468,0.000122464,0.000674114
639.6346,1.771228857,0.000122269,0.000673041
640.2684,1.768410127,0.000122075,0.00067197
640.9029,1.765596108,0.00012188,0.000670901
641.538,1.76278691,0.000121686,0.000669834
642.1737,1.75998243,0.000121493,0.000668768
642.8101,1.757182677,0.0001213,0.000667704
643.447,1.75438777,0.000121107,0.000666642
644.0847,1.751597519,0.000120914,0.000665582
644.7229,1.748812025,0.000120722,0.000664523
645.3618,1.745920182,0.000120522,0.000663425
646.0013,1.742893961,0.000120313,0.000662275
646.6414,1.739873196,0.000120105,0.000661127
647.2822,1.736857833,0.000119897,0.000659981
647.9236,1.733848069,0.000119689,0.000658837
648.5657,1.730843759,0.000119481,0.000657696
649.2084,1.727844844,0.000119274,0.000656556
649.8517,1.724851358,0.000119068,0.000655419
650.4957,1.721863292,0.000118861,0.000654283
651.1403,1.718880695,0.000118656,0.00065315
651.7855,1.715903565,0.00011845,0.000652019
652.4314,1.712931741,0.000118245,0.000650889
653.0779,1.709965397,0.00011804,0.000649762
653.7251,1.70700444,0.000117836,0.000648637
654.3729,1.704048833,0.000117632,0.000647514
655.0213,1.701098668,0.000117428,0.000646393
655.6704,1.698153706,0.000117225,0.000645274
656.3201,1.695214248,0.000117022,0.000644157
656.9705,1.692279942,0.000116819,0.000643042
657.6215,1.689351094,0.000116617,0.000641929
658.2732,1.686431939,0.000116416,0.00064082
658.9255,1.683519054,0.000116214,0.000639713
659.5785,1.680611373,0.000116014,0.000638608
660.2321,1.677708953,0.000115813,0.000637505
660.8863,1.674811822,0.000115613,0.000636404
661.5412,1.671919838,0.000115414,0.000635305
662.1967,1.669033132,0.000115215,0.000634209
662.8529,1.666151523,0.000115016,0.000633114
663.5098,1.66327526,0.000114817,0.000632021
664.1673,1.660404174,0.000114619,0.00063093
664.8254,1.657538223,0.000114421,0.000629841
665.4842,1.65467748,0.000114224,0.000628754
666.1437,1.651821928,0.000114026,0.000627669
666.8038,1.648971423,0.00011383,0.000626585
667.4646,1.646126178,0.000113633,0.000625504
668.126,1.643286065,0.000113437,0.000624425
668.788,1.640451118,0.000113241,0.000623348
669.4508,1.637621333,0.000113046,0.000622273
670.1142,1.634796665,0.000112851,0.000621199
670.7782,1.63197696,0.000112657,0.000620128
671.4429,1.629162529,0.000112462,0.000619058
672.1083,1.626353099,0.000112268,0.000617991
672.7743,1.623548687,0.000112075,0.000616925
673.441,1.620749348,0.000111881,0.000615861
674.1083,1.61795506,0.000111689,0.0006148
674.7763,1.615165854,0.000111496,0.00061374
675.445,1.612381645,0.000111304,0.000612682
676.1143,1.609602432,0.000111112,0.000611626
676.7843,1.606828212,0.00011092,0.000610572
677.4549,1.604059046,0.000110729,0.000609519
678.1262,1.601298083,0.000110539,0.00060847
678.7982,1.598547797,0.000110349,0.000607425
679.4709,1.595802411,0.000110159,0.000606382
680.1442,1.593062022,0.00010997,0.000605341
680.8182,1.590326551,0.000109781,0.000604301
681.4928,1.587595909,0.000109593,0.000603264
682.1681,1.584870246,0.000109405,0.000602228
682.8441,1.582149354,0.000109217,0.000601194
683.5208,1.579433437,0.000109029,0.000600162
684.1981,1.576722374,0.000108842,0.000599132
684.8761,1.574016176,0.000108655,0.000598103
685.5548,1.57131483,0.000108469,0.000597077
686.2341,1.568618353,0.000108283,0.000596052
686.9141,1.565926627,0.000108097,0.00059503
687.5948,1.563239753,0.000107912,0.000594009
688.2762,1.560557722,0.000107726,0.000592989
688.9582,1.557880505,0.000107542,0.000591972
689.6409,1.555207995,0.000107357,0.000590957
690.3243,1.552540408,0.000107173,0.000589943
691.0084,1.549877483,0.000106989,0.000588931
691.6931,1.54721933,0.000106806,0.000587921
692.3786,1.544566105,0.000106622,0.000586913
693.0647,1.541917538,0.00010644,0.000585906
693.7515,1.53927373,0.000106257,0.000584902
694.4389,1.536634715,0.000106075,0.000583899
695.1271,1.534000418,0.000105893,0.000582898
695.8159,1.531370737,0.000105712,0.000581899
696.5054,1.528745897,0.00010553,0.000580901
697.1956,1.526125644,0.00010535,0.000579906
697.8865,1.523510096,0.000105169,0.000578912
698.578,1.520899271,0.000104989,0.00057792
699.2703,1.51829306,0.000104809,0.00057693
699.9632,1.515691571,0.000104629,0.000575941
700.6568,1.513105155,0.000104451,0.000574958
701.3511,1.510525407,0.000104273,0.000573978
702.0461,1.507950281,0.000104095,0.000572999
702.7418,1.505379799,0.000103917,0.000572023
703.4382,1.502813907,0.00010374,0.000571048
704.1353,1.500263121,0.000103564,0.000570078
704.833,1.497721588,0.000103389,0.000569113
705.5315,1.495184609,0.000103214,0.000568149
706.2306,1.492652182,0.000103039,0.000567186
706.9304,1.490124258,0.000102864,0.000566226
707.631,1.487600862,0.00010269,0.000565267
708.3322,1.485081977,0.000102516,0.00056431
709.0341,1.482567481,0.000102343,0.000563354
709.7367,1.480057567,0.000102169,0.000562401
710.44,1.477552099,0.000101996,0.000561449
711.144,1.475051148,0.000101824,0.000560498
711.8487,1.472554607,0.000101651,0.00055955
712.5541,1.470062469,0.000101479,0.000558603
713.2602,1.467574813,0.000101308,0.000557657
713.967,1.465091629,0.000101136,0.000556714
714.6745,1.462612826,0.000100965,0.000555772
715.3827,1.460138361,0.000100794,0.000554832
716.0916,1.457668366,0.000100624,0.000553893
716.8012,1.455202849,0.000100454,0.000552956
717.5115,1.452741599,0.000100284,0.000552021
718.2225,1.450284805,0.000100114,0.000551087
718.9342,1.44783238,9.99E-05,0.000550155
719.6467,1.445384307,9.98E-05,0.000549225
720.3598,1.442940579,9.96E-05,0.000548297
721.0736,1.44050127,9.94E-05,0.00054737
721.7881,1.438066174,9.93E-05,0.000546444
722.5034,1.435635474,9.91E-05,0.000545521
723.2194,1.433209006,9.89E-05,0.000544599
723.936,1.430786962,9.88E-05,0.000543678
724.6534,1.428369122,9.86E-05,0.00054276
725.3715,1.425955617,9.84E-05,0.000541843
726.0903,1.423546427,9.83E-05,0.000540927
726.8098,1.42114149,9.81E-05,0.000540013
727.53,1.41874074,9.79E-05,0.000539101
728.251,1.416344305,9.78E-05,0.00053819
728.9726,1.413924717,9.76E-05,0.000537271
729.695,1.411536843,9.74E-05,0.000536364
730.4181,1.409153305,9.73E-05,0.000535458
731.1419,1.406773899,9.71E-05,0.000534554
731.8664,1.404398727,9.69E-05,0.000533651
732.5916,1.402027707,9.68E-05,0.00053275
733.3176,1.399660984,9.66E-05,0.000531851
734.0442,1.397298404,9.65E-05,0.000530953
734.7716,1.394940028,9.63E-05,0.000530057
735.4997,1.392585898,9.61E-05,0.000529163
736.2286,1.390235791,9.60E-05,0.00052827
736.9581,1.387889921,9.58E-05,0.000527378
737.6884,1.385548239,9.56E-05,0.000526488
738.4194,1.383210628,9.55E-05,0.0005256
739.1511,1.380877177,9.53E-05,0.000524713
739.8836,1.378547853,9.52E-05,0.000523828
740.6168,1.376222778,9.50E-05,0.000522945
741.3507,1.373901626,9.48E-05,0.000522063
742.0853,1.371584738,9.47E-05,0.000521182
742.8207,1.369271835,9.45E-05,0.000520304
743.5568,1.3669631,9.44E-05,0.000519426
744.2936,1.364658364,9.42E-05,0.000518551
745.0311,1.362357769,9.40E-05,0.000517676
745.7694,1.360061248,9.39E-05,0.000516804
746.5084,1.357768708,9.37E-05,0.000515933
747.2482,1.355480273,9.36E-05,0.000515063
747.9886,1.353195937,9.34E-05,0.000514195
748.7299,1.35091556,9.33E-05,0.000513328
749.4718,1.348639313,9.31E-05,0.000512464
750.2145,1.346368254,9.29E-05,0.000511601
750.9579,1.344106333,9.28E-05,0.000510741
751.702,1.341848262,9.26E-05,0.000509883
752.4469,1.339594215,9.25E-05,0.000509027
753.1926,1.33734415,9.23E-05,0.000508172
753.9389,1.335098094,9.22E-05,0.000507318
754.686,1.332855891,9.20E-05,0.000506466
755.4339,1.330617656,9.19E-05,0.000505616
756.1825,1.328383453,9.17E-05,0.000504767
756.9318,1.326153139,9.15E-05,0.000503919
757.6819,1.323926592,9.14E-05,0.000503073
758.4327,1.321704149,9.12E-05,0.000502229
759.1843,1.319485555,9.11E-05,0.000501386
759.9366,1.317270856,9.09E-05,0.000500544
760.6896,1.315060031,9.08E-05,0.000499704
761.4434,1.312853158,9.06E-05,0.000498865
762.198,1.310650152,9.05E-05,0.000498028
762.9532,1.308450899,9.03E-05,0.000497193
763.7093,1.30625562,9.02E-05,0.000496358
764.4661,1.304064144,9.00E-05,0.000495526
765.2236,1.301876605,8.99E-05,0.000494694
765.9819,1.299692842,8.97E-05,0.000493865
766.7409,1.297512844,8.96E-05,0.000493036
767.5007,1.295336796,8.94E-05,0.000492209
768.2613,1.293206539,8.93E-05,0.0004914
769.0226,1.291095325,8.91E-05,0.000490598
769.7846,1.288987651,8.90E-05,0.000489797
770.5474,1.286883734,8.88E-05,0.000488997
771.311,1.28478339,8.87E-05,0.000488199
772.0753,1.28268657,8.85E-05,0.000487402
772.8404,1.280593562,8.84E-05,0.000486607
773.6062,1.278503998,8.83E-05,0.000485813
774.3728,1.276418111,8.81E-05,0.000485021
775.1402,1.274335812,8.80E-05,0.000484229
775.9083,1.272257126,8.78E-05,0.000483439
776.6772,1.270181958,8.77E-05,0.000482651
777.4468,1.268110396,8.75E-05,0.000481864
778.2172,1.266042415,8.74E-05,0.000481078
778.9884,1.263977933,8.73E-05,0.000480293
779.7603,1.261917061,8.71E-05,0.00047951
780.533,1.259859809,8.70E-05,0.000478729
781.3065,1.257805941,8.68E-05,0.000477948
782.0807,1.255755685,8.67E-05,0.000477169
782.8557,1.253708976,8.65E-05,0.000476391
783.6315,1.251665722,8.64E-05,0.000475615
784.408,1.249626041,8.63E-05,0.00047484
785.1853,1.247589779,8.61E-05,0.000474066
785.9634,1.245557138,8.60E-05,0.000473294
786.7422,1.243527879,8.58E-05,0.000472523
787.5218,1.241502178,8.57E-05,0.000471753
788.3022,1.239479993,8.56E-05,0.000470985
789.0834,1.237461206,8.54E-05,0.000470217
789.8653,1.235445781,8.53E-05,0.000469452
790.648,1.233434022,8.51E-05,0.000468687
791.4315,1.231425637,8.50E-05,0.000467924
792.2158,1.229420662,8.49E-05,0.000467162
793.0008,1.22741908,8.47E-05,0.000466402
793.7866,1.225421068,8.46E-05,0.000465642
794.5732,1.223426434,8.45E-05,0.000464884
795.3606,1.221435109,8.43E-05,0.000464128
796.1487,1.219447332,8.42E-05,0.000463372
796.9377,1.217462858,8.40E-05,0.000462618
797.7274,1.215481102,8.39E-05,0.000461865
798.5179,1.213502125,8.38E-05,0.000461113
799.3092,1.211526605,8.36E-05,0.000460363
800.1012,1.209554359,8.35E-05,0.000459613
800.8941,1.207585553,8.34E-05,0.000458865
801.6877,1.205620117,8.32E-05,0.000458118
802.4821,1.203658017,8.31E-05,0.000457373
803.2773,1.201699315,8.30E-05,0.000456628
804.0733,1.199743849,8.28E-05,0.000455885
804.8701,1.197791946,8.27E-05,0.000455144
805.6677,1.195843265,8.25E-05,0.000454403
806.4661,1.193897986,8.24E-05,0.000453664
807.2652,1.191956022,8.23E-05,0.000452926
808.0652,1.190017345,8.21E-05,0.000452189
808.8659,1.188081896,8.20E-05,0.000451454
809.6675,1.186149928,8.19E-05,0.00045072
810.4698,1.184221203,8.17E-05,0.000449987
811.2729,1.182295741,8.16E-05,0.000449255
812.0768,1.180373583,8.15E-05,0.000448525
812.8816,1.178454691,8.13E-05,0.000447796
813.6871,1.176539072,8.12E-05,0.000447068
814.4934,1.17462677,8.11E-05,0.000446341
815.3005,1.172717695,8.10E-05,0.000445616
816.1084,1.170811909,8.08E-05,0.000444892
816.9171,1.168909364,8.07E-05,0.000444169
817.7266,1.167010001,8.06E-05,0.000443447
818.537,1.165113984,8.04E-05,0.000442727
819.3481,1.163221105,8.03E-05,0.000442007
820.16,1.161331561,8.02E-05,0.000441289
820.9727,1.15944516,8.00E-05,0.000440572
821.7863,1.157562019,7.99E-05,0.000439857
822.6006,1.155682124,7.98E-05,0.000439143
823.4157,1.153805459,7.96E-05,0.000438429
824.2317,1.151931905,7.95E-05,0.000437718
825.0485,1.150061587,7.94E-05,0.000437007
825.866,1.148194456,7.93E-05,0.000436297
826.6844,1.146330552,7.91E-05,0.000435589
827.5036,1.144469739,7.90E-05,0.000434882
828.3236,1.142612165,7.89E-05,0.000434176
829.1444,1.140757695,7.87E-05,0.000433471
829.9661,1.138906488,7.86E-05,0.000432768
830.7885,1.137058275,7.85E-05,0.000432066
831.6118,1.135213389,7.84E-05,0.000431365
832.4358,1.133371607,7.82E-05,0.000430665
833.2607,1.131532866,7.81E-05,0.000429966
834.0864,1.129697295,7.80E-05,0.000429269
834.913,1.127864796,7.79E-05,0.000428572
835.7403,1.126035548,7.77E-05,0.000427877
836.5685,1.124209365,7.76E-05,0.000427183
837.3975,1.122402893,7.75E-05,0.000426497
838.2273,1.12064216,7.74E-05,0.000425828
839.0579,1.118884364,7.72E-05,0.00042516
839.8894,1.117129561,7.71E-05,0.000424493
840.7217,1.115377739,7.70E-05,0.000423827
841.5548,1.113628688,7.69E-05,0.000423163
842.3887,1.111882535,7.68E-05,0.000422499
843.2234,1.110139378,7.66E-05,0.000421837
844.059,1.108399138,7.65E-05,0.000421176
844.8954,1.106661685,7.64E-05,0.000420516
845.7327,1.104927211,7.63E-05,0.000419856
846.5707,1.103195472,7.62E-05,0.000419198
847.4096,1.101466769,7.60E-05,0.000418542
848.2494,1.09974088,7.59E-05,0.000417886
849.0899,1.098017799,7.58E-05,0.000417231
849.9313,1.096297706,7.57E-05,0.000416577
850.7736,1.094580419,7.56E-05,0.000415925
851.6166,1.092865871,7.54E-05,0.000415273
852.4605,1.091154306,7.53E-05,0.000414623
853.3053,1.089445621,7.52E-05,0.000413974
854.1508,1.087739613,7.51E-05,0.000413325
854.9972,1.08603653,7.50E-05,0.000412678
855.8445,1.084336223,7.49E-05,0.000412032
856.6926,1.082638817,7.47E-05,0.000411387
857.5415,1.080944102,7.46E-05,0.000410743
858.3913,1.079252339,7.45E-05,0.0004101
859.2419,1.077563276,7.44E-05,0.000409459
860.0934,1.075877091,7.43E-05,0.000408818
860.9457,1.074193628,7.42E-05,0.000408178
861.7988,1.072512964,7.40E-05,0.000407539
862.6528,1.070835132,7.39E-05,0.000406902
863.5076,1.06915998,7.38E-05,0.000406265
864.3633,1.067487633,7.37E-05,0.00040563
865.2198,1.065818054,7.36E-05,0.000404996
866.0772,1.064151332,7.35E-05,0.000404362
866.9354,1.062487249,7.33E-05,0.00040373
867.7945,1.060825946,7.32E-05,0.000403099
868.6545,1.059167359,7.31E-05,0.000402468
869.5152,1.057511637,7.30E-05,0.000401839
870.3769,1.055858555,7.29E-05,0.000401211
871.2394,1.054208252,7.28E-05,0.000400584
872.1027,1.052560595,7.27E-05,0.000399958
872.9669,1.050915774,7.25E-05,0.000399333
873.832,1.049273581,7.24E-05,0.000398709
874.6979,1.047634208,7.23E-05,0.000398086
875.5647,1.045997419,7.22E-05,0.000397464
876.4323,1.044363451,7.21E-05,0.000396843
877.3008,1.042732066,7.20E-05,0.000396223
878.1701,1.041103424,7.19E-05,0.000395604
879.0403,1.039477568,7.18E-05,0.000394987
879.9114,1.0378542,7.16E-05,0.00039437
880.7833,1.036233573,7.15E-05,0.000393754
881.6562,1.03461567,7.14E-05,0.000393139
882.5298,1.033000426,7.13E-05,0.000392525
883.4044,1.031387943,7.12E-05,0.000391913
884.2798,1.029778027,7.11E-05,0.000391301
885.156,1.028170751,7.10E-05,0.00039069
886.0332,1.026566135,7.09E-05,0.00039008
886.9112,1.024964179,7.08E-05,0.000389472
887.79,1.023364856,7.06E-05,0.000388864
888.6698,1.021768263,7.05E-05,0.000388257
889.5504,1.020174134,7.04E-05,0.000387651
890.4319,1.018582706,7.03E-05,0.000387047
891.3142,1.016993895,7.02E-05,0.000386443
892.1975,1.015407732,7.01E-05,0.00038584
893.0816,1.013824054,7.00E-05,0.000385239
893.9666,1.012243061,6.99E-05,0.000384638
894.8525,1.010664613,6.98E-05,0.000384038
895.7392,1.009088872,6.97E-05,0.000383439
896.6268,1.007515589,6.95E-05,0.000382841
897.5153,1.005944986,6.94E-05,0.000382245
898.4047,1.004376929,6.93E-05,0.000381649
899.295,1.002811451,6.92E-05,0.000381054
900.1861,1.001247167,6.91E-05,0.00038046
901.0781,0.999684087,6.90E-05,0.000379866
901.9711,0.998123649,6.89E-05,0.000379273
902.8649,0.996565762,6.88E-05,0.000378681
903.7595,0.995010411,6.87E-05,0.00037809
904.6551,0.99345757,6.86E-05,0.0003775
905.5516,0.991907378,6.85E-05,0.000376911
906.4489,0.990359771,6.84E-05,0.000376322
907.3471,0.988814545,6.83E-05,0.000375735
908.2463,0.987271955,6.82E-05,0.000375149
909.1463,0.985731956,6.80E-05,0.000374564
910.0472,0.984194499,6.79E-05,0.00037398
910.949,0.982659409,6.78E-05,0.000373396
911.8517,0.981126923,6.77E-05,0.000372814
912.7553,0.979596984,6.76E-05,0.000372233
913.6598,0.978153457,6.75E-05,0.000371684
914.5651,0.976741917,6.74E-05,0.000371148
915.4714,0.975332591,6.73E-05,0.000370612
916.3786,0.973925389,6.72E-05,0.000370078
917.2867,0.972520394,6.71E-05,0.000369544
918.1956,0.971117694,6.70E-05,0.000369011
919.1055,0.969717059,6.69E-05,0.000368479
920.0163,0.968318593,6.68E-05,0.000367947
920.928,0.966922364,6.67E-05,0.000367417
921.8406,0.965528266,6.67E-05,0.000366887
922.754,0.964136311,6.66E-05,0.000366358
923.6684,0.962746596,6.65E-05,0.00036583
924.5837,0.961358919,6.64E-05,0.000365303
925.4999,0.959973517,6.63E-05,0.000364776
926.4171,0.958568648,6.62E-05,0.000364242
927.3351,0.95718759,6.61E-05,0.000363718
928.254,0.95580865,6.60E-05,0.000363194
929.1739,0.954431857,6.59E-05,0.00036267
930.0946,0.953057118,6.58E-05,0.000362148
931.0163,0.951684586,6.57E-05,0.000361626
931.9389,0.950314138,6.56E-05,0.000361106
932.8623,0.948945821,6.55E-05,0.000360586
933.7868,0.947579657,6.54E-05,0.000360067
934.7121,0.946215501,6.53E-05,0.000359548
935.6383,0.9448535,6.52E-05,0.000359031
936.5655,0.943493661,6.51E-05,0.000358514
937.4936,0.942135801,6.50E-05,0.000357998
938.4226,0.940780195,6.49E-05,0.000357483
939.3525,0.939426579,6.48E-05,0.000356969
940.2833,0.938075046,6.48E-05,0.000356455
941.2151,0.936725668,6.47E-05,0.000355942
942.1478,0.935378317,6.46E-05,0.00035543
943.0814,0.934033062,6.45E-05,0.000354919
944.0159,0.932689893,6.44E-05,0.000354409
944.9514,0.931348922,6.43E-05,0.000353899
945.8878,0.930010108,6.42E-05,0.00035339
946.8251,0.928673202,6.41E-05,0.000352882
947.7633,0.927338469,6.40E-05,0.000352375
948.7025,0.926005732,6.39E-05,0.000351869
949.6426,0.924675017,6.38E-05,0.000351363
950.5836,0.923346444,6.37E-05,0.000350858
951.5256,0.922019913,6.36E-05,0.000350354
952.4685,0.92069546,6.36E-05,0.000349851
953.4124,0.919372923,6.35E-05,0.000349348
954.3571,0.918052453,6.34E-05,0.000348847
955.3028,0.916734051,6.33E-05,0.000348346
956.2495,0.915417545,6.32E-05,0.000347845
957.1971,0.914103114,6.31E-05,0.000347346
958.1456,0.912790599,6.30E-05,0.000346847
959.0951,0.911480209,6.29E-05,0.000346349
960.0455,0.910171735,6.28E-05,0.000345852
960.9968,0.908865327,6.27E-05,0.000345356
961.9491,0.907561018,6.26E-05,0.00034486
962.9023,0.906258526,6.26E-05,0.000344365
963.8565,0.904958227,6.25E-05,0.000343871
964.8116,0.903659835,6.24E-05,0.000343378
965.7677,0.902363398,6.23E-05,0.000342885
966.7247,0.901069161,6.22E-05,0.000342393
967.6827,0.899776874,6.21E-05,0.000341902
968.6416,0.898486598,6.20E-05,0.000341412
969.6015,0.897198321,6.19E-05,0.000340922
970.5623,0.895912027,6.18E-05,0.000340434
971.524,0.894627661,6.18E-05,0.000339946
972.4868,0.893345372,6.17E-05,0.000339458
973.4504,0.892064951,6.16E-05,0.000338972
974.4151,0.890786509,6.15E-05,0.000338486
975.3806,0.889510063,6.14E-05,0.000338001
976.3472,0.888235514,6.13E-05,0.000337517
977.3147,0.886962994,6.12E-05,0.000337033
978.2832,0.885692344,6.11E-05,0.00033655
979.2526,0.884423564,6.11E-05,0.000336068
980.2229,0.883156699,6.10E-05,0.000335587
981.1943,0.881891844,6.09E-05,0.000335106
982.1666,0.880628849,6.08E-05,0.000334626
983.1399,0.879367956,6.07E-05,0.000334147
984.1141,0.878108756,6.06E-05,0.000333669
985.0893,0.87685165,6.05E-05,0.000333191
986.0654,0.875596478,6.04E-05,0.000332714
987.0426,0.874343206,6.04E-05,0.000332238
988.0207,0.873091728,6.03E-05,0.000331762
988.9997,0.871842322,6.02E-05,0.000331288
989.9798,0.870594807,6.01E-05,0.000330813
990.9608,0.869349138,6.00E-05,0.00033034
991.9428,0.868105423,5.99E-05,0.000329868
992.9257,0.866863606,5.98E-05,0.000329396
993.9097,0.865623676,5.98E-05,0.000328925
994.8946,0.864385633,5.97E-05,0.000328454
995.8804,0.863149522,5.96E-05,0.000327984
996.8673,0.861926005,5.95E-05,0.000327519
997.8551,0.860744237,5.94E-05,0.00032707
998.8439,0.859564424,5.93E-05,0.000326622
999.8337,0.858386174,5.93E-05,0.000326174
1000.825,0.857210747,5.92E-05,0.000325728
1001.816,0.856037089,5.91E-05,0.000325282
1002.809,0.854865282,5.90E-05,0.000324836
1003.803,0.85369511,5.89E-05,0.000324392
1004.797,0.852526625,5.89E-05,0.000323948
1005.793,0.851359998,5.88E-05,0.000323505
1006.79,0.850194926,5.87E-05,0.000323062
1007.787,0.849031663,5.86E-05,0.00032262
1008.786,0.847870101,5.85E-05,0.000322178
1009.786,0.846710204,5.84E-05,0.000321738
1010.786,0.845552085,5.84E-05,0.000321298
1011.788,0.844395544,5.83E-05,0.000320858
1012.791,0.843240773,5.82E-05,0.000320419
1013.794,0.842087703,5.81E-05,0.000319981
1014.799,0.84093633,5.81E-05,0.000319544
1015.804,0.839786586,5.80E-05,0.000319107
1016.811,0.838638542,5.79E-05,0.000318671
1017.819,0.83749228,5.78E-05,0.000318235
1018.827,0.836347672,5.77E-05,0.0003178
1019.837,0.835204651,5.77E-05,0.000317366
1020.847,0.834063307,5.76E-05,0.000316932
1021.859,0.832923773,5.75E-05,0.000316499
1022.872,0.831785785,5.74E-05,0.000316067
1023.885,0.830649497,5.73E-05,0.000315635
1024.9,0.829514876,5.73E-05,0.000315204
1025.915,0.828381889,5.72E-05,0.000314773
1026.932,0.827250658,5.71E-05,0.000314343
1027.95,0.826120951,5.70E-05,0.000313914
1028.968,0.824992947,5.69E-05,0.000313485
1029.988,0.823866688,5.69E-05,0.000313057
1031.009,0.822741978,5.68E-05,0.00031263
1032.03,0.821618967,5.67E-05,0.000312203
1033.053,0.820497526,5.66E-05,0.000311777
1034.077,0.819377811,5.66E-05,0.000311352
1035.101,0.818259629,5.65E-05,0.000310927
1036.127,0.817143114,5.64E-05,0.000310503
1037.154,0.816028285,5.63E-05,0.000310079
1038.182,0.814915035,5.63E-05,0.000309656
1039.21,0.813803521,5.62E-05,0.000309234
1040.24,0.812693451,5.61E-05,0.000308812
1041.271,0.811585139,5.60E-05,0.000308391
1042.303,0.810478421,5.59E-05,0.00030797
1043.336,0.809373358,5.59E-05,0.00030755
1044.37,0.808269846,5.58E-05,0.000307131
1045.404,0.807167904,5.57E-05,0.000306712
1046.44,0.806067613,5.56E-05,0.000306294
1047.477,0.804968987,5.56E-05,0.000305877
1048.515,0.803871948,5.55E-05,0.00030546
1049.554,0.802776413,5.54E-05,0.000305043
1050.594,0.801682496,5.53E-05,0.000304628
1051.635,0.800590249,5.53E-05,0.000304213
1052.678,0.799499566,5.52E-05,0.000303798
1053.721,0.798410509,5.51E-05,0.000303384
1054.765,0.797322967,5.50E-05,0.000302971
1055.81,0.796237019,5.50E-05,0.000302559
1056.856,0.795152713,5.49E-05,0.000302147
1057.904,0.794069857,5.48E-05,0.000301735
1058.952,0.792988767,5.47E-05,0.000301324
1060.001,0.791909146,5.47E-05,0.000300914
1061.052,0.790831116,5.46E-05,0.000300504
1062.103,0.789754661,5.45E-05,0.000300095
1063.156,0.788679754,5.44E-05,0.000299687
1064.209,0.787606384,5.44E-05,0.000299279
1065.264,0.786534609,5.43E-05,0.000298872
1066.319,0.78546442,5.42E-05,0.000298465
1067.376,0.784395783,5.41E-05,0.000298059
1068.434,0.783328673,5.41E-05,0.000297654
1069.492,0.78226311,5.40E-05,0.000297249
1070.552,0.781199117,5.39E-05,0.000296844
1071.613,0.780136696,5.39E-05,0.000296441
1072.675,0.779075809,5.38E-05,0.000296038
1073.738,0.778016388,5.37E-05,0.000295635
1074.802,0.776958555,5.36E-05,0.000295233
1075.867,0.775902318,5.36E-05,0.000294832
1076.933,0.774847547,5.35E-05,0.000294431
1078,0.773794382,5.34E-05,0.000294031
1079.069,0.772742644,5.33E-05,0.000293631
1080.138,0.771692543,5.33E-05,0.000293232
1081.208,0.770643817,5.32E-05,0.000292834
1082.28,0.769596805,5.31E-05,0.000292436
1083.352,0.768551153,5.31E-05,0.000292038
1084.426,0.767507068,5.30E-05,0.000291642
1085.5,0.766464505,5.29E-05,0.000291245
1086.576,0.765423457,5.28E-05,0.00029085
1087.653,0.764388672,5.28E-05,0.000290457
1088.73,0.763355614,5.27E-05,0.000290064
1089.809,0.762324134,5.26E-05,0.000289672
1090.889,0.761293979,5.26E-05,0.000289281
1091.97,0.760265396,5.25E-05,0.00028889
1093.052,0.75923825,5.24E-05,0.0002885
1094.135,0.758212594,5.23E-05,0.00028811
1095.22,0.757188446,5.23E-05,0.000287721
1096.305,0.756165718,5.22E-05,0.000287332
1097.391,0.755144453,5.21E-05,0.000286944
1098.479,0.754124684,5.21E-05,0.000286557
1099.567,0.75310627,5.20E-05,0.00028617
1100.657,0.752089436,5.19E-05,0.000285783
1101.748,0.751074063,5.18E-05,0.000285397
1102.839,0.75006018,5.18E-05,0.000285012
1103.932,0.749047656,5.17E-05,0.000284627
1105.026,0.748036673,5.16E-05,0.000284243
1106.121,0.747027016,5.16E-05,0.00028386
1107.217,0.746018838,5.15E-05,0.000283476
1108.314,0.74501224,5.14E-05,0.000283094
1109.413,0.744006948,5.14E-05,0.000282712
1110.512,0.743003162,5.13E-05,0.000282331
1111.612,0.742000731,5.12E-05,0.00028195
1112.714,0.740999729,5.12E-05,0.000281569
1113.817,0.740000292,5.11E-05,0.000281189
1114.92,0.739002274,5.10E-05,0.00028081
1116.025,0.738005559,5.09E-05,0.000280431
1117.131,0.737010348,5.09E-05,0.000280053
1118.238,0.736016472,5.08E-05,0.000279676
1119.346,0.735024177,5.07E-05,0.000279299
1120.455,0.734033184,5.07E-05,0.000278922
1121.566,0.733043668,5.06E-05,0.000278546
1122.677,0.732055508,5.05E-05,0.000278171
1123.79,0.731068804,5.05E-05,0.000277796
1124.903,0.730083532,5.04E-05,0.000277421
1126.018,0.729099627,5.03E-05,0.000277047
1127.134,0.728117204,5.03E-05,0.000276674
1128.251,0.727136137,5.02E-05,0.000276301
1129.369,0.726156413,5.01E-05,0.000275929
1130.488,0.725178068,5.01E-05,0.000275557
1131.608,0.724201247,5.00E-05,0.000275186
1132.729,0.723225727,4.99E-05,0.000274815
1133.852,0.722251627,4.99E-05,0.000274445
1134.975,0.721279024,4.98E-05,0.000274076
1136.1,0.720307623,4.97E-05,0.000273707
1137.226,0.719337776,4.97E-05,0.000273338
1138.353,0.718369229,4.96E-05,0.00027297
1139.481,0.717402013,4.95E-05,0.000272602
1140.61,0.716436207,4.95E-05,0.000272235
1141.74,0.71547185,4.94E-05,0.000271869
1142.872,0.714508821,4.93E-05,0.000271503
1144.004,0.713547191,4.93E-05,0.000271138
1145.138,0.712586935,4.92E-05,0.000270773
1146.273,0.71162797,4.91E-05,0.000270408
1147.409,0.710670473,4.91E-05,0.000270045
1148.546,0.709714293,4.90E-05,0.000269681
1149.684,0.708759488,4.89E-05,0.000269318
1150.823,0.707805996,4.89E-05,0.000268956
1151.963,0.706853936,4.88E-05,0.000268594
1153.105,0.705903107,4.87E-05,0.000268233
1154.248,0.704953779,4.87E-05,0.000267872
1155.391,0.704005777,4.86E-05,0.000267512
1156.536,0.703059109,4.85E-05,0.000267152
1157.682,0.70211375,4.85E-05,0.000266793
1158.829,0.701169713,4.84E-05,0.000266434
1159.978,0.700227159,4.83E-05,0.000266076
1161.127,0.699285826,4.83E-05,0.000265719
1162.278,0.6983459,4.82E-05,0.000265361
1163.43,0.697407254,4.81E-05,0.000265005
1164.583,0.696469979,4.81E-05,0.000264649
1165.737,0.695534025,4.80E-05,0.000264293
1166.892,0.694599412,4.79E-05,0.000263938
1168.048,0.693666144,4.79E-05,0.000263583
1169.206,0.692734142,4.78E-05,0.000263229
1170.364,0.691803549,4.78E-05,0.000262875
1171.524,0.690874225,4.77E-05,0.000262522
1172.685,0.689946304,4.76E-05,0.00026217
1173.847,0.68901959,4.76E-05,0.000261818
1175.01,0.6880942,4.75E-05,0.000261466
1176.174,0.687158637,4.74E-05,0.00026111
1177.34,0.686235971,4.74E-05,0.00026076
1178.507,0.685314558,4.73E-05,0.00026041
1179.674,0.684394474,4.72E-05,0.00026006
1180.843,0.683475765,4.72E-05,0.000259711
1182.014,0.682558299,4.71E-05,0.000259362
1183.185,0.681642132,4.71E-05,0.000259014
1184.357,0.680727225,4.70E-05,0.000258667
1185.531,0.679811299,4.69E-05,0.000258319
1186.706,0.678885792,4.69E-05,0.000257967
1187.882,0.677961509,4.68E-05,0.000257616
1189.059,0.677038582,4.67E-05,0.000257265
1190.237,0.676117071,4.67E-05,0.000256915
1191.417,0.675196715,4.66E-05,0.000256565
1192.597,0.674277762,4.65E-05,0.000256216
1193.779,0.67336001,4.65E-05,0.000255867
1194.962,0.672443711,4.64E-05,0.000255519
1196.146,0.67152865,4.64E-05,0.000255171
1197.331,0.670614879,4.63E-05,0.000254824
1198.518,0.669702389,4.62E-05,0.000254477
1199.706,0.668791222,4.62E-05,0.000254131
1200.894,0.667880051,4.61E-05,0.000253785
1202.084,0.666969102,4.60E-05,0.000253439
1203.276,0.666059619,4.60E-05,0.000253093
1204.468,0.66515132,4.59E-05,0.000252748
1205.661,0.664244315,4.59E-05,0.000252403
1206.856,0.663338599,4.58E-05,0.000252059
1208.052,0.662434172,4.57E-05,0.000251715
1209.249,0.661531058,4.57E-05,0.000251372
1210.448,0.660629341,4.56E-05,0.00025103
1211.647,0.659728737,4.55E-05,0.000250687
1212.848,0.658829426,4.55E-05,0.000250346
1214.05,0.657931577,4.54E-05,0.000250005
1215.253,0.657034788,4.54E-05,0.000249664
1216.457,0.656139399,4.53E-05,0.000249324
1217.662,0.655245262,4.52E-05,0.000248984
1218.869,0.654352393,4.52E-05,0.000248644
1220.077,0.653460822,4.51E-05,0.000248306
1221.286,0.652570478,4.50E-05,0.000247967
1222.496,0.651681469,4.50E-05,0.00024763
1223.707,0.650793595,4.49E-05,0.000247292
1224.92,0.649907041,4.49E-05,0.000246955
1226.134,0.649021748,4.48E-05,0.000246619
1227.349,0.648137803,4.47E-05,0.000246283
1228.565,0.647255025,4.47E-05,0.000245948
1229.782,0.64637361,4.46E-05,0.000245613
1231.001,0.645493326,4.46E-05,0.000245278
1232.221,0.644614274,4.45E-05,0.000244944
1233.442,0.643736586,4.44E-05,0.000244611
1234.664,0.642860091,4.44E-05,0.000244278
1235.888,0.641984927,4.43E-05,0.000243945
1237.112,0.641110864,4.43E-05,0.000243613
1238.338,0.640238054,4.42E-05,0.000243281
1239.565,0.639366587,4.41E-05,0.00024295
1240.794,0.638497636,4.41E-05,0.00024262
1242.023,0.637630376,4.40E-05,0.00024229
1243.254,0.636764207,4.40E-05,0.000241961
1244.486,0.635899442,4.39E-05,0.000241633
1245.719,0.635035796,4.38E-05,0.000241304
1246.954,0.634173453,4.38E-05,0.000240977
1248.189,0.633312162,4.37E-05,0.00024065
1249.426,0.632452216,4.37E-05,0.000240323
1250.664,0.631593487,4.36E-05,0.000239996
1251.904,0.630735897,4.35E-05,0.000239671
1253.144,0.629879598,4.35E-05,0.000239345
1254.386,0.629024541,4.34E-05,0.00023902
1255.629,0.628170681,4.34E-05,0.000238696
1256.873,0.62731798,4.33E-05,0.000238372
1258.119,0.626466485,4.32E-05,0.000238048
1259.366,0.625616242,4.32E-05,0.000237725
1260.613,0.624767179,4.31E-05,0.000237403
1261.863,0.623919262,4.31E-05,0.00023708
1263.113,0.623072638,4.30E-05,0.000236759
1264.365,0.622227211,4.30E-05,0.000236437
1265.618,0.621382912,4.29E-05,0.000236117
1266.872,0.620539798,4.28E-05,0.000235796
1268.127,0.619697994,4.28E-05,0.000235476
1269.384,0.618857295,4.27E-05,0.000235157
1270.642,0.618017818,4.27E-05,0.000234838
1271.901,0.617179487,4.26E-05,0.000234519
1273.161,0.616342403,4.25E-05,0.000234201
1274.423,0.615506456,4.25E-05,0.000233884
1275.686,0.614671726,4.24E-05,0.000233566
1276.95,0.613838144,4.24E-05,0.00023325
1278.215,0.613005659,4.23E-05,0.000232933
1279.482,0.612174415,4.23E-05,0.000232617
1280.75,0.611344459,4.22E-05,0.000232302
1282.019,0.610515576,4.21E-05,0.000231987
1283.289,0.609687837,4.21E-05,0.000231673
1284.561,0.608861369,4.20E-05,0.000231359
1285.834,0.608035939,4.20E-05,0.000231045
1287.108,0.607211745,4.19E-05,0.000230732
1288.384,0.606388708,4.19E-05,0.000230419
1289.66,0.605566852,4.18E-05,0.000230107
1290.938,0.604746183,4.17E-05,0.000229795
1292.217,0.603926658,4.17E-05,0.000229483
1293.498,0.603079321,4.16E-05,0.000229161
1294.78,0.602164278,4.16E-05,0.000228814
1296.063,0.601250557,4.15E-05,0.000228467
1297.347,0.600338416,4.14E-05,0.00022812
1298.633,0.59942757,4.14E-05,0.000227774
1299.92,0.598518213,4.13E-05,0.000227428
1301.208,0.597610107,4.13E-05,0.000227083
1302.497,0.596703612,4.12E-05,0.000226739
1303.788,0.595798466,4.11E-05,0.000226395
1305.08,0.594894692,4.11E-05,0.000226051
1306.373,0.593992232,4.10E-05,0.000225708
1307.668,0.593091244,4.09E-05,0.000225366
1308.963,0.592191694,4.09E-05,0.000225024
1310.26,0.591293466,4.08E-05,0.000224683
1311.559,0.590396612,4.08E-05,0.000224342
1312.859,0.589501228,4.07E-05,0.000224002
1314.16,0.588607237,4.06E-05,0.000223662
1315.462,0.5877145,4.06E-05,0.000223323
1316.765,0.58682326,4.05E-05,0.000222984
1318.07,0.585933397,4.04E-05,0.000222646
1319.376,0.585044864,4.04E-05,0.000222309
1320.684,0.584157633,4.03E-05,0.000221971
1321.992,0.583271848,4.03E-05,0.000221635
1323.302,0.582387505,4.02E-05,0.000221299
1324.614,0.581504449,4.01E-05,0.000220963
1325.926,0.580622747,4.01E-05,0.000220628
1327.24,0.579742349,4.00E-05,0.000220294
1328.555,0.578863445,4.00E-05,0.00021996
1329.872,0.577985784,3.99E-05,0.000219626
1331.19,0.577109595,3.98E-05,0.000219293
1332.509,0.576234718,3.98E-05,0.000218961
1333.829,0.575361184,3.97E-05,0.000218629
1335.151,0.574489019,3.97E-05,0.000218298
1336.474,0.573618167,3.96E-05,0.000217967
1337.799,0.572748653,3.95E-05,0.000217636
1339.124,0.571880437,3.95E-05,0.000217306
1340.451,0.571013731,3.94E-05,0.000216977
1341.779,0.570148192,3.94E-05,0.000216648
1343.109,0.569284076,3.93E-05,0.00021632
1344.44,0.568421318,3.92E-05,0.000215992
1345.772,0.567559722,3.92E-05,0.000215665
1347.106,0.566699602,3.91E-05,0.000215338
1348.441,0.565840802,3.91E-05,0.000215011
1349.777,0.564983306,3.90E-05,0.000214686
1351.115,0.564127178,3.89E-05,0.00021436
1352.453,0.563272415,3.89E-05,0.000214035
1353.794,0.562418795,3.88E-05,0.000213711
1355.135,0.561566633,3.88E-05,0.000213387
1356.478,0.5607157,3.87E-05,0.000213064
1357.822,0.559866189,3.86E-05,0.000212741
1359.168,0.559017943,3.86E-05,0.000212419
1360.515,0.558170931,3.85E-05,0.000212097
1361.863,0.557325289,3.85E-05,0.000211776
1363.212,0.556480955,3.84E-05,0.000211455
1364.563,0.555637887,3.84E-05,0.000211134
1365.915,0.554796193,3.83E-05,0.000210815
1367.269,0.553955779,3.82E-05,0.000210495
1368.624,0.553116615,3.82E-05,0.000210176
1369.98,0.552278717,3.81E-05,0.000209858
1371.338,0.551442158,3.81E-05,0.00020954
1372.696,0.550606936,3.80E-05,0.000209223
1374.057,0.54977301,3.80E-05,0.000208906
1375.418,0.548940283,3.79E-05,0.000208589
1376.781,0.548108861,3.78E-05,0.000208273
1378.146,0.5472787,3.78E-05,0.000207958
1379.511,0.546449902,3.77E-05,0.000207643
1380.878,0.545622281,3.77E-05,0.000207329
1382.247,0.544796077,3.76E-05,0.000207015
1383.616,0.543971077,3.76E-05,0.000206701
1384.987,0.543147322,3.75E-05,0.000206388
1386.36,0.54232479,3.74E-05,0.000206076
1387.734,0.541503652,3.74E-05,0.000205764
1389.109,0.540683674,3.73E-05,0.000205452
1390.485,0.539865025,3.73E-05,0.000205141
1391.863,0.53904763,3.72E-05,0.00020483
1393.242,0.538231415,3.72E-05,0.00020452
1394.623,0.537416487,3.71E-05,0.000204211
1396.005,0.536602907,3.70E-05,0.000203901
1397.388,0.535790604,3.70E-05,0.000203593
1398.773,0.534979451,3.69E-05,0.000203284
1400.159,0.534169503,3.69E-05,0.000202977
1401.547,0.533360931,3.68E-05,0.000202669
1402.936,0.532553579,3.68E-05,0.000202363
1404.326,0.531747407,3.67E-05,0.000202056
1405.717,0.530942477,3.67E-05,0.00020175
1407.11,0.530138894,3.66E-05,0.000201445
1408.505,0.529336445,3.65E-05,0.00020114
1409.9,0.528535229,3.65E-05,0.000200836
1411.298,0.527686548,3.64E-05,0.000200513
1412.696,0.526777826,3.64E-05,0.000200168
1414.096,0.525870661,3.63E-05,0.000199823
1415.497,0.524965033,3.62E-05,0.000199479
1416.9,0.52406109,3.62E-05,0.000199136
1418.304,0.52315863,3.61E-05,0.000198793
1419.709,0.522257785,3.61E-05,0.00019845
1421.116,0.521358404,3.60E-05,0.000198109
1422.525,0.520460649,3.59E-05,0.000197768
1423.934,0.519564329,3.59E-05,0.000197427
1425.345,0.518669599,3.58E-05,0.000197087
1426.758,0.517776505,3.57E-05,0.000196748
1428.171,0.51688493,3.57E-05,0.000196409
1429.587,0.515994863,3.56E-05,0.000196071
1431.003,0.515106462,3.56E-05,0.000195733
1432.421,0.514219424,3.55E-05,0.000195396
1433.841,0.513333944,3.54E-05,0.00019506
1435.262,0.512450059,3.54E-05,0.000194724
1436.684,0.511567715,3.53E-05,0.000194388
1438.108,0.510686798,3.53E-05,0.000194054
1439.533,0.509807497,3.52E-05,0.00019372
1440.959,0.508929679,3.51E-05,0.000193386
1442.387,0.508053434,3.51E-05,0.000193053
1443.816,0.507178638,3.50E-05,0.000192721
1445.247,0.506305368,3.50E-05,0.000192389
1446.679,0.505433571,3.49E-05,0.000192057
1448.113,0.504563392,3.48E-05,0.000191727
1449.548,0.50369468,3.48E-05,0.000191397
1450.984,0.502827429,3.47E-05,0.000191067
1452.422,0.501961674,3.47E-05,0.000190738
1453.861,0.50109745,3.46E-05,0.00019041
1455.302,0.500234657,3.45E-05,0.000190082
1456.744,0.499373524,3.45E-05,0.000189755
1458.188,0.498513712,3.44E-05,0.000189428
1459.633,0.497655394,3.44E-05,0.000189102
1461.079,0.49679862,3.43E-05,0.000188776
1462.527,0.495943314,3.42E-05,0.000188451
1463.976,0.495089474,3.42E-05,0.000188127
1465.427,0.494237113,3.41E-05,0.000187803
1466.879,0.493386284,3.41E-05,0.00018748
1468.333,0.492536801,3.40E-05,0.000187157
1469.788,0.491688897,3.39E-05,0.000186835
1471.244,0.490842415,3.39E-05,0.000186513
1472.702,0.489997394,3.38E-05,0.000186192
1474.161,0.489153861,3.38E-05,0.000185871
1475.622,0.488311705,3.37E-05,0.000185551
1477.084,0.487471089,3.37E-05,0.000185232
1478.548,0.486631845,3.36E-05,0.000184913
1480.013,0.485794073,3.35E-05,0.000184595
1481.48,0.484957869,3.35E-05,0.000184277
1482.948,0.484122987,3.34E-05,0.00018396
1484.417,0.483289607,3.34E-05,0.000183643
1485.888,0.482457637,3.33E-05,0.000183327
1487.361,0.481627117,3.32E-05,0.000183011
1488.835,0.480797958,3.32E-05,0.000182696
1490.31,0.479970344,3.31E-05,0.000182382
1491.787,0.47914407,3.31E-05,0.000182068
1493.265,0.478316939,3.30E-05,0.000181754
1494.745,0.477493547,3.30E-05,0.000181441
1496.226,0.476671564,3.29E-05,0.000181128
1497.709,0.47585105,3.28E-05,0.000180817
1499.193,0.475031947,3.28E-05,0.000180505
1500.678,0.474214419,3.27E-05,0.000180195
1502.166,0.473398315,3.27E-05,0.000179885
1503.654,0.47258363,3.26E-05,0.000179575
1505.144,0.471770344,3.26E-05,0.000179266
1506.636,0.470958482,3.25E-05,0.000178957
1508.129,0.470148021,3.25E-05,0.000178649
1509.623,0.469338918,3.24E-05,0.000178342
1511.119,0.468531307,3.23E-05,0.000178035
1512.616,0.46772496,3.23E-05,0.000177729
1514.115,0.466920145,3.22E-05,0.000177423
1515.616,0.466116615,3.22E-05,0.000177118
1517.118,0.465314492,3.21E-05,0.000176813
1518.621,0.464513743,3.21E-05,0.000176509
1520.126,0.463714441,3.20E-05,0.000176205
1521.632,0.462916472,3.20E-05,0.000175902
1523.14,0.462119872,3.19E-05,0.000175599
1524.649,0.461324716,3.18E-05,0.000175297
1526.16,0.460530883,3.18E-05,0.000174995
1527.673,0.459738363,3.17E-05,0.000174694
1529.186,0.458947217,3.17E-05,0.000174393
1530.702,0.458157566,3.16E-05,0.000174093
1532.219,0.457369131,3.16E-05,0.000173794
1533.737,0.456582219,3.15E-05,0.000173495
1535.257,0.455796496,3.15E-05,0.000173196
1536.778,0.455012193,3.14E-05,0.000172898
1538.301,0.454229363,3.14E-05,0.000172601
1539.825,0.453371204,3.13E-05,0.000172275
1541.351,0.452472946,3.12E-05,0.000171933
1542.879,0.451576373,3.12E-05,0.000171593
1544.407,0.450681505,3.11E-05,0.000171252
1545.938,0.449788461,3.10E-05,0.000170913
1547.47,0.448897159,3.10E-05,0.000170574
1549.003,0.448007586,3.09E-05,0.000170236
1550.538,0.447119645,3.09E-05,0.000169899
1552.075,0.446233496,3.08E-05,0.000169562
1553.613,0.445349092,3.07E-05,0.000169226
1555.152,0.444466386,3.07E-05,0.000168891
1556.693,0.443585403,3.06E-05,0.000168556
1558.236,0.442706167,3.06E-05,0.000168222
1559.78,0.441828553,3.05E-05,0.000167888
1561.326,0.440952722,3.04E-05,0.000167556
1562.873,0.440078513,3.04E-05,0.000167223
1564.422,0.439206096,3.03E-05,0.000166892
1565.972,0.438335365,3.03E-05,0.000166561
1567.524,0.437466306,3.02E-05,0.000166231
1569.077,0.43659894,3.01E-05,0.000165901
1570.632,0.435733233,3.01E-05,0.000165572
1572.188,0.434869327,3.00E-05,0.000165244
1573.746,0.434007033,3.00E-05,0.000164916
1575.306,0.433146378,2.99E-05,0.000164589
1576.867,0.432287463,2.98E-05,0.000164263
1578.429,0.43143022,2.98E-05,0.000163937
1579.993,0.430574639,2.97E-05,0.000163612
1581.559,0.429720634,2.97E-05,0.000163288
1583.126,0.428868398,2.96E-05,0.000162964
1584.695,0.428017803,2.95E-05,0.000162641
1586.265,0.427168825,2.95E-05,0.000162318
1587.837,0.426321573,2.94E-05,0.000161996
1589.411,0.425475874,2.94E-05,0.000161675
1590.986,0.424631915,2.93E-05,0.000161354
1592.562,0.423789578,2.93E-05,0.000161034
1594.14,0.422948839,2.92E-05,0.000160714
1595.72,0.422109812,2.91E-05,0.000160396
1597.301,0.421272298,2.91E-05,0.000160077
1598.884,0.420436583,2.90E-05,0.00015976
1600.469,0.419602377,2.90E-05,0.000159443
1602.055,0.418769861,2.89E-05,0.000159127
1603.642,0.417938934,2.89E-05,0.000158811
1605.231,0.417109644,2.88E-05,0.000158496
1606.822,0.416281987,2.87E-05,0.000158181
1608.414,0.415455902,2.87E-05,0.000157867
1610.008,0.414631455,2.86E-05,0.000157554
1611.603,0.413808652,2.86E-05,0.000157241
1613.2,0.412987395,2.85E-05,0.000156929
1614.799,0.412167796,2.85E-05,0.000156618
1616.399,0.41134974,2.84E-05,0.000156307
1618.001,0.410533342,2.83E-05,0.000155997
1619.604,0.409718509,2.83E-05,0.000155687
1621.209,0.408905262,2.82E-05,0.000155378
1622.816,0.408093613,2.82E-05,0.00015507
1624.424,0.407283532,2.81E-05,0.000154762
1626.033,0.406475063,2.81E-05,0.000154455
1627.645,0.405668151,2.80E-05,0.000154148
1629.258,0.404862811,2.79E-05,0.000153842
1630.872,0.404059069,2.79E-05,0.000153537
1632.488,0.403256891,2.78E-05,0.000153232
1634.106,0.402456259,2.78E-05,0.000152928
1635.725,0.401657236,2.77E-05,0.000152624
1637.346,0.400859735,2.77E-05,0.000152321
1638.969,0.40006381,2.76E-05,0.000152018
1640.593,0.399269416,2.76E-05,0.000151717
1642.218,0.398476597,2.75E-05,0.000151415
1643.846,0.397685332,2.75E-05,0.000151115
1645.475,0.396895604,2.74E-05,0.000150815
1647.105,0.39610743,2.73E-05,0.000150515
1648.738,0.395320788,2.73E-05,0.000150216
1650.371,0.394535693,2.72E-05,0.000149918
1652.007,0.393752141,2.72E-05,0.00014962
1653.644,0.392970102,2.71E-05,0.000149323
1655.282,0.392189604,2.71E-05,0.000149026
1656.923,0.391410637,2.70E-05,0.00014873
1658.565,0.390633182,2.70E-05,0.000148435
1660.208,0.389857262,2.69E-05,0.00014814
1661.853,0.389082848,2.69E-05,0.000147846
1663.5,0.388309959,2.68E-05,0.000147552
1665.149,0.387538582,2.68E-05,0.000147259
1666.799,0.386768718,2.67E-05,0.000146967
1668.45,0.386000344,2.66E-05,0.000146675
1670.104,0.385233498,2.66E-05,0.000146383
1671.759,0.384468136,2.65E-05,0.000146092
1673.415,0.383704283,2.65E-05,0.000145802
1675.073,0.382941933,2.64E-05,0.000145512
1676.733,0.382181061,2.64E-05,0.000145223
1678.395,0.381421692,2.63E-05,0.000144935
1680.058,0.380778885,2.63E-05,0.00014469
1681.723,0.380157056,2.62E-05,0.000144454
1683.389,0.379536228,2.62E-05,0.000144218
1685.058,0.378916424,2.62E-05,0.000143983
1686.727,0.378297642,2.61E-05,0.000143748
1688.399,0.377679876,2.61E-05,0.000143513
1690.072,0.377063115,2.60E-05,0.000143279
1691.747,0.37644738,2.60E-05,0.000143045
1693.423,0.375832641,2.59E-05,0.000142811
1695.101,0.375218917,2.59E-05,0.000142578
1696.781,0.374606194,2.59E-05,0.000142345
1698.462,0.373994486,2.58E-05,0.000142113
1700.145,0.373383779,2.58E-05,0.00014188
1701.83,0.372774076,2.57E-05,0.000141649
1703.516,0.37216536,2.57E-05,0.000141417
1705.205,0.371557657,2.56E-05,0.000141187
1706.894,0.370950951,2.56E-05,0.000140956
1708.586,0.370345242,2.56E-05,0.000140726
1710.279,0.36974051,2.55E-05,0.000140496
1711.974,0.36913678,2.55E-05,0.000140267
1713.67,0.368534033,2.54E-05,0.000140038
1715.368,0.36793229,2.54E-05,0.000139809
1717.068,0.36733152,2.54E-05,0.000139581
1718.77,0.36673174,2.53E-05,0.000139353
1720.473,0.366132949,2.53E-05,0.000139125
1722.178,0.365535137,2.52E-05,0.000138898
1723.884,0.3649383,2.52E-05,0.000138671
1725.592,0.364342433,2.52E-05,0.000138445
1727.302,0.363747563,2.51E-05,0.000138219
1729.014,0.363153655,2.51E-05,0.000137993
1730.727,0.362560719,2.50E-05,0.000137768
1732.442,0.361968769,2.50E-05,0.000137543
1734.159,0.361377786,2.49E-05,0.000137318
1735.878,0.360787754,2.49E-05,0.000137094
1737.598,0.360198713,2.49E-05,0.00013687
1739.32,0.35961062,2.48E-05,0.000136647
1741.043,0.3590235,2.48E-05,0.000136424
1742.768,0.358437341,2.47E-05,0.000136201
1744.495,0.357852142,2.47E-05,0.000135979
1746.224,0.357267895,2.47E-05,0.000135757
1747.955,0.356684613,2.46E-05,0.000135535
1749.687,0.356102287,2.46E-05,0.000135314
1751.421,0.355520915,2.45E-05,0.000135093
1753.156,0.354940499,2.45E-05,0.000134872
1754.893,0.354361023,2.45E-05,0.000134652
1756.632,0.353782498,2.44E-05,0.000134432
1758.373,0.353204939,2.44E-05,0.000134213
1760.115,0.352628299,2.43E-05,0.000133994
1761.86,0.352052635,2.43E-05,0.000133775
1763.606,0.351477906,2.43E-05,0.000133557
1765.353,0.35090408,2.42E-05,0.000133338
1767.103,0.350331232,2.42E-05,0.000133121
1768.854,0.349759307,2.41E-05,0.000132904
1770.606,0.349188341,2.41E-05,0.000132687
1772.361,0.348618286,2.41E-05,0.00013247
1774.117,0.348049184,2.40E-05,0.000132254
1775.875,0.347480993,2.40E-05,0.000132038
1777.635,0.346913746,2.39E-05,0.000131822
1779.397,0.346347439,2.39E-05,0.000131607
1781.16,0.345782032,2.39E-05,0.000131392
1782.925,0.34521757,2.38E-05,0.000131178
1784.692,0.344654017,2.38E-05,0.000130964
1786.46,0.34409141,2.38E-05,0.00013075
1788.23,0.343529702,2.37E-05,0.000130536
1790.003,0.342968926,2.37E-05,0.000130323
1791.776,0.342409069,2.36E-05,0.000130111
1793.552,0.341850117,2.36E-05,0.000129898
1795.329,0.341292092,2.36E-05,0.000129686
1797.108,0.340734985,2.35E-05,0.000129474
1798.889,0.340178783,2.35E-05,0.000129263
1800.672,0.339623477,2.34E-05,0.000129052
1802.456,0.339069089,2.34E-05,0.000128841
1804.242,0.338515611,2.34E-05,0.000128631
1806.03,0.337963055,2.33E-05,0.000128421
1807.82,0.33741138,2.33E-05,0.000128211
1809.611,0.336860621,2.33E-05,0.000128002
1811.404,0.336310759,2.32E-05,0.000127793
1813.199,0.335761788,2.32E-05,0.000127585
1814.996,0.335213729,2.31E-05,0.000127376
1816.795,0.334666572,2.31E-05,0.000127168
1818.595,0.334120303,2.31E-05,0.000126961
1820.397,0.333574915,2.30E-05,0.000126754
1822.201,0.333030435,2.30E-05,0.000126547
1824.007,0.332486845,2.30E-05,0.00012634
1825.814,0.33194414,2.29E-05,0.000126134
1827.623,0.331402317,2.29E-05,0.000125928
1829.434,0.33086139,2.28E-05,0.000125723
1831.247,0.330332397,2.28E-05,0.000125522
1833.062,0.329939049,2.28E-05,0.000125372
1834.878,0.329546207,2.27E-05,0.000125223
1836.697,0.329153896,2.27E-05,0.000125074
1838.517,0.328762087,2.27E-05,0.000124925
1840.339,0.328370812,2.27E-05,0.000124776
1842.162,0.327980039,2.26E-05,0.000124628
1843.988,0.327589798,2.26E-05,0.000124479
1845.815,0.327200074,2.26E-05,0.000124331
1847.644,0.326810847,2.26E-05,0.000124183
1849.475,0.326422158,2.25E-05,0.000124036
1851.308,0.326033965,2.25E-05,0.000123888
1853.142,0.325646273,2.25E-05,0.000123741
1854.979,0.325259114,2.25E-05,0.000123594
1856.817,0.324872454,2.24E-05,0.000123447
1858.657,0.324486327,2.24E-05,0.0001233
1860.499,0.324100686,2.24E-05,0.000123154
1862.342,0.32371557,2.23E-05,0.000123007
1864.188,0.323330942,2.23E-05,0.000122861
1866.035,0.322946827,2.23E-05,0.000122715
1867.884,0.322563225,2.23E-05,0.000122569
1869.735,0.322180129,2.22E-05,0.000122424
1871.588,0.321797527,2.22E-05,0.000122278
1873.442,0.321415443,2.22E-05,0.000122133
1875.299,0.321033849,2.22E-05,0.000121988
1877.157,0.320652767,2.21E-05,0.000121843
1879.017,0.32027218,2.21E-05,0.000121699
1880.879,0.319892096,2.21E-05,0.000121554
1882.743,0.319512511,2.21E-05,0.00012141
1884.609,0.319133418,2.20E-05,0.000121266
1886.476,0.318754838,2.20E-05,0.000121122
1888.346,0.31837675,2.20E-05,0.000120979
1890.217,0.317999153,2.20E-05,0.000120835
1892.09,0.317622059,2.19E-05,0.000120692
1893.965,0.317245457,2.19E-05,0.000120549
1895.842,0.316869293,2.19E-05,0.000120406
1897.721,0.316493678,2.18E-05,0.000120263
1899.601,0.316118551,2.18E-05,0.00012012
1901.483,0.315743932,2.18E-05,0.000119978
1903.368,0.315369791,2.18E-05,0.000119836
1905.254,0.314996157,2.17E-05,0.000119694
1907.142,0.314623006,2.17E-05,0.000119552
1909.032,0.314250339,2.17E-05,0.000119411
1910.923,0.31387816,2.17E-05,0.000119269
1912.817,0.313506464,2.16E-05,0.000119128
1914.712,0.31313527,2.16E-05,0.000118987
1916.61,0.312764566,2.16E-05,0.000118846
1918.509,0.312394331,2.16E-05,0.000118705
1920.41,0.312024575,2.15E-05,0.000118565
1922.313,0.311655323,2.15E-05,0.000118425
1924.218,0.311286546,2.15E-05,0.000118284
1926.125,0.310918259,2.15E-05,0.000118144
1928.034,0.310550451,2.14E-05,0.000118005
1929.944,0.310183112,2.14E-05,0.000117865
1931.857,0.30981626,2.14E-05,0.000117726
1933.771,0.3094499,2.14E-05,0.000117587
1935.687,0.309084009,2.13E-05,0.000117447
1937.605,0.308718593,2.13E-05,0.000117309
1939.525,0.308353655,2.13E-05,0.00011717
1941.447,0.307989199,2.13E-05,0.000117031
1943.371,0.307625205,2.12E-05,0.000116893
1945.297,0.307261703,2.12E-05,0.000116755
1947.225,0.306898677,2.12E-05,0.000116617
1949.154,0.306536101,2.12E-05,0.000116479
1951.086,0.306174031,2.11E-05,0.000116342
1953.019,0.305812403,2.11E-05,0.000116204
1954.954,0.305451277,2.11E-05,0.000116067
1956.892,0.305090602,2.11E-05,0.00011593
1958.831,0.304730397,2.10E-05,0.000115793
1960.772,0.304370684,2.10E-05,0.000115656
1962.715,0.304011403,2.10E-05,0.00011552
1964.66,0.3036526,2.10E-05,0.000115384
1966.607,0.30329429,2.09E-05,0.000115247
1968.555,0.302936436,2.09E-05,0.000115111
1970.506,0.302579035,2.09E-05,0.000114976
1972.459,0.302222098,2.09E-05,0.00011484
1974.413,0.301865631,2.08E-05,0.000114705
1976.37,0.301509643,2.08E-05,0.000114569
1978.328,0.301154116,2.08E-05,0.000114434
1980.289,0.300799027,2.08E-05,0.000114299
1982.251,0.300444419,2.07E-05,0.000114165
1984.215,0.300090279,2.07E-05,0.00011403
1986.182,0.299736588,2.07E-05,0.000113896
1988.15,0.299383348,2.07E-05,0.000113761
1990.12,0.299030584,2.06E-05,0.000113627
1992.092,0.298678267,2.06E-05,0.000113493
1994.066,0.298326415,2.06E-05,0.00011336
1996.042,0.297975009,2.06E-05,0.000113226
1998.02,0.29762407,2.05E-05,0.000113093
2000,0.297273589,2.05E-05,0.00011296